chapter,title_en,arc,page_length,publication_date_jp,wsj_issue_cumulative,wsj_issue_year,wsj_issue_no,is_combined_issue,prev_chapter_pub_date,interval_days,interval_issues,issues_skipped_before,modeling_era,run_id,batch_id,position_in_batch,is_batch_start,batch_size,issues_gap_before_batch,prev_batch_start_date,interval_from_prev_batch_days,na_issue_cumulative,na_issue_no,na_release_date,volume_release_date,release_date_raw,date_provenance,publication_date_jp_raw_value,correction_note,source_url,source_type,source_revid,source_rev_timestamp
1,The Day of Departure,Hunter Exam arc,32,1998-03-02,1487,1998,14,0,,,,,0,1,1,1,1,10,,,,,,,1998-06-04,"March 2<sup>nd</sup>, 1998 (''Weekly Shōnen Jump #1487, No. 14'') <br /> June 4<sup>th</sup>, 1998 (''tankōbon'' format)",hunterpedia,,,https://hunterxhunter.fandom.com/wiki/Chapter_1,community_wiki_secondary,416129,2025-08-31T20:17:59Z
2,An Encounter in the Storm,Hunter Exam arc,23,1998-03-09,1488,1998,15,0,1998-03-02,7,1,0,0,1,1,2,0,10,,,,,,,1998-06-04,"March 9<sup>th</sup>, 1998 (''Weekly Shōnen Jump #1488, No.15'') <br /> June 4<sup>th</sup>, 1998 (''tankōbon'' format)",hunterpedia,,,https://hunterxhunter.fandom.com/wiki/Chapter_2,community_wiki_secondary,424750,2026-08-22T08:11:00Z
3,The Ultimate Choice,Hunter Exam arc,19,1998-03-16,1489,1998,16,0,1998-03-09,7,1,0,0,1,1,3,0,10,,,,,,,1998-06-04,"March 16<sup>th</sup>, 1998 (''Weekly Shōnen Jump #1489, No. 16'') <br /> June 4<sup>th</sup>, 1998 (''tankōbon'' format)",hunterpedia,,,https://hunterxhunter.fandom.com/wiki/Chapter_3,community_wiki_secondary,416131,2025-08-31T20:18:22Z
4,Kiriko: Wicked Magical Vulpes,Hunter Exam arc,21,1998-03-23,1490,1998,17,0,1998-03-16,7,1,0,0,1,1,4,0,10,,,,,,,1998-06-04,"March 23<sup>rd</sup>, 1998 (''Weekly Shōnen Jump #1490, No.17'') <br /> June 4<sup>th</sup>, 1998 (''tankōbon'' format)",hunterpedia,,,https://hunterxhunter.fandom.com/wiki/Chapter_4,community_wiki_secondary,424656,2026-08-18T12:48:44Z
5,The First Phase Begins: Part 1,Hunter Exam arc,19,1998-03-30,1491,1998,18,0,1998-03-23,7,1,0,0,1,1,5,0,10,,,,,,,1998-06-04,"March 30<sup>th</sup>, 1998 (''Weekly Shōnen Jump #1491, No. 18'') <br /> June 4<sup>th</sup>, 1998 (''tankōbon'' format)",hunterpedia,,,https://hunterxhunter.fandom.com/wiki/Chapter_5,community_wiki_secondary,416132,2025-08-31T20:18:31Z
6,The First Phase Begins: Part 2,Hunter Exam arc,19,1998-04-06,1492,1998,19,0,1998-03-30,7,1,0,0,1,1,6,0,10,,,,,,,1998-06-04,"April 6<sup>th</sup>, 1998 (''Weekly Shōnen Jump #1492, No.19'') <br /> June 4<sup>th</sup>, 1998 (''tankōbon'' format)",hunterpedia,,,https://hunterxhunter.fandom.com/wiki/Chapter_6,community_wiki_secondary,328266,2022-11-25T21:56:02Z
7,Respective Reasons,Hunter Exam arc,19,1998-04-13,1493,1998,20,0,1998-04-06,7,1,0,0,1,1,7,0,10,,,,,,,1998-06-04,"April 13<sup>th</sup>, 1998 (''Weekly Shōnen Jump #1493, No.20'') <br /> June 4<sup>th</sup>, 1998 (''tankōbon'' format)",hunterpedia,,,https://hunterxhunter.fandom.com/wiki/Chapter_7,community_wiki_secondary,416133,2025-08-31T20:18:41Z
8,The Other Enemy,Hunter Exam arc,19,1998-04-20,1494,1998,21,0,1998-04-13,7,1,0,0,1,1,8,0,10,,,,,,,1998-06-04,"April 20<sup>th</sup>, 1998 (''Weekly Shōnen Jump #1494, No.21'')<br />June 4<sup>th</sup>, 1998 (''tankōbon'' format)",hunterpedia,,,https://hunterxhunter.fandom.com/wiki/Chapter_8,community_wiki_secondary,331410,2022-12-15T07:09:23Z
9,A Struggle in the Mist,Hunter Exam arc,18,1998-04-27,1495,1998,22-23,1,1998-04-20,7,1,0,0,1,1,9,0,10,,,,,,,1998-09-02,"April 27<sup>th</sup>, 1998 (''Weekly Shōnen Jump #1495, No.22-23'') <br /> September 2<sup>nd</sup>, 1998 (''tankōbon'' format)",hunterpedia,,,https://hunterxhunter.fandom.com/wiki/Chapter_9,community_wiki_secondary,416134,2025-08-31T20:18:51Z
10,An Unexpected Task,Hunter Exam arc,19,1998-05-11,1496,1998,24,0,1998-04-27,14,1,0,0,1,1,10,0,10,,,,,,,1998-09-02,"May 11<sup>th</sup>, 1998 (''Weekly Shōnen Jump #1496, No.24'')<br />September 2<sup>nd</sup>, 1998 (''tankōbon'' format)",hunterpedia,,,https://hunterxhunter.fandom.com/wiki/Chapter_10,community_wiki_secondary,406644,2024-11-01T22:20:21Z
11,The Inevitable Outcome,Hunter Exam arc,19,1998-05-18,1497,1998,25,0,1998-05-11,7,1,0,0,1,2,1,1,10,0,1998-03-02,77,,,,1998-09-02,"May 18<sup>th</sup>, 1998 (''Weekly Shōnen Jump #1497, No. 25'')<br />September 2<sup>nd</sup>, 1998 (''tankōbon'' format)",hunterpedia,,,https://hunterxhunter.fandom.com/wiki/Chapter_11,community_wiki_secondary,322492,2022-11-04T05:05:30Z
12,The Chairman Arrives,Hunter Exam arc,19,1998-05-25,1498,1998,26,0,1998-05-18,7,1,0,0,1,2,2,0,10,,1998-03-02,77,,,,1998-09-02,"May 25<sup>th</sup>, 1998 (''Weekly Shōnen Jump #1498, No. 26'') <br /> September 2<sup>nd</sup>, 1998 (''tankōbon'' format)",hunterpedia,,,https://hunterxhunter.fandom.com/wiki/Chapter_12,community_wiki_secondary,415985,2025-08-23T03:10:06Z
13,A Game at Midnight: Part 1,Hunter Exam arc,19,1998-06-08,1500,1998,28,0,1998-05-25,14,2,1,0,1,2,3,0,10,,1998-03-02,77,,,,1998-09-02,"June 8<sup>th</sup>, 1998 (''Weekly Shōnen Jump #1500, No. 28'') <br /> September 2<sup>nd</sup>, 1998 (''tankōbon'' format)",hunterpedia,,,https://hunterxhunter.fandom.com/wiki/Chapter_13,community_wiki_secondary,416135,2025-08-31T20:19:02Z
14,A Game at Midnight: Part 2,Hunter Exam arc,19,1998-06-15,1501,1998,29,0,1998-06-08,7,1,0,0,1,2,4,0,10,,1998-03-02,77,,,,1998-09-02,"June 15<sup>th</sup>, 1998 (''Weekly Shōnen Jump #1501, No. 29'') <br /> September 2<sup>nd</sup>, 1998 (''tankōbon'' format)",hunterpedia,,,https://hunterxhunter.fandom.com/wiki/Chapter_14,community_wiki_secondary,415987,2025-08-23T03:10:15Z
15,The Path of Majority Rules,Hunter Exam arc,19,1998-06-22,1502,1998,30,0,1998-06-15,7,1,0,0,1,2,5,0,10,,1998-03-02,77,,,,1998-09-02,"June 22<sup>nd</sup>, 1998 (''Weekly Shōnen Jump #1502, No. 30'') <br /> September 2<sup>nd</sup>, 1998 (''tankōbon'' format)",hunterpedia,,,https://hunterxhunter.fandom.com/wiki/Chapter_15,community_wiki_secondary,415988,2025-08-23T03:10:19Z
16,Enter the Taskmasters,Hunter Exam arc,19,1998-06-29,1503,1998,31,0,1998-06-22,7,1,0,0,1,2,6,0,10,,1998-03-02,77,,,,1998-09-02,"June 29<sup>th</sup>, 1998 (''Weekly Shōnen Jump #1503, No. 31'') <br /> September 2<sup>nd</sup>, 1998 (''tankōbon'' format)",hunterpedia,,,https://hunterxhunter.fandom.com/wiki/Chapter_16,community_wiki_secondary,416136,2025-08-31T20:19:12Z
17,Disparate Choice,Hunter Exam arc,19,1998-07-06,1504,1998,32,0,1998-06-29,7,1,0,0,1,2,7,0,10,,1998-03-02,77,,,,1998-09-02,"July 6<sup>th</sup>, 1998 (''Weekly Shōnen Jump #1504, No. 32'') <br /> September 2<sup>nd</sup>, 1998 (''tankōbon'' format)",hunterpedia,,,https://hunterxhunter.fandom.com/wiki/Chapter_17,community_wiki_secondary,416137,2025-08-31T20:19:22Z
18,The Two Aces in the Hole,Hunter Exam arc,19,1998-07-13,1505,1998,33,0,1998-07-06,7,1,0,0,1,2,8,0,10,,1998-03-02,77,,,,1998-11-04,"July 13<sup>th</sup>, 1998 (''Weekly Shōnen Jump #1505, No. 33'') <br /> November 4<sup>th</sup>, 1998 (''tankōbon'' format)",hunterpedia,,,https://hunterxhunter.fandom.com/wiki/Chapter_18,community_wiki_secondary,416138,2025-08-31T20:19:30Z
19,The Trap of Majority Rules,Hunter Exam arc,19,1998-07-18,1506,1998,34,0,1998-07-13,5,1,0,0,1,2,9,0,10,,1998-03-02,77,,,,1998-11-04,"July 18<sup>th</sup>, 1998 (''Weekly Shōnen Jump #1506, No. 34'') <br /> November 4<sup>th</sup>, 1998 (''tankōbon'' format)",hunterpedia,,,https://hunterxhunter.fandom.com/wiki/Chapter_19,community_wiki_secondary,416139,2025-08-31T20:19:39Z
20,Gambling Time,Hunter Exam arc,19,1998-07-27,1507,1998,35,0,1998-07-18,9,1,0,0,1,2,10,0,10,,1998-03-02,77,,,,1998-11-04,"July 27<sup>th</sup>, 1998 (''Weekly Shōnen Jump #1507, No. 35'') <br /> November 4<sup>th</sup>, 1998 (''tankōbon'' format)",hunterpedia,,,https://hunterxhunter.fandom.com/wiki/Chapter_20,community_wiki_secondary,416140,2025-08-31T20:19:48Z
21,Resolution,Hunter Exam arc,19,1998-08-03,1508,1998,36,0,1998-07-27,7,1,0,0,1,3,1,1,10,0,1998-05-18,77,,,,1998-11-04,"August 3<sup>rd</sup>, 1998 (''Weekly Shōnen Jump #1508, No. 36'') <br /> November 4<sup>th</sup>, 1998 (''tankōbon'' format)",hunterpedia,,,https://hunterxhunter.fandom.com/wiki/Chapter_21,community_wiki_secondary,416141,2025-08-31T20:19:56Z
22,The Last Question,Hunter Exam arc,19,1998-08-10,1509,1998,37-38,1,1998-08-03,7,1,0,0,1,3,2,0,10,,1998-05-18,77,,,,1998-11-04,"August 10<sup>th</sup>, 1998 (''Weekly Shōnen Jump #1509, No. 37-38'') <br /> November 4<sup>th</sup>, 1998 (''tankōbon'' format)",hunterpedia,,,https://hunterxhunter.fandom.com/wiki/Chapter_22,community_wiki_secondary,406653,2024-11-01T22:25:30Z
23,Two Enemies,Hunter Exam arc,19,1998-08-24,1510,1998,39,0,1998-08-10,14,1,0,0,1,3,3,0,10,,1998-05-18,77,,,,1998-11-04,"August 24<sup>th</sup>, 1998 (''Weekly Shōnen Jump #1510, No. 39'') <br /> November 4<sup>th</sup>, 1998 (''tankōbon'' format)",hunterpedia,,,https://hunterxhunter.fandom.com/wiki/Chapter_23,community_wiki_secondary,417897,2025-11-30T01:18:35Z
24,Crash Course,Hunter Exam arc,19,1998-08-31,1511,1998,40,0,1998-08-24,7,1,0,0,1,3,4,0,10,,1998-05-18,77,,,,1998-11-04,"August 31<sup>st</sup>, 1998 (''Weekly Shōnen Jump #1511, No. 40'') <br /> November 4<sup>th</sup>, 1998 (''tankōbon'' format)",hunterpedia,,,https://hunterxhunter.fandom.com/wiki/Chapter_24,community_wiki_secondary,416142,2025-08-31T20:20:05Z
25,The Second Day,Hunter Exam arc,19,1998-09-14,1513,1998,42,0,1998-08-31,14,2,1,0,1,3,5,0,10,,1998-05-18,77,,,,1998-11-04,"September 14<sup>th</sup>, 1998 (''Weekly Shōnen Jump #1513, No. 42'') <br /> November 4<sup>th</sup>, 1998 (''tankōbon'' format)",hunterpedia,,,https://hunterxhunter.fandom.com/wiki/Chapter_25,community_wiki_secondary,416143,2025-08-31T20:20:49Z
26,The Night Before the Showdown,Hunter Exam arc,19,1998-09-21,1514,1998,43,0,1998-09-14,7,1,0,0,1,3,6,0,10,,1998-05-18,77,,,,1998-11-04,"September 21<sup>st</sup>, 1998 (''Weekly Shōnen Jump #1514, No. 43'') <br /> November 4<sup>th</sup>, 1998 (''tankōbon'' format)",hunterpedia,,,https://hunterxhunter.fandom.com/wiki/Chapter_26,community_wiki_secondary,419330,2026-04-29T13:30:52Z
27,A Volatile Situation,Hunter Exam arc,19,1998-09-28,1515,1998,44,0,1998-09-21,7,1,0,0,1,3,7,0,10,,1998-05-18,77,,,,1999-02-04,"September 28<sup>th</sup>, 1998 (''Weekly Shōnen Jump #1515, No. 44'') <br /> February 4<sup>th</sup>, 1999 (''tankōbon'' format)",hunterpedia,,,https://hunterxhunter.fandom.com/wiki/Chapter_27,community_wiki_secondary,400695,2024-07-03T22:20:08Z
28,A Huge Favor,Hunter Exam arc,19,1998-10-05,1516,1998,45,0,1998-09-28,7,1,0,0,1,3,8,0,10,,1998-05-18,77,,,,1999-02-04,"October 5<sup>th</sup>, 1998 (''Weekly Shōnen Jump #1516, No. 45'') <br /> February 4<sup>th</sup>, 1999 (''tankōbon'' format)",hunterpedia,,,https://hunterxhunter.fandom.com/wiki/Chapter_28,community_wiki_secondary,416108,2025-08-29T04:25:46Z
29,Killua's Case,Hunter Exam arc,19,1998-10-12,1517,1998,46,0,1998-10-05,7,1,0,0,1,3,9,0,10,,1998-05-18,77,,,,1999-02-04,"October 12<sup>th</sup>, 1998 (''Weekly Shōnen Jump #1517, No. 46'') <br /> February 4<sup>th</sup>, 1999 (''tankōbon'' format)",hunterpedia,,,https://hunterxhunter.fandom.com/wiki/Chapter_29,community_wiki_secondary,322464,2022-11-04T04:34:35Z
30,The Slithering Trap,Hunter Exam arc,19,1998-10-19,1518,1998,47,0,1998-10-12,7,1,0,0,1,3,10,0,10,,1998-05-18,77,,,,1999-02-04,"October 19<sup>th</sup>, 1998 (''Weekly Shōnen Jump #1518, No. 47'') <br /> February 4<sup>th</sup>, 1999 (''tankōbon'' format)",hunterpedia,,,https://hunterxhunter.fandom.com/wiki/Chapter_30,community_wiki_secondary,406662,2024-11-01T22:29:03Z
31,By the Skin of Their Teeth...,Hunter Exam arc,19,1998-10-26,1519,1998,48,0,1998-10-19,7,1,0,0,1,4,1,1,8,0,1998-08-03,84,,,,1999-02-04,"October 26<sup>th</sup>, 1998 (''Weekly Shōnen Jump #1519, No. 48'') <br /> February 4<sup>th</sup>, 1999 (''tankōbon'' format)",hunterpedia,,,https://hunterxhunter.fandom.com/wiki/Chapter_31,community_wiki_secondary,416144,2025-08-31T20:21:02Z
32,And the Final Test...?,Hunter Exam arc,19,1998-11-02,1520,1998,49,0,1998-10-26,7,1,0,0,1,4,2,0,8,,1998-08-03,84,,,,1999-02-04,"November 2<sup>nd</sup>, 1998 (''Weekly Shōnen Jump #1520, No. 49'') <br /> February 4<sup>th</sup>, 1999 (''tankōbon'' format)",hunterpedia,,,https://hunterxhunter.fandom.com/wiki/Chapter_32,community_wiki_secondary,416012,2025-08-23T03:35:00Z
33,The Final Test Begins!,Hunter Exam arc,19,1998-11-09,1521,1998,50,0,1998-11-02,7,1,0,0,1,4,3,0,8,,1998-08-03,84,,,,1999-02-04,"November 9<sup>th</sup>, 1998 (''Weekly Shōnen Jump #1521, No. 50'') <br /> February 4<sup>th</sup>, 1999 (''tankōbon'' format)",hunterpedia,,,https://hunterxhunter.fandom.com/wiki/Chapter_33,community_wiki_secondary,416013,2025-08-23T03:35:07Z
34,The First Candidate Accepted?!,Hunter Exam arc,19,1998-11-21,1523,1998,52,0,1998-11-09,12,2,1,0,1,4,4,0,8,,1998-08-03,84,,,,1999-02-04,"November 21<sup>st</sup>, 1998 (''Weekly Shōnen Jump #1523, No. 52'') <br /> February 4<sup>th</sup>, 1999 (''tankōbon'' format)",hunterpedia,,,https://hunterxhunter.fandom.com/wiki/Chapter_34,community_wiki_secondary,416015,2025-08-23T03:35:21Z
35,Light and Darkness: Part 1,Hunter Exam arc,19,1998-12-19,1526,1999,4-5,1,1998-11-21,28,3,2,0,1,4,5,0,8,,1998-08-03,84,,,,1999-02-04,"December 19<sup>th</sup>, 1998 (''Weekly Shōnen Jump #1526, No. 4-5'') <br /> February 4<sup>th</sup>, 1999 (''tankōbon'' format)",hunterpedia,,,https://hunterxhunter.fandom.com/wiki/Chapter_35,community_wiki_secondary,416145,2025-08-31T20:21:11Z
36,Light and Darkness: Part 2,Hunter Exam arc,19,1999-01-04,1527,1999,6,0,1998-12-19,16,1,0,0,1,4,6,0,8,,1998-08-03,84,,,,1999-04-30,"January 4<sup>th</sup>, 1999 (''Weekly Shōnen Jump #1527, No. 6'') <br /> April 30<sup>th</sup>, 1999 (''tankōbon'' format)",hunterpedia,,,https://hunterxhunter.fandom.com/wiki/Chapter_36,community_wiki_secondary,415997,2025-08-23T03:11:10Z
37,Light and Darkness: Part 3,Hunter Exam arc,19,1999-01-11,1528,1999,7,0,1999-01-04,7,1,0,0,1,4,7,0,8,,1998-08-03,84,,,,1999-04-30,"January 11<sup>th</sup>, 1999 (''Weekly Shōnen Jump #1528, No. 7'') <br /> April 30<sup>th</sup>, 1999 (''tankōbon'' format)",hunterpedia,,,https://hunterxhunter.fandom.com/wiki/Chapter_37,community_wiki_secondary,416146,2025-08-31T20:21:21Z
38,Ging Freecss,Hunter Exam arc,19,1999-01-18,1529,1999,8,0,1999-01-11,7,1,0,0,1,4,8,0,8,,1998-08-03,84,,,,1999-04-30,"January 18<sup>th</sup>, 1999 (''Weekly Shōnen Jump #1529, No. 8'') <br /> April 30<sup>th</sup>, 1999 (''tankōbon'' format)",hunterpedia,,,https://hunterxhunter.fandom.com/wiki/Chapter_38,community_wiki_secondary,416147,2025-08-31T20:21:31Z
39,Intruder,Hunter Exam arc,19,1999-02-15,1533,1999,12,0,1999-01-18,28,4,3,0,2,5,1,1,13,3,1998-10-26,112,,,,1999-04-30,"February 15<sup>th</sup>, 1999 (''Weekly Shōnen Jump #1533, No. 12'') <br /> April 30<sup>th</sup>, 1999 (''tankōbon'' format)",hunterpedia,,,https://hunterxhunter.fandom.com/wiki/Chapter_39,community_wiki_secondary,416148,2025-08-31T20:21:41Z
40,The Zoldycks: Part 1,Hunter Exam arc,19,1999-02-22,1534,1999,13,0,1999-02-15,7,1,0,0,2,5,2,0,13,,1998-10-26,112,,,,1999-04-30,"February 22<sup>nd</sup>, 1999 (''Weekly Shōnen Jump #1534, No. 13'') <br /> April 30<sup>th</sup>, 1999 (''tankōbon'' format)",hunterpedia,,,https://hunterxhunter.fandom.com/wiki/Chapter_40,community_wiki_secondary,404679,2024-09-18T12:45:24Z
41,The Zoldycks: Part 2,Hunter Exam arc,19,1999-03-08,1536,1999,15,0,1999-02-22,14,2,1,0,2,5,3,0,13,,1998-10-26,112,,,,1999-04-30,"March 8<sup>th</sup>, 1999 (''Weekly Shōnen Jump #1536, No. 15'') <br /> April 30<sup>th</sup>, 1999 (''tankōbon'' format)",hunterpedia,,,https://hunterxhunter.fandom.com/wiki/Chapter_41,community_wiki_secondary,404680,2024-09-18T12:45:37Z
42,The Zoldycks: Part 3,Hunter Exam arc,19,1999-03-15,1537,1999,16,0,1999-03-08,7,1,0,0,2,5,4,0,13,,1998-10-26,112,,,,1999-04-30,"March 15<sup>th</sup>, 1999 (''Weekly Shōnen Jump #1537, No. 16'') <br /> April 30<sup>th</sup>, 1999 (''tankōbon'' format)",hunterpedia,,,https://hunterxhunter.fandom.com/wiki/Chapter_42,community_wiki_secondary,416149,2025-08-31T20:21:49Z
43,The Zoldycks: Part 4,Hunter Exam arc,19,1999-03-20,1538,1999,17,0,1999-03-15,5,1,0,0,2,5,5,0,13,,1998-10-26,112,,,,1999-04-30,"March 20<sup>th</sup>, 1999 (''Weekly Shōnen Jump #1538, No. 17'') <br /> April 30<sup>th</sup>, 1999 (''tankōbon'' format)",hunterpedia,,,https://hunterxhunter.fandom.com/wiki/Chapter_43,community_wiki_secondary,404682,2024-09-18T12:46:02Z
44,The Heavens Arena,Heavens Arena arc,19,1999-03-29,1539,1999,18,0,1999-03-20,9,1,0,0,2,5,6,0,13,,1998-10-26,112,,,,1999-04-30,"March 29<sup>th</sup>, 1999 (''Weekly Shōnen Jump #1539, No. 18'') <br /> April 30<sup>th</sup>, 1999 (''tankōbon'' format)",hunterpedia,,,https://hunterxhunter.fandom.com/wiki/Chapter_44,community_wiki_secondary,416150,2025-08-31T20:21:58Z
45,Ren,Heavens Arena arc,19,1999-04-05,1540,1999,19,0,1999-03-29,7,1,0,0,2,5,7,0,13,,1998-10-26,112,,,,1999-10-04,"April 5<sup>th</sup>, 1999 (''Weekly Shōnen Jump #1540, No. 19'') <br /> October 4<sup>th</sup>, 1999 (''tankōbon'' format)",hunterpedia,,,https://hunterxhunter.fandom.com/wiki/Chapter_45,community_wiki_secondary,417923,2025-12-01T01:26:46Z
46,Nen,Heavens Arena arc,19,1999-04-12,1541,1999,20,0,1999-04-05,7,1,0,0,2,5,8,0,13,,1998-10-26,112,,,,1999-10-04,"April 12<sup>th</sup>, 1999 (''Weekly Shōnen Jump #1541, No. 20'') <br /> October 4<sup>th</sup>, 1999 (''tankōbon'' format)",hunterpedia,,,https://hunterxhunter.fandom.com/wiki/Chapter_46,community_wiki_secondary,417996,2025-12-04T17:28:09Z
47,The Invisible Wall,Heavens Arena arc,19,1999-04-19,1542,1999,21,0,1999-04-12,7,1,0,0,2,5,9,0,13,,1998-10-26,112,,,,1999-10-04,"April 19<sup>th</sup>, 1999 (''Weekly Shōnen Jump #1542, No. 21'') <br /> October 4<sup>th</sup>, 1999 (''tankōbon'' format)",hunterpedia,,,https://hunterxhunter.fandom.com/wiki/Chapter_47,community_wiki_secondary,328259,2022-11-25T21:55:25Z
48,Hisoka's Terms,Heavens Arena arc,19,1999-04-26,1543,1999,22-23,1,1999-04-19,7,1,0,0,2,5,10,0,13,,1998-10-26,112,,,,1999-10-04,"April 26<sup>th</sup>, 1999 (''Weekly Shōnen Jump #1543, No. 22-23'') <br /> October 4<sup>th</sup>, 1999 (''tankōbon'' format)",hunterpedia,,,https://hunterxhunter.fandom.com/wiki/Chapter_48,community_wiki_secondary,400706,2024-07-03T22:26:18Z
49,The Battle Begins!!,Heavens Arena arc,14,1999-05-10,1544,1999,24,0,1999-04-26,14,1,0,0,2,5,11,0,13,,1998-10-26,112,,,,1999-10-04,"May 10<sup>th</sup>, 1999 (''Weekly Shōnen Jump #1544, No. 24'') <br /> October 4<sup>th</sup>, 1999 (''tankōbon'' format)",hunterpedia,,,https://hunterxhunter.fandom.com/wiki/Chapter_49,community_wiki_secondary,389991,2024-04-07T13:24:14Z
50,Zetsu,Heavens Arena arc,17,1999-05-17,1545,1999,25,0,1999-05-10,7,1,0,0,2,5,12,0,13,,1998-10-26,112,,,,1999-10-04,"May 17<sup>th</sup>, 1999 (''Weekly Shōnen Jump #1545, No. 25'') <br /> October 4<sup>th</sup>, 1999 (''tankōbon'' format)",hunterpedia,,,https://hunterxhunter.fandom.com/wiki/Chapter_50,community_wiki_secondary,322275,2022-11-03T05:06:18Z
51,Ten,Heavens Arena arc,19,1999-05-24,1546,1999,26,0,1999-05-17,7,1,0,0,2,5,13,0,13,,1998-10-26,112,,,,1999-10-04,"May 24<sup>th</sup>, 1999 (''Weekly Shōnen Jump #1546, No. 26'') <br /> October 4<sup>th</sup>, 1999 (''tankōbon'' format)",hunterpedia,,,https://hunterxhunter.fandom.com/wiki/Chapter_51,community_wiki_secondary,416151,2025-08-31T20:22:41Z
52,Kastro,Heavens Arena arc,19,1999-06-21,1550,1999,30,0,1999-05-24,28,4,3,0,3,6,1,1,2,3,1999-02-15,126,,,,1999-10-04,"June 21<sup>st</sup>, 1999 (''Weekly Shōnen Jump #1550, No. 30'') <br /> October 4<sup>th</sup>, 1999 (''tankōbon'' format)",hunterpedia,,,https://hunterxhunter.fandom.com/wiki/Chapter_52,community_wiki_secondary,328264,2022-11-25T21:55:43Z
53,Double,Heavens Arena arc,19,1999-07-05,1552,1999,32,0,1999-06-21,14,2,1,0,3,6,2,0,2,,1999-02-15,126,,,,1999-10-04,"July 5<sup>th</sup>, 1999 (''Weekly Shōnen Jump #1552, No. 32'') <br /> October 4<sup>th</sup>, 1999 (''tankōbon'' format)",hunterpedia,,,https://hunterxhunter.fandom.com/wiki/Chapter_53,community_wiki_secondary,322272,2022-11-03T05:04:16Z
54,Cause of Defeat,Heavens Arena arc,19,1999-08-09,1557,1999,37-38,1,1999-07-05,35,5,4,0,4,7,1,1,10,4,1999-06-21,49,,,,1999-10-04,"August 9<sup>th</sup>, 1999 (''Weekly Shōnen Jump #1557, No. 37-38'') <br /> October 4<sup>th</sup>, 1999 (''tankōbon'' format)",hunterpedia,,,https://hunterxhunter.fandom.com/wiki/Chapter_54,community_wiki_secondary,322271,2022-11-03T05:03:35Z
55,As for Hisoka...,Heavens Arena arc,19,1999-08-23,1558,1999,39,0,1999-08-09,14,1,0,0,4,7,2,0,10,,1999-06-21,49,,,,1999-12-22,"August 23<sup>rd</sup>, 1999 (''Weekly Shōnen Jump #1558, No. 39'') <br /> December 22<sup>nd</sup>, 1999 (''tankōbon'' format)",hunterpedia,,,https://hunterxhunter.fandom.com/wiki/Chapter_55,community_wiki_secondary,416152,2025-08-31T20:22:50Z
56,Training Resumes,Heavens Arena arc,19,1999-08-30,1559,1999,40,0,1999-08-23,7,1,0,0,4,7,3,0,10,,1999-06-21,49,,,,1999-12-22,"August 30<sup>th</sup>, 1999 (''Weekly Shōnen Jump #1559, No. 40'') <br /> December 22<sup>nd</sup>, 1999 (''tankōbon'' format)",hunterpedia,,,https://hunterxhunter.fandom.com/wiki/Chapter_56,community_wiki_secondary,416153,2025-08-31T20:22:58Z
57,Promise,Heavens Arena arc,19,1999-09-13,1561,1999,42,0,1999-08-30,14,2,1,0,4,7,4,0,10,,1999-06-21,49,,,,1999-12-22,"September 13<sup>th</sup>, 1999 (''Weekly Shōnen Jump #1561, No. 42'') <br /> December 22<sup>nd</sup>, 1999 (''tankōbon'' format)",hunterpedia,,,https://hunterxhunter.fandom.com/wiki/Chapter_57,community_wiki_secondary,416154,2025-08-31T20:23:08Z
58,Rematch,Heavens Arena arc,19,1999-09-20,1562,1999,43,0,1999-09-13,7,1,0,0,4,7,5,0,10,,1999-06-21,49,,,,1999-12-22,"September 20<sup>th</sup>, 1999 (''Weekly Shōnen Jump #1562, No. 43'') <br /> December 22<sup>nd</sup>, 1999 (''tankōbon'' format)",hunterpedia,,,https://hunterxhunter.fandom.com/wiki/Chapter_58,community_wiki_secondary,322266,2022-11-03T04:57:44Z
59,Making the Grade,Heavens Arena arc,19,1999-09-27,1563,1999,44,0,1999-09-20,7,1,0,0,4,7,6,0,10,,1999-06-21,49,,,,1999-12-22,"September 27<sup>th</sup>, 1999 (''Weekly Shōnen Jump #1563, No. 44'') <br /> December 22<sup>nd</sup>, 1999 (''tankōbon'' format)",hunterpedia,,,https://hunterxhunter.fandom.com/wiki/Chapter_59,community_wiki_secondary,416155,2025-08-31T20:23:15Z
60,Rematch,Heavens Arena arc,19,1999-10-04,1564,1999,45,0,1999-09-27,7,1,0,0,4,7,7,0,10,,1999-06-21,49,,,,1999-12-22,"October 4<sup>th</sup>, 1999 (''Weekly Shōnen Jump #1564, No. 45'') <br /> December 22<sup>nd</sup>, 1999 (''tankōbon'' format)",hunterpedia,,,https://hunterxhunter.fandom.com/wiki/Chapter_60,community_wiki_secondary,416156,2025-08-31T20:23:25Z
61,Showdown,Heavens Arena arc,21,1999-10-09,1565,1999,46,0,1999-10-04,5,1,0,0,4,7,8,0,10,,1999-06-21,49,,,,1999-12-22,"October 9<sup>th</sup>, 1999 (''Weekly Shōnen Jump #1565, No. 46'') <br /> December 22<sup>nd</sup>, 1999 (''tankōbon'' format)",hunterpedia,,,https://hunterxhunter.fandom.com/wiki/Chapter_61,community_wiki_secondary,416157,2025-08-31T20:23:40Z
62,Like You Mean It,Heavens Arena arc,19,1999-10-18,1566,1999,47,0,1999-10-09,9,1,0,0,4,7,9,0,10,,1999-06-21,49,,,,1999-12-22,"October 18<sup>th</sup>, 1999 (''Weekly Shōnen Jump #1566, No. 47'') <br /> December 22<sup>nd</sup>, 1999 (''tankōbon'' format)",hunterpedia,,,https://hunterxhunter.fandom.com/wiki/Chapter_62,community_wiki_secondary,322262,2022-11-03T04:53:30Z
63,Next,Heavens Arena arc,19,1999-10-25,1567,1999,48,0,1999-10-18,7,1,0,0,4,7,10,0,10,,1999-06-21,49,,,,1999-12-22,"October 25<sup>th</sup>, 1999 (''Weekly Shōnen Jump #1567, No. 48'') <br /> December 22<sup>nd</sup>, 1999 (''tankōbon'' format)",hunterpedia,,,https://hunterxhunter.fandom.com/wiki/Chapter_63,community_wiki_secondary,416158,2025-08-31T20:23:50Z
64,Homecoming,Yorknew City arc,15,1999-11-01,1568,1999,49,0,1999-10-25,7,1,0,0,4,8,1,1,10,0,1999-08-09,84,,,,2000-04-04,"November 1<sup>st</sup>, 1999 (''Weekly Shōnen Jump #1568, No. 49'') <br /> April 4<sup>th</sup>, 2000 (''tankōbon'' format)",hunterpedia,,,https://hunterxhunter.fandom.com/wiki/Chapter_64,community_wiki_secondary,400712,2024-07-03T22:27:06Z
65,About Ging,Yorknew City arc,19,1999-11-08,1569,1999,50,0,1999-11-01,7,1,0,0,4,8,2,0,10,,1999-08-09,84,,,,2000-04-04,"November 8<sup>th</sup>, 1999 (''Weekly Shōnen Jump #1569, No. 50'') <br /> April 4<sup>th</sup>, 2000 (''tankōbon'' format)",hunterpedia,,,https://hunterxhunter.fandom.com/wiki/Chapter_65,community_wiki_secondary,417613,2025-11-10T01:11:50Z
66,The Tape,Yorknew City arc,19,1999-11-15,1570,1999,51,0,1999-11-08,7,1,0,0,4,8,3,0,10,,1999-08-09,84,,,,2000-04-04,"November 15<sup>th</sup>, 1999 (''Weekly Shōnen Jump #1570, No. 51'') <br /> April 4<sup>th</sup>, 2000 (''tankōbon'' format)",hunterpedia,,,https://hunterxhunter.fandom.com/wiki/Chapter_66,community_wiki_secondary,322241,2022-11-02T05:25:08Z
67,The Flesh Collector's Mansion: Part 1,Yorknew City arc,13,1999-11-22,1571,1999,52-53,1,1999-11-15,7,1,0,0,4,8,4,0,10,,1999-08-09,84,,,,2000-04-04,"November 22<sup>nd</sup>, 1999 (''Weekly Shōnen Jump #1571, No. 52-53'') <br /> April 4<sup>th</sup>, 2000 (''tankōbon'' format)",hunterpedia,,,https://hunterxhunter.fandom.com/wiki/Chapter_67,community_wiki_secondary,417752,2025-11-18T23:43:19Z
68,The Flesh Collector's Mansion: Part 2,Yorknew City arc,19,1999-12-06,1572,2000,1,0,1999-11-22,14,1,0,0,4,8,5,0,10,,1999-08-09,84,,,,2000-04-04,"December 6<sup>th</sup>, 1999 (''Weekly Shōnen Jump #1572, No. 1'') <br /> April 4<sup>th</sup>, 2000 (''tankōbon'' format)",hunterpedia,,,https://hunterxhunter.fandom.com/wiki/Chapter_68,community_wiki_secondary,406674,2024-11-01T22:34:43Z
69,Greed Island,Yorknew City arc,18,1999-12-13,1573,2000,2,0,1999-12-06,7,1,0,0,4,8,6,0,10,,1999-08-09,84,,,,2000-04-04,"December 13<sup>th</sup>, 1999 (''Weekly Shōnen Jump #1573, No. 2'') <br /> April 4<sup>th</sup>, 2000 (''tankōbon'' format)",hunterpedia,,,https://hunterxhunter.fandom.com/wiki/Chapter_69,community_wiki_secondary,416159,2025-08-31T20:23:57Z
70,To Yorknew,Yorknew City arc,19,1999-12-20,1574,2000,3-4,1,1999-12-13,7,1,0,0,4,8,7,0,10,,1999-08-09,84,,,,2000-04-04,"December 20<sup>th</sup>, 1999 (''Weekly Shōnen Jump #1574, No. 3-4'') <br /> April 4<sup>th</sup>, 2000 (''tankōbon'' format)",hunterpedia,,,https://hunterxhunter.fandom.com/wiki/Chapter_70,community_wiki_secondary,400716,2024-07-03T22:27:24Z
71,The Auction Begins!!,Yorknew City arc,20,2000-01-03,1575,2000,5-6,1,1999-12-20,14,1,0,0,4,8,8,0,10,,1999-08-09,84,,,,2000-04-04,"January 3<sup>rd</sup>, 2000 (''Weekly Shōnen Jump #1575, No. 5-6'') <br /> April 4<sup>th</sup>, 2000 (''tankōbon'' format)",hunterpedia,,,https://hunterxhunter.fandom.com/wiki/Chapter_71,community_wiki_secondary,400717,2024-07-03T22:27:27Z
72,September 1st: Part 1,Yorknew City arc,19,2000-01-17,1576,2000,7,0,2000-01-03,14,1,0,0,4,8,9,0,10,,1999-08-09,84,,,,2000-04-04,"January 17<sup>th</sup>, 2000 (''Weekly Shōnen Jump #1576, No. 7'')<br />April 4<sup>th</sup>, 2000 (''tankōbon'' format)",hunterpedia,,,https://hunterxhunter.fandom.com/wiki/Chapter_72,community_wiki_secondary,416160,2025-08-31T20:24:07Z
73,September 1st: Part 2,Yorknew City arc,19,2000-01-24,1577,2000,8,0,2000-01-17,7,1,0,0,4,8,10,0,10,,1999-08-09,84,,,,2000-04-04,"January 24<sup>th</sup>, 2000 (''Weekly Shōnen Jump #1577, No. 8'') <br /> April 4<sup>th</sup>, 2000 (''tankōbon'' format)",hunterpedia,,,https://hunterxhunter.fandom.com/wiki/Chapter_73,community_wiki_secondary,416161,2025-08-31T20:24:19Z
74,September 1st: Part 3,Yorknew City arc,13,2000-02-07,1579,2000,10,0,2000-01-24,14,2,1,0,4,9,1,1,10,0,1999-11-01,98,,,,2000-07-04,"February 7<sup>th</sup>, 2000 (''Weekly Shōnen Jump #1579, No. 10'') <br /> July 4<sup>th</sup>, 2000 (''tankōbon'' format)",hunterpedia,,,https://hunterxhunter.fandom.com/wiki/Chapter_74,community_wiki_secondary,416162,2025-08-31T20:24:29Z
75,September 1st: Part 4,Yorknew City arc,19,2000-02-14,1580,2000,11,0,2000-02-07,7,1,0,0,4,9,2,0,10,,1999-11-01,98,,,,2000-07-04,"February 14<sup>th</sup>, 2000 (''Weekly Shōnen Jump #1580, No. 11'') <br /> July 4<sup>th</sup>, 2000 (''tankōbon'' format)",hunterpedia,,,https://hunterxhunter.fandom.com/wiki/Chapter_75,community_wiki_secondary,400720,2024-07-03T22:27:43Z
76,September 1st: Part 5,Yorknew City arc,19,2000-02-21,1581,2000,12,0,2000-02-14,7,1,0,0,4,9,3,0,10,,1999-11-01,98,,,,2000-07-04,"February 21<sup>st</sup>, 2000 (''Weekly Shōnen Jump #1581, No. 12'') <br /> July 4<sup>th</sup>, 2000 (''tankōbon'' format)",hunterpedia,,,https://hunterxhunter.fandom.com/wiki/Chapter_76,community_wiki_secondary,371258,2023-08-27T20:41:50Z
77,September 1st: Part 6,Yorknew City arc,19,2000-02-28,1582,2000,13,0,2000-02-21,7,1,0,0,4,9,4,0,10,,1999-11-01,98,,,,2000-07-04,"February 28<sup>th</sup>, 2000 (''Weekly Shōnen Jump #1582, No. 13'') <br /> July 4<sup>th</sup>, 2000 (''tankōbon'' format)",hunterpedia,,,https://hunterxhunter.fandom.com/wiki/Chapter_77,community_wiki_secondary,406675,2024-11-01T22:35:06Z
78,September 1st: Part 7,Yorknew City arc,19,2000-03-06,1583,2000,14,0,2000-02-28,7,1,0,0,4,9,5,0,10,,1999-11-01,98,,,,2000-07-04,"March 6<sup>th</sup>, 2000 (''Weekly Shōnen Jump #1583, No. 14'') <br /> July 4<sup>th</sup>, 2000 (''tankōbon'' format)",hunterpedia,,,https://hunterxhunter.fandom.com/wiki/Chapter_78,community_wiki_secondary,400721,2024-07-03T22:27:52Z
79,September 2nd: Part 1,Yorknew City arc,19,2000-03-13,1584,2000,15,0,2000-03-06,7,1,0,0,4,9,6,0,10,,1999-11-01,98,,,,2000-07-04,"March 13<sup>th</sup>, 2000 (''Weekly Shōnen Jump #1584, No. 15'') <br /> July 4<sup>th</sup>, 2000 (''tankōbon'' format)",hunterpedia,,,https://hunterxhunter.fandom.com/wiki/Chapter_79,community_wiki_secondary,400722,2024-07-03T22:27:55Z
80,September 2nd: Part 2,Yorknew City arc,19,2000-03-18,1585,2000,16,0,2000-03-13,5,1,0,0,4,9,7,0,10,,1999-11-01,98,,,,2000-07-04,"March 18<sup>th</sup>, 2000 (''Weekly Shōnen Jump #1585, No. 16'') <br /> July 4<sup>th</sup>, 2000 (''tankōbon'' format)",hunterpedia,,,https://hunterxhunter.fandom.com/wiki/Chapter_80,community_wiki_secondary,416163,2025-08-31T20:24:41Z
81,September 2nd: Part 3,Yorknew City arc,11,2000-03-27,1586,2000,17,0,2000-03-18,9,1,0,0,4,9,8,0,10,,1999-11-01,98,,,,2000-07-04,"March 27<sup>th</sup>, 2000 (''Weekly Shōnen Jump #1586, No. 17'') <br /> July 4<sup>th</sup>, 2000 (''tankōbon'' format)",hunterpedia,,,https://hunterxhunter.fandom.com/wiki/Chapter_81,community_wiki_secondary,322222,2022-11-02T05:05:15Z
82,September 2nd: Part 4,Yorknew City arc,19,2000-04-03,1587,2000,18,0,2000-03-27,7,1,0,0,4,9,9,0,10,,1999-11-01,98,,,,2000-07-04,"April 3<sup>rd</sup>, 2000 (''Weekly Shōnen Jump #1587, No. 18'') <br /> July 4<sup>th</sup>, 2000 (''tankōbon'' format)",hunterpedia,,,https://hunterxhunter.fandom.com/wiki/Chapter_82,community_wiki_secondary,413498,2025-07-15T00:09:01Z
83,September 2nd: Part 5,Yorknew City arc,19,2000-04-10,1588,2000,19,0,2000-04-03,7,1,0,0,4,9,10,0,10,,1999-11-01,98,,,,2000-07-04,"April 10<sup>th</sup>, 2000 (''Weekly Shōnen Jump #1588, No. 19'') <br /> July 4<sup>th</sup>, 2000 (''tankōbon'' format)",hunterpedia,,,https://hunterxhunter.fandom.com/wiki/Chapter_83,community_wiki_secondary,416164,2025-08-31T20:45:26Z
84,September 2nd: Part 6,Yorknew City arc,19,2000-04-17,1589,2000,20,0,2000-04-10,7,1,0,0,4,10,1,1,5,0,2000-02-07,70,,,,2000-11-02,"April 17<sup>th</sup>, 2000 (''Weekly Shōnen Jump #1589, No. 20'') <br /> November 2<sup>nd</sup>, 2000 (''tankōbon'' format)",hunterpedia,,,https://hunterxhunter.fandom.com/wiki/Chapter_84,community_wiki_secondary,416165,2025-08-31T20:45:33Z
85,September 3rd: Part 1,Yorknew City arc,19,2000-04-24,1590,2000,21-22,1,2000-04-17,7,1,0,0,4,10,2,0,5,,2000-02-07,70,,,,2000-11-02,"April 24<sup>th</sup>, 2000 (''Weekly Shōnen Jump #1590, No. 21-22'') <br /> November 2<sup>nd</sup>, 2000 (''tankōbon'' format)",hunterpedia,,,https://hunterxhunter.fandom.com/wiki/Chapter_85,community_wiki_secondary,416166,2025-08-31T20:45:39Z
86,September 3rd: Part 2,Yorknew City arc,15,2000-05-08,1591,2000,23,0,2000-04-24,14,1,0,0,4,10,3,0,5,,2000-02-07,70,,,,2000-11-02,"May 8<sup>th</sup>, 2000 (''Weekly Shōnen Jump #1591, No. 23'') <br /> November 2<sup>nd</sup>, 2000 (''tankōbon'' format)",hunterpedia,,,https://hunterxhunter.fandom.com/wiki/Chapter_86,community_wiki_secondary,410076,2025-01-04T14:13:51Z
87,September 3rd: Part 3,Yorknew City arc,18,2000-05-15,1592,2000,24,0,2000-05-08,7,1,0,0,4,10,4,0,5,,2000-02-07,70,,,,2000-11-02,"May 15<sup>th</sup>, 2000 (''Weekly Shōnen Jump #1592, No. 24'') <br /> November 2<sup>nd</sup>, 2000 (''tankōbon'' format)",hunterpedia,,,https://hunterxhunter.fandom.com/wiki/Chapter_87,community_wiki_secondary,400727,2024-07-03T22:28:23Z
88,September 3rd: Part 4,Yorknew City arc,19,2000-05-29,1594,2000,26,0,2000-05-15,14,2,1,0,4,10,5,0,5,,2000-02-07,70,,,,2000-11-02,"May 29<sup>th</sup>, 2000 (''Weekly Shōnen Jump #1594, No. 26'') <br /> November 2<sup>nd</sup>, 2000 (''tankōbon'' format)",hunterpedia,,,https://hunterxhunter.fandom.com/wiki/Chapter_88,community_wiki_secondary,416167,2025-08-31T20:45:46Z
89,September 3rd: Part 5,Yorknew City arc,19,2000-07-17,1601,2000,33,0,2000-05-29,49,7,6,0,5,11,1,1,13,6,2000-04-17,91,,,,2000-11-02,"July 17<sup>th</sup>, 2000 (''Weekly Shōnen Jump #1601, No. 33'') <br /> November 2<sup>nd</sup>, 2000 (''tankōbon'' format)",hunterpedia,,,https://hunterxhunter.fandom.com/wiki/Chapter_89,community_wiki_secondary,416168,2025-08-31T20:46:00Z
90,September 3rd: Part 6,Yorknew City arc,19,2000-07-24,1602,2000,34,0,2000-07-17,7,1,0,0,5,11,2,0,13,,2000-04-17,91,,,,2000-11-02,"July 24<sup>th</sup>, 2000 (''Weekly Shōnen Jump #1602, No. 34'') <br /> November 2<sup>nd</sup>, 2000 (''tankōbon'' format)",hunterpedia,,,https://hunterxhunter.fandom.com/wiki/Chapter_90,community_wiki_secondary,400729,2024-07-03T22:28:36Z
91,September 3rd: Part 7,Yorknew City arc,19,2000-07-31,1603,2000,35,0,2000-07-24,7,1,0,0,5,11,3,0,13,,2000-04-17,91,,,,2000-11-02,"July 31<sup>st</sup>, 2000 (''Weekly Shōnen Jump #1603, No. 35'') <br /> November 2<sup>nd</sup>, 2000 (''tankōbon'' format)",hunterpedia,,,https://hunterxhunter.fandom.com/wiki/Chapter_91,community_wiki_secondary,416169,2025-08-31T20:46:08Z
92,September 3rd: Part 8,Yorknew City arc,19,2000-08-07,1604,2000,36-37,1,2000-07-31,7,1,0,0,5,11,4,0,13,,2000-04-17,91,,,,2000-11-02,"August 7<sup>th</sup>, 2000 (''Weekly Shōnen Jump #1604, No. 36-37'') <br /> November 2<sup>nd</sup>, 2000 (''tankōbon'' format)",hunterpedia,,,https://hunterxhunter.fandom.com/wiki/Chapter_92,community_wiki_secondary,416170,2025-08-31T20:46:16Z
93,September 3rd: Part 9,Yorknew City arc,19,2000-08-21,1605,2000,38,0,2000-08-07,14,1,0,0,5,11,5,0,13,,2000-04-17,91,,,,2000-11-02,"August 21<sup>st</sup>, 2000 (''Weekly Shōnen Jump #1605, No. 38'') <br /> November 2<sup>nd</sup>, 2000 (''tankōbon'' format)",hunterpedia,,,https://hunterxhunter.fandom.com/wiki/Chapter_93,community_wiki_secondary,416171,2025-08-31T20:46:22Z
94,September 3rd: Part 10,Yorknew City arc,19,2000-08-28,1606,2000,39,0,2000-08-21,7,1,0,0,5,11,6,0,13,,2000-04-17,91,,,,2001-03-02,"August 28<sup>th</sup>, 2000 (''Weekly Shōnen Jump #1606, No. 39'') <br /> March 2<sup>nd</sup>, 2001 (''tankōbon'' format)",hunterpedia,,,https://hunterxhunter.fandom.com/wiki/Chapter_94,community_wiki_secondary,416172,2025-08-31T20:46:30Z
95,September 3rd: Part 11,Yorknew City arc,19,2000-09-04,1607,2000,40,0,2000-08-28,7,1,0,0,5,11,7,0,13,,2000-04-17,91,,,,2001-03-02,"September 4<sup>th</sup>, 2000 (''Weekly Shōnen Jump #1607, No. 40'') <br /> March 2<sup>nd</sup>, 2001 (''tankōbon'' format)",hunterpedia,,,https://hunterxhunter.fandom.com/wiki/Chapter_95,community_wiki_secondary,411638,2025-03-18T05:20:29Z
96,September 3rd: Part 12,Yorknew City arc,15,2000-09-11,1608,2000,41,0,2000-09-04,7,1,0,0,5,11,8,0,13,,2000-04-17,91,,,,2001-03-02,"September 11<sup>th</sup>, 2000 (''Weekly Shōnen Jump #1608, No. 41'') <br /> March 2<sup>nd</sup>, 2001 (''tankōbon'' format)",hunterpedia,,,https://hunterxhunter.fandom.com/wiki/Chapter_96,community_wiki_secondary,417763,2025-11-21T17:04:49Z
97,September 3rd: Part 13,Yorknew City arc,19,2000-09-18,1609,2000,42,0,2000-09-11,7,1,0,0,5,11,9,0,13,,2000-04-17,91,,,,2001-03-02,"September 18<sup>th</sup>, 2000 (''Weekly Shōnen Jump #1609, No. 42'') <br /> March 2<sup>nd</sup>, 2001 (''tankōbon'' format)",hunterpedia,,,https://hunterxhunter.fandom.com/wiki/Chapter_97,community_wiki_secondary,400736,2024-07-03T22:29:02Z
98,September 3rd: Part 14,Yorknew City arc,19,2000-09-25,1610,2000,43,0,2000-09-18,7,1,0,0,5,11,10,0,13,,2000-04-17,91,,,,2001-03-02,"September 25<sup>th</sup>, 2000 (''Weekly Shōnen Jump #1610, No. 43'') <br /> March 2<sup>nd</sup>, 2001 (''tankōbon'' format)",hunterpedia,,,https://hunterxhunter.fandom.com/wiki/Chapter_98,community_wiki_secondary,406677,2024-11-01T22:35:59Z
99,September 3rd: Part 15,Yorknew City arc,18,2000-10-07,1612,2000,45,0,2000-09-25,12,2,1,0,5,11,11,0,13,,2000-04-17,91,,,,2001-03-02,"October 7<sup>th</sup>, 2000 (''Weekly Shōnen Jump #1612, No. 45'') <br /> March 2<sup>nd</sup>, 2001 (''tankōbon'' format)",hunterpedia,,,https://hunterxhunter.fandom.com/wiki/Chapter_99,community_wiki_secondary,416174,2025-08-31T20:46:44Z
100,September 3rd: Part 16,Yorknew City arc,19,2000-10-16,1613,2000,46,0,2000-10-07,9,1,0,0,5,11,12,0,13,,2000-04-17,91,,,,2001-03-02,"October 16<sup>th</sup>, 2000 (''Weekly Shōnen Jump #1613, No. 46'') <br /> March 2<sup>nd</sup>, 2001 (''tankōbon'' format)",hunterpedia,,,https://hunterxhunter.fandom.com/wiki/Chapter_100,community_wiki_secondary,416175,2025-08-31T20:46:51Z
101,September 3rd: Part 17,Yorknew City arc,19,2000-10-23,1614,2000,47,0,2000-10-16,7,1,0,0,5,11,13,0,13,,2000-04-17,91,,,,2001-03-02,"October 23<sup>rd</sup>, 2000 (''Weekly Shōnen Jump #1614, No. 47'') <br /> March 2<sup>nd</sup>, 2001 (''tankōbon'' format)",hunterpedia,,,https://hunterxhunter.fandom.com/wiki/Chapter_101,community_wiki_secondary,329180,2022-12-04T21:34:03Z
102,September 4th: Part 1,Yorknew City arc,19,2000-11-27,1619,2000,52,0,2000-10-23,35,5,4,0,6,12,1,1,10,4,2000-07-17,133,,,,2001-03-02,"November 27<sup>th</sup>, 2000 (''Weekly Shōnen Jump #1619, No. 52'') <br /> March 2<sup>nd</sup>, 2001 (''tankōbon'' format)",hunterpedia,,,https://hunterxhunter.fandom.com/wiki/Chapter_102,community_wiki_secondary,416176,2025-08-31T20:46:58Z
103,September 4th: Part 2,Yorknew City arc,13,2000-12-11,1621,2001,2,0,2000-11-27,14,2,1,0,6,12,2,0,10,,2000-07-17,133,,,,2001-03-02,"December 11<sup>th</sup>, 2000 (''Weekly Shōnen Jump #1621, No. 2'') <br /> March 2<sup>nd</sup>, 2001 (''tankōbon'' format)",hunterpedia,,,https://hunterxhunter.fandom.com/wiki/Chapter_103,community_wiki_secondary,416177,2025-08-31T20:47:04Z
104,September 4th: Part 3,Yorknew City arc,11,2000-12-18,1622,2001,3-4,1,2000-12-11,7,1,0,0,6,12,3,0,10,,2000-07-17,133,,,,2001-07-04,"December 18<sup>th</sup>, 2000 (''Weekly Shōnen Jump #1622, No. 3-4'') <br /> July 4<sup>th</sup>, 2001 (''tankōbon'' format)",hunterpedia,,,https://hunterxhunter.fandom.com/wiki/Chapter_104,community_wiki_secondary,329181,2022-12-04T21:34:12Z
105,September 4th: Part 4,Yorknew City arc,9,2001-01-04,1623,2001,5-6,1,2000-12-18,17,1,0,0,6,12,4,0,10,,2000-07-17,133,,,,2001-07-04,"January 4<sup>th</sup>, 2001 (''Weekly Shōnen Jump #1623, No. 5-6'') <br /> July 4<sup>th</sup>, 2001 (''tankōbon'' format)",hunterpedia,,,https://hunterxhunter.fandom.com/wiki/Chapter_105,community_wiki_secondary,329182,2022-12-04T21:34:15Z
106,September 4th: Part 5,Yorknew City arc,19,2001-01-22,1625,2001,8,0,2001-01-04,18,2,1,0,6,12,5,0,10,,2000-07-17,133,,,,2001-07-04,"January 22<sup>nd</sup>, 2001 (''Weekly Shōnen Jump #1625, No. 8'') <br /> July 4<sup>th</sup>, 2001 (''tankōbon'' format)",hunterpedia,,,https://hunterxhunter.fandom.com/wiki/Chapter_106,community_wiki_secondary,416178,2025-08-31T20:47:14Z
107,September 4th: Part 6,Yorknew City arc,11,2001-01-29,1626,2001,9,0,2001-01-22,7,1,0,0,6,12,6,0,10,,2000-07-17,133,,,,2001-07-04,"January 29<sup>th</sup>, 2001 (''Weekly Shōnen Jump #1626, No. 9'') <br /> July 4<sup>th</sup>, 2001 (''tankōbon'' format)",hunterpedia,,,https://hunterxhunter.fandom.com/wiki/Chapter_107,community_wiki_secondary,416179,2025-08-31T20:47:21Z
108,September 4th: Part 7,Yorknew City arc,15,2001-02-10,1628,2001,11,0,2001-01-29,12,2,1,0,6,12,7,0,10,,2000-07-17,133,,,,2001-07-04,"February 10<sup>th</sup>, 2001 (''Weekly Shōnen Jump #1628, No. 11'') <br /> July 4<sup>th</sup>, 2001 (''tankōbon'' format)",hunterpedia,,,https://hunterxhunter.fandom.com/wiki/Chapter_108,community_wiki_secondary,322195,2022-11-02T04:37:48Z
109,September 4th: Part 8,Yorknew City arc,15,2001-02-19,1629,2001,12,0,2001-02-10,9,1,0,0,6,12,8,0,10,,2000-07-17,133,,,,2001-07-04,"February 19<sup>th</sup>, 2001 (''Weekly Shōnen Jump #1629, No. 12'') <br /> July 4<sup>th</sup>, 2001 (''tankōbon'' format)",hunterpedia,,,https://hunterxhunter.fandom.com/wiki/Chapter_109,community_wiki_secondary,416180,2025-08-31T20:47:29Z
110,September 4th: Part 9,Yorknew City arc,11,2001-02-26,1630,2001,13,0,2001-02-19,7,1,0,0,6,12,9,0,10,,2000-07-17,133,,,,2001-07-04,"February 26<sup>th</sup>, 2001 (''Weekly Shōnen Jump #1630, No. 13'') <br /> July 4<sup>th</sup>, 2001 (''tankōbon'' format)",hunterpedia,,,https://hunterxhunter.fandom.com/wiki/Chapter_110,community_wiki_secondary,418015,2025-12-11T00:19:49Z
111,September 4th: Part 10,Yorknew City arc,15,2001-03-19,1633,2001,16,0,2001-02-26,21,3,2,0,6,12,10,0,10,,2000-07-17,133,,,,2001-07-04,"March 19<sup>th</sup>, 2001 (''Weekly Shōnen Jump #1633, No. 16'') <br /> July 4<sup>th</sup>, 2001 (''tankōbon'' format)",hunterpedia,,,https://hunterxhunter.fandom.com/wiki/Chapter_111,community_wiki_secondary,416182,2025-08-31T20:47:55Z
112,September 4th: Part 11,Yorknew City arc,15,2001-03-26,1634,2001,17,0,2001-03-19,7,1,0,0,6,13,1,1,10,0,2000-11-27,119,,,,2001-07-04,"March 26<sup>th</sup>, 2001 (''Weekly Shōnen Jump #1634, No. 17'') <br /> July 4<sup>th</sup>, 2001 (''tankōbon'' format)",hunterpedia,,,https://hunterxhunter.fandom.com/wiki/Chapter_112,community_wiki_secondary,416183,2025-08-31T20:48:04Z
113,September 4th: Part 12,Yorknew City arc,15,2001-04-02,1635,2001,18,0,2001-03-26,7,1,0,0,6,13,2,0,10,,2000-11-27,119,,,,2001-07-04,"April 2<sup>nd</sup>, 2001 (''Weekly Shōnen Jump #1635, No. 18'') <br /> July 4<sup>th</sup>, 2001 (''tankōbon'' format)",hunterpedia,,,https://hunterxhunter.fandom.com/wiki/Chapter_113,community_wiki_secondary,416184,2025-08-31T20:48:12Z
114,September 4th: Part 13,Yorknew City arc,15,2001-04-09,1636,2001,19,0,2001-04-02,7,1,0,0,6,13,3,0,10,,2000-11-27,119,,,,2001-07-04,"April 9<sup>th</sup>, 2001 (''Weekly Shōnen Jump #1636, No. 19'') <br /> July 4<sup>th</sup>, 2001 (''tankōbon'' format)",hunterpedia,,,https://hunterxhunter.fandom.com/wiki/Chapter_114,community_wiki_secondary,416743,2025-09-08T16:40:03Z
115,September 4th: Part 14,Yorknew City arc,15,2001-04-16,1637,2001,20,0,2001-04-09,7,1,0,0,6,13,4,0,10,,2000-11-27,119,,,,2001-07-04,"April 16<sup>th</sup>, 2001 (''Weekly Shōnen Jump #1637, No. 20'') <br /> July 4<sup>th</sup>, 2001 (''tankōbon'' format)",hunterpedia,,,https://hunterxhunter.fandom.com/wiki/Chapter_115,community_wiki_secondary,329189,2022-12-04T21:34:50Z
116,September 4th: Part 15,Yorknew City arc,13,2001-04-23,1638,2001,21-22,1,2001-04-16,7,1,0,0,6,13,5,0,10,,2000-11-27,119,,,,2001-11-02,"April 23<sup>rd</sup>, 2001 (''Weekly Shōnen Jump #1638, No. 21-22'') <br /> November 2<sup>nd</sup>, 2001 (''tankōbon'' format)",hunterpedia,,,https://hunterxhunter.fandom.com/wiki/Chapter_116,community_wiki_secondary,416186,2025-08-31T20:48:37Z
117,September 4th: Part 16,Yorknew City arc,15,2001-05-07,1639,2001,23,0,2001-04-23,14,1,0,0,6,13,6,0,10,,2000-11-27,119,,,,2001-11-02,"May 7<sup>th</sup>, 2001 (''Weekly Shōnen Jump #1639, No. 23'') <br /> November 2<sup>nd</sup>, 2001 (''tankōbon'' format)",hunterpedia,,,https://hunterxhunter.fandom.com/wiki/Chapter_117,community_wiki_secondary,416187,2025-08-31T20:48:43Z
118,September 4th: Part 17,Yorknew City arc,15,2001-05-14,1640,2001,24,0,2001-05-07,7,1,0,0,6,13,7,0,10,,2000-11-27,119,,,,2001-11-02,"May 14<sup>th</sup>, 2001 (''Weekly Shōnen Jump #1640, No. 24'') <br /> November 2<sup>nd</sup>, 2001 (''tankōbon'' format)",hunterpedia,,,https://hunterxhunter.fandom.com/wiki/Chapter_118,community_wiki_secondary,416188,2025-08-31T20:48:54Z
119,September 4th: Part 18,Yorknew City arc,15,2001-05-21,1641,2001,25,0,2001-05-14,7,1,0,0,6,13,8,0,10,,2000-11-27,119,,,,2001-11-02,"May 21<sup>st</sup>, 2001 (''Weekly Shōnen Jump #1641, No. 25'') <br /> November 2<sup>nd</sup>, 2001 (''tankōbon'' format)",hunterpedia,,,https://hunterxhunter.fandom.com/wiki/Chapter_119,community_wiki_secondary,322184,2022-11-02T04:28:08Z
120,September 6th: Part 1,Greed Island arc,15,2001-06-11,1644,2001,28,0,2001-05-21,21,3,2,0,6,13,9,0,10,,2000-11-27,119,,,,2001-11-02,"June 11<sup>th</sup>, 2001 (''Weekly Shōnen Jump #1644, No. 28'') <br /> November 2<sup>nd</sup>, 2001 (''tankōbon'' format)",hunterpedia,,,https://hunterxhunter.fandom.com/wiki/Chapter_120,community_wiki_secondary,416189,2025-09-01T04:14:13Z
121,September 6th: Part 2,Greed Island arc,15,2001-06-18,1645,2001,29,0,2001-06-11,7,1,0,0,6,13,10,0,10,,2000-11-27,119,,,,2001-11-02,"June 18<sup>th</sup>, 2001 (''Weekly Shōnen Jump #1645, No. 29'') <br /> November 2<sup>nd</sup>, 2001 (''tankōbon'' format)",hunterpedia,,,https://hunterxhunter.fandom.com/wiki/Chapter_121,community_wiki_secondary,416190,2025-09-01T04:14:20Z
122,September 6th: Part 3,Greed Island arc,15,2001-06-25,1646,2001,30,0,2001-06-18,7,1,0,0,6,14,1,1,6,0,2001-03-26,91,,,,2001-11-02,"June 25<sup>th</sup>, 2001 (''Weekly Shōnen Jump #1646, No. 30'') <br /> November 2<sup>nd</sup>, 2001 (''tankōbon'' format)",hunterpedia,,,https://hunterxhunter.fandom.com/wiki/Chapter_122,community_wiki_secondary,322181,2022-11-02T04:25:39Z
123,September 6th: Part 4,Greed Island arc,15,2001-07-02,1647,2001,31,0,2001-06-25,7,1,0,0,6,14,2,0,6,,2001-03-26,91,,,,2001-11-02,"July 2<sup>nd</sup>, 2001 (''Weekly Shōnen Jump #1647, No. 31'') <br /> November 2<sup>nd</sup>, 2001 (''tankōbon'' format)",hunterpedia,,,https://hunterxhunter.fandom.com/wiki/Chapter_123,community_wiki_secondary,332346,2022-12-22T20:30:48Z
124,September 7th: Part 1 to September 10th: Part 1,Greed Island arc,15,2001-07-09,1648,2001,32,0,2001-07-02,7,1,0,0,6,14,3,0,6,,2001-03-26,91,,,,2001-11-02,"July 9<sup>th</sup>, 2001 (''Weekly Shōnen Jump #1648, No. 32'') <br /> November 2<sup>nd</sup>, 2001 (''tankōbon'' format)",hunterpedia,,,https://hunterxhunter.fandom.com/wiki/Chapter_124,community_wiki_secondary,328293,2022-11-26T10:53:11Z
125,September 10th: Part 2,Greed Island arc,15,2001-07-23,1650,2001,34,0,2001-07-09,14,2,1,0,6,14,4,0,6,,2001-03-26,91,,,,2001-11-02,"July 23<sup>rd</sup>, 2001 (''Weekly Shōnen Jump #1650, No. 34'') <br /> November 2<sup>nd</sup>, 2001 (''tankōbon'' format)",hunterpedia,,,https://hunterxhunter.fandom.com/wiki/Chapter_125,community_wiki_secondary,328294,2022-11-26T10:53:14Z
126,September 10th: Part 3,Greed Island arc,15,2001-07-30,1651,2001,35,0,2001-07-23,7,1,0,0,6,14,5,0,6,,2001-03-26,91,,,,2001-11-02,"July 30<sup>th</sup>, 2001 (''Weekly Shōnen Jump #1651, No. 35'') <br /> November 2<sup>nd</sup>, 2001 (''tankōbon'' format)",hunterpedia,,,https://hunterxhunter.fandom.com/wiki/Chapter_126,community_wiki_secondary,382583,2024-01-27T03:15:48Z
127,September 10th: Part 4,Greed Island arc,15,2001-08-20,1653,2001,38,0,2001-07-30,21,2,1,0,6,14,6,0,6,,2001-03-26,91,,,,2001-11-02,"August 20<sup>th</sup>, 2001 (''Weekly Shōnen Jump #1653, No. 38'') <br /> November 2<sup>nd</sup>, 2001 (''tankōbon'' format)",hunterpedia,,,https://hunterxhunter.fandom.com/wiki/Chapter_127,community_wiki_secondary,416205,2025-09-01T04:16:02Z
128,September 10th: Part 5,Greed Island arc,15,2001-10-01,1659,2001,44,0,2001-08-20,42,6,5,0,7,15,1,1,10,5,2001-06-25,98,,,,,"October 1<sup>st</sup>, 2001 (''Weekly Shōnen Jump #1659, No. 44'')",hunterpedia,,,https://hunterxhunter.fandom.com/wiki/Chapter_128,community_wiki_secondary,416191,2025-09-01T04:14:32Z
129,"Antokiba, Town of Prizes",Greed Island arc,15,2001-10-06,1660,2001,45,0,2001-10-01,5,1,0,0,7,15,2,0,10,,2001-06-25,98,,,,2002-04-04,"October 6<sup>th</sup>, 2001 (''Weekly Shōnen Jump #1660, No. 45'') <br /> April 4<sup>th</sup>, 2002 (''tankōbon'' format)",hunterpedia,,,https://hunterxhunter.fandom.com/wiki/Chapter_129,community_wiki_secondary,411639,2025-03-18T05:22:52Z
130,The Reason for the Recruitment,Greed Island arc,15,2001-10-15,1661,2001,46,0,2001-10-06,9,1,0,0,7,15,3,0,10,,2001-06-25,98,,,,2002-04-04,"October 15<sup>th</sup>, 2001 (''Weekly Shōnen Jump #1661, No. 46'') <br /> April 4<sup>th</sup>, 2002 (''tankōbon'' format)",hunterpedia,,,https://hunterxhunter.fandom.com/wiki/Chapter_130,community_wiki_secondary,328156,2022-11-25T21:42:10Z
131,The Answer,Greed Island arc,15,2001-10-22,1662,2001,47,0,2001-10-15,7,1,0,0,7,15,4,0,10,,2001-06-25,98,,,,2002-04-04,"October 22<sup>nd</sup>, 2001 (''Weekly Shōnen Jump #1662, No. 47'') <br /> April 4<sup>th</sup>, 2002 (''tankōbon'' format)",hunterpedia,,,https://hunterxhunter.fandom.com/wiki/Chapter_131,community_wiki_secondary,329193,2022-12-04T21:35:36Z
132,The Forty Spells,Greed Island arc,15,2001-10-29,1663,2001,48,0,2001-10-22,7,1,0,0,7,15,5,0,10,,2001-06-25,98,,,,2002-04-04,"October 29<sup>th</sup>, 2001 (''Weekly Shōnen Jump #1663, No. 48'') <br /> April 4<sup>th</sup>, 2002 (''tankōbon'' format)",hunterpedia,,,https://hunterxhunter.fandom.com/wiki/Chapter_132,community_wiki_secondary,417938,2025-12-02T01:49:10Z
133,How to Defend Yourself Without Spells,Greed Island arc,15,2001-11-19,1666,2001,51,0,2001-10-29,21,3,2,0,7,15,6,0,10,,2001-06-25,98,,,,2002-04-04,"November 19<sup>th</sup>, 2001 (''Weekly Shōnen Jump #1666, No. 51'') <br /> April 4<sup>th</sup>, 2002 (''tankōbon'' format)",hunterpedia,,,https://hunterxhunter.fandom.com/wiki/Chapter_133,community_wiki_secondary,328159,2022-11-25T21:42:19Z
134,The Island's Secret,Greed Island arc,15,2001-11-26,1667,2001,52,0,2001-11-19,7,1,0,0,7,15,7,0,10,,2001-06-25,98,,,,2002-04-04,"November 26<sup>th</sup>, 2001 (''Weekly Shōnen Jump #1667, No. 52'') <br /> April 4<sup>th</sup>, 2002 (''tankōbon'' format)",hunterpedia,,,https://hunterxhunter.fandom.com/wiki/Chapter_134,community_wiki_secondary,406645,2024-11-01T22:21:44Z
135,To Masadora! Part 1,Greed Island arc,15,2001-12-17,1670,2002,3,0,2001-11-26,21,3,2,0,7,15,8,0,10,,2001-06-25,98,,,,2002-04-04,"December 17<sup>th</sup>, 2001 (''Weekly Shōnen Jump #1670, No. 3'') <br /> April 4<sup>th</sup>, 2002 (''tankōbon'' format)",hunterpedia,,,https://hunterxhunter.fandom.com/wiki/Chapter_135,community_wiki_secondary,329194,2022-12-04T21:35:47Z
136,To Masadora! Part 2,Greed Island arc,15,2001-12-28,1671,2002,4-5,1,2001-12-17,11,1,0,0,7,15,9,0,10,,2001-06-25,98,,,,2002-04-04,"December 28<sup>th</sup>, 2001 (''Weekly Shōnen Jump #1671, No. 4-5'') <br /> April 4<sup>th</sup>, 2002 (''tankōbon'' format)",hunterpedia,,,https://hunterxhunter.fandom.com/wiki/Chapter_136,community_wiki_secondary,372987,2023-09-26T13:20:25Z
137,To Masadora! Part 3,Greed Island arc,15,2002-01-07,1672,2002,6-7,1,2001-12-28,10,1,0,0,7,15,10,0,10,,2001-06-25,98,,,,2002-04-04,"January 7<sup>th</sup>, 2002 (''Weekly Shōnen Jump #1672, No. 6-7'') <br /> April 4<sup>th</sup>, 2002 (''tankōbon'' format)",hunterpedia,,,https://hunterxhunter.fandom.com/wiki/Chapter_137,community_wiki_secondary,329195,2022-12-04T21:35:52Z
138,To Masadora...?,Greed Island arc,15,2002-01-21,1673,2002,8,0,2002-01-07,14,1,0,0,7,16,1,1,8,0,2001-10-01,112,,,,2002-04-04,"January 21<sup>st</sup>, 2002 (''Weekly Shōnen Jump #1673, No. 8'') <br /> April 4<sup>th</sup>, 2002 (''tankōbon'' format)",hunterpedia,,,https://hunterxhunter.fandom.com/wiki/Chapter_138,community_wiki_secondary,329196,2022-12-04T21:35:55Z
139,Are They Really Going to Masadora?,Greed Island arc,19,2002-01-28,1674,2002,9,0,2002-01-21,7,1,0,0,7,16,2,0,8,,2001-10-01,112,,,,2002-04-04,"January 28<sup>th</sup>, 2002 (''Weekly Shōnen Jump #1674, No. 9'') <br /> April 4<sup>th</sup>, 2002 (''tankōbon'' format)",hunterpedia,,,https://hunterxhunter.fandom.com/wiki/Chapter_139,community_wiki_secondary,322153,2022-11-01T23:36:58Z
140,"They Got to Masadora, But...",Greed Island arc,15,2002-02-09,1676,2002,11,0,2002-01-28,12,2,1,0,7,16,3,0,8,,2001-10-01,112,,,,2002-10-04,"February 9<sup>th</sup>, 2002 (''Weekly Shōnen Jump #1676, No. 11'') <br /> October 4<sup>th</sup>, 2002 (''tankōbon'' format)",hunterpedia,,,https://hunterxhunter.fandom.com/wiki/Chapter_140,community_wiki_secondary,322152,2022-11-01T23:35:43Z
141,"They Went to Masadora Already, So I'll Go With a Different Title Now",Greed Island arc,15,2002-02-18,1677,2002,12,0,2002-02-09,9,1,0,0,7,16,4,0,8,,2001-10-01,112,,,,2002-10-04,"February 18<sup>th</sup>, 2002 (''Weekly Shōnen Jump #1677, No. 12'') <br /> October 4<sup>th</sup>, 2002 (''tankōbon'' format)",hunterpedia,,,https://hunterxhunter.fandom.com/wiki/Chapter_141,community_wiki_secondary,322151,2022-11-01T23:34:17Z
142,The Bomber,Greed Island arc,15,2002-03-04,1679,2002,14,0,2002-02-18,14,2,1,0,7,16,5,0,8,,2001-10-01,112,,,,2002-10-04,"March 4<sup>th</sup>, 2002 (''Weekly Shōnen Jump #1679, No. 14'') <br /> October 4<sup>th</sup>, 2002 (''tankōbon'' format)",hunterpedia,,,https://hunterxhunter.fandom.com/wiki/Chapter_142,community_wiki_secondary,417939,2025-12-02T01:49:20Z
143,Countdown,Greed Island arc,15,2002-03-11,1680,2002,15,0,2002-03-04,7,1,0,0,7,16,6,0,8,,2001-10-01,112,,,,2002-10-04,"March 11<sup>th</sup>, 2002 (''Weekly Shōnen Jump #1680, No. 15'') <br /> October 4<sup>th</sup>, 2002 (''tankōbon'' format)",hunterpedia,,,https://hunterxhunter.fandom.com/wiki/Chapter_143,community_wiki_secondary,417940,2025-12-02T01:49:33Z
144,Release,Greed Island arc,15,2002-03-18,1681,2002,16,0,2002-03-11,7,1,0,0,7,16,7,0,8,,2001-10-01,112,,,,2002-10-04,"March 18<sup>th</sup>, 2002 (''Weekly Shōnen Jump #1681, No. 16'') <br /> October 4<sup>th</sup>, 2002 (''tankōbon'' format)",hunterpedia,,,https://hunterxhunter.fandom.com/wiki/Chapter_144,community_wiki_secondary,417941,2025-12-02T01:49:42Z
145,Janken,Greed Island arc,15,2002-04-01,1683,2002,18,0,2002-03-18,14,2,1,0,7,16,8,0,8,,2001-10-01,112,,,,2002-10-04,"April 1<sup>st</sup>, 2002 (''Weekly Shōnen Jump #1683, No. 18'') <br /> October 4<sup>th</sup>, 2002 (''tankōbon'' format)",hunterpedia,,,https://hunterxhunter.fandom.com/wiki/Chapter_145,community_wiki_secondary,421581,2026-07-06T16:54:09Z
146,Abengane: Part 1,Greed Island arc,15,2002-04-27,1687,2002,22-23,1,2002-04-01,26,4,3,0,8,17,1,1,3,3,2002-01-21,96,,,,2002-10-04,"April 27<sup>th</sup>, 2002 (''Weekly Shōnen Jump #1687, No. 22-23'') <br /> October 4<sup>th</sup>, 2002 (''tankōbon'' format)",hunterpedia,,,https://hunterxhunter.fandom.com/wiki/Chapter_146,community_wiki_secondary,420618,2026-06-22T21:57:26Z
147,Abengane: Part 2,Greed Island arc,15,2002-05-13,1688,2002,24,0,2002-04-27,16,1,0,0,8,17,2,0,3,,2002-01-21,96,,,,2002-10-04,"May 13<sup>th</sup>, 2002 (''Weekly Shōnen Jump #1688, No. 24'') <br /> October 4<sup>th</sup>, 2002 (''tankōbon'' format)",hunterpedia,,,https://hunterxhunter.fandom.com/wiki/Chapter_147,community_wiki_secondary,382613,2024-01-27T21:19:36Z
148,The Exam Begins,Greed Island arc,15,2002-05-20,1689,2002,25,0,2002-05-13,7,1,0,0,8,17,3,0,3,,2002-01-21,96,,,,2002-10-04,"May 20<sup>th</sup>, 2002 (''Weekly Shōnen Jump #1689, No. 25'') <br /> October 4<sup>th</sup>, 2002 (''tankōbon'' format)",hunterpedia,,,https://hunterxhunter.fandom.com/wiki/Chapter_148,community_wiki_secondary,422184,2026-07-15T14:56:39Z
149,Encounter,Greed Island arc,15,2002-07-08,1696,2002,32,0,2002-05-20,49,7,6,0,9,18,1,1,10,6,2002-04-27,72,,,,2002-10-04,"July 8<sup>th</sup>, 2002 (''Weekly Shōnen Jump #1696, No. 32'') <br /> October 4<sup>th</sup>, 2002 (''tankōbon'' format)",hunterpedia,,,https://hunterxhunter.fandom.com/wiki/Chapter_149,community_wiki_secondary,329197,2022-12-04T21:36:26Z
150,Embarkment,Greed Island arc,15,2002-07-15,1697,2002,33,0,2002-07-08,7,1,0,0,9,18,2,0,10,,2002-04-27,72,,,,2002-10-04,"July 15<sup>th</sup>, 2002 (''Weekly Shōnen Jump #1697, No. 33'') <br /> October 4<sup>th</sup>, 2002 (''tankōbon'' format)",hunterpedia,,,https://hunterxhunter.fandom.com/wiki/Chapter_150,community_wiki_secondary,369273,2023-07-16T01:16:21Z
151,Progress,Greed Island arc,15,2002-07-22,1698,2002,34,0,2002-07-15,7,1,0,0,9,18,3,0,10,,2002-04-27,72,,,,2002-10-04,"July 22<sup>nd</sup>, 2002 (''Weekly Shōnen Jump #1698, No. 34'') <br /> October 4<sup>th</sup>, 2002 (''tankōbon'' format)",hunterpedia,,,https://hunterxhunter.fandom.com/wiki/Chapter_151,community_wiki_secondary,328170,2022-11-25T21:43:14Z
152,Contact,Greed Island arc,15,2002-08-05,1700,2002,36,0,2002-07-22,14,2,1,0,9,18,4,0,10,,2002-04-27,72,,,,2003-02-04,"August 5<sup>th</sup>, 2002 (''Weekly Shōnen Jump #1700, No. 36'') <br /> February 4<sup>th</sup>, 2003 (''tankōbon'' format)",hunterpedia,,,https://hunterxhunter.fandom.com/wiki/Chapter_152,community_wiki_secondary,416193,2025-09-01T04:14:42Z
153,Success,Greed Island arc,15,2002-08-12,1701,2002,37-38,1,2002-08-05,7,1,0,0,9,18,5,0,10,,2002-04-27,72,,,,2003-02-04,"August 12<sup>th</sup>, 2002 (''Weekly Shōnen Jump #1701, No. 37-38'') <br /> February 4<sup>th</sup>, 2003 (''tankōbon'' format)",hunterpedia,,,https://hunterxhunter.fandom.com/wiki/Chapter_153,community_wiki_secondary,416194,2025-09-01T04:14:47Z
154,Common Cause,Greed Island arc,15,2002-08-26,1702,2002,39,0,2002-08-12,14,1,0,0,9,18,6,0,10,,2002-04-27,72,,,,2003-02-04,"August 26<sup>th</sup>, 2002 (''Weekly Shōnen Jump #1702, No. 39'') <br /> February 4<sup>th</sup>, 2003 (''tankōbon'' format)",hunterpedia,,,https://hunterxhunter.fandom.com/wiki/Chapter_154,community_wiki_secondary,329199,2022-12-04T21:36:41Z
155,The Captain and His 14 Devils,Greed Island arc,9,2002-09-09,1704,2002,41,0,2002-08-26,14,2,1,0,9,18,7,0,10,,2002-04-27,72,,,,2003-02-04,"September 9<sup>th</sup>, 2002 (''Weekly Shōnen Jump #1704, No. 41'') <br /> February 4<sup>th</sup>, 2003 (''tankōbon'' format)",hunterpedia,,,https://hunterxhunter.fandom.com/wiki/Chapter_155,community_wiki_secondary,416195,2025-09-01T04:14:53Z
156,Face-Off: Part 1,Greed Island arc,15,2002-09-14,1705,2002,42,0,2002-09-09,5,1,0,0,9,18,8,0,10,,2002-04-27,72,,,,2003-02-04,"September 14<sup>th</sup>, 2002 (''Weekly Shōnen Jump #1705, No. 42'') <br /> February 4<sup>th</sup>, 2003 (''tankōbon'' format)",hunterpedia,,,https://hunterxhunter.fandom.com/wiki/Chapter_156,community_wiki_secondary,328175,2022-11-25T21:43:32Z
157,Face-Off: Part 2,Greed Island arc,15,2002-09-23,1706,2002,43,0,2002-09-14,9,1,0,0,9,18,9,0,10,,2002-04-27,72,,,,2003-02-04,"September 23<sup>rd</sup>, 2002 (''Weekly Shōnen Jump #1706, No. 43'') <br /> February 4<sup>th</sup>, 2003 (''tankōbon'' format)",hunterpedia,,,https://hunterxhunter.fandom.com/wiki/Chapter_157,community_wiki_secondary,328176,2022-11-25T21:43:36Z
158,Two of a Kind +1,Greed Island arc,15,2002-09-30,1707,2002,44,0,2002-09-23,7,1,0,0,9,18,10,0,10,,2002-04-27,72,,,,2003-02-04,"September 30<sup>th</sup>, 2002 (''Weekly Shōnen Jump #1707, No. 44'') <br /> February 4<sup>th</sup>, 2003 (''tankōbon'' format)",hunterpedia,,,https://hunterxhunter.fandom.com/wiki/Chapter_158,community_wiki_secondary,382703,2024-01-28T18:21:34Z
159,"Aiai, the City of Love",Greed Island arc,15,2002-10-12,1709,2002,46,0,2002-09-30,12,2,1,0,9,19,1,1,10,0,2002-07-08,96,,,,2003-02-04,"October 12<sup>th</sup>, 2002 (''Weekly Shōnen Jump #1709, No. 46'') <br /> February 4<sup>th</sup>, 2003 (''tankōbon'' format)",hunterpedia,,,https://hunterxhunter.fandom.com/wiki/Chapter_159,community_wiki_secondary,416196,2025-09-01T04:14:58Z
160,Face-Off: Part 3,Greed Island arc,15,2002-10-28,1711,2002,48,0,2002-10-12,16,2,1,0,9,19,2,0,10,,2002-07-08,96,,,,2003-02-04,"October 28<sup>th</sup>, 2002 (''Weekly Shōnen Jump #1711, No. 48'') <br /> February 4<sup>th</sup>, 2003 (''tankōbon'' format)",hunterpedia,,,https://hunterxhunter.fandom.com/wiki/Chapter_160,community_wiki_secondary,416197,2025-09-01T04:15:03Z
161,Face-Off: Part 4,Greed Island arc,15,2002-11-02,1712,2002,49,0,2002-10-28,5,1,0,0,9,19,3,0,10,,2002-07-08,96,,,,2003-02-04,"November 2<sup>nd</sup>, 2002 (''Weekly Shōnen Jump #1712, No. 49'') <br /> February 4<sup>th</sup>, 2003 (''tankōbon'' format)",hunterpedia,,,https://hunterxhunter.fandom.com/wiki/Chapter_161,community_wiki_secondary,413494,2025-07-14T22:15:58Z
162,Face-Off: Part 5,Greed Island arc,15,2002-11-11,1713,2002,50,0,2002-11-02,9,1,0,0,9,19,4,0,10,,2002-07-08,96,,,,2003-02-04,"November 11<sup>th</sup>, 2002 (''Weekly Shōnen Jump #1713, No. 50'') <br /> February 4<sup>th</sup>, 2003 (''tankōbon'' format)",hunterpedia,,,https://hunterxhunter.fandom.com/wiki/Chapter_162,community_wiki_secondary,322130,2022-11-01T23:05:43Z
163,Face-Off: Part 6,Greed Island arc,15,2002-11-18,1714,2002,51,0,2002-11-11,7,1,0,0,9,19,5,0,10,,2002-07-08,96,,,,2003-02-04,"November 18<sup>th</sup>, 2002 (''Weekly Shōnen Jump #1714, No. 51'') <br /> February 4<sup>th</sup>, 2003 (''tankōbon'' format)",hunterpedia,,,https://hunterxhunter.fandom.com/wiki/Chapter_163,community_wiki_secondary,322129,2022-11-01T23:05:13Z
164,Face-Off: Part 7,Greed Island arc,15,2002-11-25,1715,2002,52,0,2002-11-18,7,1,0,0,9,19,6,0,10,,2002-07-08,96,,,,2003-06-04,"November 25<sup>th</sup>, 2002 (''Weekly Shōnen Jump #1715, No. 52'') <br /> June 4<sup>th</sup>, 2003 (''tankōbon'' format)",hunterpedia,,,https://hunterxhunter.fandom.com/wiki/Chapter_164,community_wiki_secondary,322128,2022-11-01T22:59:39Z
165,Face-Off: Part 8,Greed Island arc,15,2002-12-02,1716,2003,1,0,2002-11-25,7,1,0,0,9,19,7,0,10,,2002-07-08,96,,,,,"December 2<sup>nd</sup>, 2002 (''Weekly Shōnen Jump #1716, No. 1'')",hunterpedia,,,https://hunterxhunter.fandom.com/wiki/Chapter_165,community_wiki_secondary,322127,2022-11-01T22:58:47Z
166,Face-Off: Part 9,Greed Island arc,15,2002-12-09,1717,2003,2,0,2002-12-02,7,1,0,0,9,19,8,0,10,,2002-07-08,96,,,,2003-06-04,"December 9<sup>th</sup>, 2002 (''Weekly Shōnen Jump #1717, No. 2'') <br /> June 4<sup>th</sup>, 2003 (''tankōbon'' format)",hunterpedia,,,https://hunterxhunter.fandom.com/wiki/Chapter_166,community_wiki_secondary,417820,2025-11-24T01:09:06Z
167,Face-Off: Part 10,Greed Island arc,15,2002-12-16,1718,2003,3-4,1,2002-12-09,7,1,0,0,9,19,9,0,10,,2002-07-08,96,,,,2003-06-04,"December 16<sup>th</sup>, 2002 (''Weekly Shōnen Jump #1718, No. 3-4'') <br /> June 4<sup>th</sup>, 2003 (''tankōbon'' format)",hunterpedia,,,https://hunterxhunter.fandom.com/wiki/Chapter_167,community_wiki_secondary,329204,2022-12-04T21:37:18Z
168,Face-Off: Part 11,Greed Island arc,15,2002-12-30,1719,2003,5,0,2002-12-16,14,1,0,0,9,19,10,0,10,,2002-07-08,96,,,,2003-06-04,"December 30<sup>th</sup>, 2002 (''Weekly Shōnen Jump #1719, No. 5'') <br /> June 4<sup>th</sup>, 2003 (''tankōbon'' format)",hunterpedia,,,https://hunterxhunter.fandom.com/wiki/Chapter_168,community_wiki_secondary,329205,2022-12-04T21:37:21Z
169,Declaration of War,Greed Island arc,15,2003-01-06,1720,2003,6-7,1,2002-12-30,7,1,0,0,9,20,1,1,10,0,2002-10-12,86,,,,2003-06-04,"January 6<sup>th</sup>, 2003 (''Weekly Shōnen Jump #1720, No. 6-7'') <br /> June 4<sup>th</sup>, 2003 (''tankōbon'' format)",hunterpedia,,,https://hunterxhunter.fandom.com/wiki/Chapter_169,community_wiki_secondary,416198,2025-09-01T04:15:09Z
170,Three-Way Struggle: Part 1,Greed Island arc,15,2003-01-20,1721,2003,8,0,2003-01-06,14,1,0,0,9,20,2,0,10,,2002-10-12,86,,,,2003-06-04,"January 20<sup>th</sup>, 2003 (''Weekly Shōnen Jump #1721, No. 8'') <br /> June 4<sup>th</sup>, 2003 (''tankōbon'' format)",hunterpedia,,,https://hunterxhunter.fandom.com/wiki/Chapter_170,community_wiki_secondary,416199,2025-09-01T04:15:15Z
171,Three-Way Struggle: Part 2,Greed Island arc,15,2003-01-27,1722,2003,9,0,2003-01-20,7,1,0,0,9,20,3,0,10,,2002-10-12,86,,,,2003-06-04,"January 27<sup>th</sup>, 2003 (''Weekly Shōnen Jump #1722, No. 9'') <br /> June 4<sup>th</sup>, 2003 (''tankōbon'' format)",hunterpedia,,,https://hunterxhunter.fandom.com/wiki/Chapter_171,community_wiki_secondary,322121,2022-11-01T22:29:22Z
172,Three-Way Struggle: Part 3,Greed Island arc,15,2003-02-03,1723,2003,10,0,2003-01-27,7,1,0,0,9,20,4,0,10,,2002-10-12,86,,,,2003-06-04,"February 3<sup>rd</sup>, 2003 (''Weekly Shōnen Jump #1723, No. 10'') <br /> June 4<sup>th</sup>, 2003 (''tankōbon'' format)",hunterpedia,,,https://hunterxhunter.fandom.com/wiki/Chapter_172,community_wiki_secondary,322120,2022-11-01T22:28:46Z
173,Three-Way Struggle: Part 4,Greed Island arc,15,2003-02-17,1725,2003,12,0,2003-02-03,14,2,1,0,9,20,5,0,10,,2002-10-12,86,,,,2003-06-04,"February 17<sup>th</sup>, 2003 (''Weekly Shōnen Jump #1725, No. 12'') <br /> June 4<sup>th</sup>, 2003 (''tankōbon'' format)",hunterpedia,,,https://hunterxhunter.fandom.com/wiki/Chapter_173,community_wiki_secondary,416200,2025-09-01T04:15:21Z
174,Three-Way Struggle: Part 5,Greed Island arc,15,2003-02-24,1726,2003,13,0,2003-02-17,7,1,0,0,9,20,6,0,10,,2002-10-12,86,,,,2003-06-04,"February 24<sup>th</sup>, 2003 (''Weekly Shōnen Jump #1726, No. 13'') <br /> June 4<sup>th</sup>, 2003 (''tankōbon'' format)",hunterpedia,,,https://hunterxhunter.fandom.com/wiki/Chapter_174,community_wiki_secondary,416201,2025-09-01T04:15:27Z
175,Three-Way Struggle: Part 6,Greed Island arc,15,2003-03-03,1727,2003,14,0,2003-02-24,7,1,0,0,9,20,7,0,10,,2002-10-12,86,,,,2003-06-04,"March 3<sup>rd</sup>, 2003 (''Weekly Shōnen Jump #1727, No. 14'') <br /> June 4<sup>th</sup>, 2003 (''tankōbon'' format)",hunterpedia,,,https://hunterxhunter.fandom.com/wiki/Chapter_175,community_wiki_secondary,329208,2022-12-04T21:37:43Z
176,Three-Way Struggle: Part 7,Greed Island arc,15,2003-03-10,1728,2003,15,0,2003-03-03,7,1,0,0,9,20,8,0,10,,2002-10-12,86,,,,2003-10-03,"March 10<sup>th</sup>, 2003 (''Weekly Shōnen Jump #1728, No. 15'') <br /> October 3<sup>rd</sup>, 2003 (''tankōbon'' format)",hunterpedia,,,https://hunterxhunter.fandom.com/wiki/Chapter_176,community_wiki_secondary,373126,2023-09-26T21:56:58Z
177,Three-Way Struggle: Part 8,Greed Island arc,15,2003-03-24,1730,2003,17,0,2003-03-10,14,2,1,0,9,20,9,0,10,,2002-10-12,86,,,,2003-10-03,"March 24<sup>th</sup>, 2003 (''Weekly Shōnen Jump #1730, No. 17'') <br /> October 3<sup>rd</sup>, 2003 (''tankōbon'' format)",hunterpedia,,,https://hunterxhunter.fandom.com/wiki/Chapter_177,community_wiki_secondary,322058,2022-10-31T05:30:16Z
178,Three-Way Struggle: Part 9,Greed Island arc,15,2003-03-31,1731,2003,18,0,2003-03-24,7,1,0,0,9,20,10,0,10,,2002-10-12,86,,,,2003-10-03,"March 31<sup>st</sup>, 2003 (''Weekly Shōnen Jump #1731, No. 18'') <br /> October 3<sup>rd</sup>, 2003 (''tankōbon'' format)",hunterpedia,,,https://hunterxhunter.fandom.com/wiki/Chapter_178,community_wiki_secondary,423424,2026-07-29T03:29:00Z
179,Three-Way Struggle: Part 10,Greed Island arc,15,2003-04-14,1733,2003,20,0,2003-03-31,14,2,1,0,9,21,1,1,10,0,2003-01-06,98,,,,2003-10-03,"April 14<sup>th</sup>, 2003 (''Weekly Shōnen Jump #1733, No. 20'') <br /> October 3<sup>rd</sup>, 2003 (''tankōbon'' format)",hunterpedia,,,https://hunterxhunter.fandom.com/wiki/Chapter_179,community_wiki_secondary,328301,2022-11-26T10:55:35Z
180,Three-Way Struggle: Part 11,Greed Island arc,15,2003-04-21,1734,2003,21,0,2003-04-14,7,1,0,0,9,21,2,0,10,,2003-01-06,98,,,,2003-10-03,"April 21<sup>st</sup>, 2003 (''Weekly Shōnen Jump #1734, No. 21'') <br /> October 3<sup>rd</sup>, 2003 (''tankōbon'' format)",hunterpedia,,,https://hunterxhunter.fandom.com/wiki/Chapter_180,community_wiki_secondary,322055,2022-10-31T05:27:43Z
181,Three-Way Struggle: Part 12,Greed Island arc,15,2003-04-28,1735,2003,22-23,1,2003-04-21,7,1,0,0,9,21,3,0,10,,2003-01-06,98,,,,2003-10-03,"April 28<sup>th</sup>, 2003 (''Weekly Shōnen Jump #1735, No. 22-23'') <br /> October 3<sup>rd</sup>, 2003 (''tankōbon'' format)",hunterpedia,,,https://hunterxhunter.fandom.com/wiki/Chapter_181,community_wiki_secondary,322054,2022-10-31T05:27:04Z
182,Three-Way Struggle: Part 13,Greed Island arc,15,2003-05-12,1736,2003,24,0,2003-04-28,14,1,0,0,9,21,4,0,10,,2003-01-06,98,,,,2003-10-03,"May 12<sup>th</sup>, 2003 (''Weekly Shōnen Jump #1736, No. 24'') <br /> October 3<sup>rd</sup>, 2003 (''tankōbon'' format)",hunterpedia,,,https://hunterxhunter.fandom.com/wiki/Chapter_182,community_wiki_secondary,329210,2022-12-04T21:38:03Z
183,Three-Way Struggle: Part 14,Greed Island arc,15,2003-05-26,1738,2003,26,0,2003-05-12,14,2,1,0,9,21,5,0,10,,2003-01-06,98,,,,2003-10-03,"May 26<sup>th</sup>, 2003 (''Weekly Shōnen Jump #1738, No. 26'') <br /> October 3<sup>rd</sup>, 2003 (''tankōbon'' format)",hunterpedia,,,https://hunterxhunter.fandom.com/wiki/Chapter_183,community_wiki_secondary,417636,2025-11-14T03:45:06Z
184,The Choice of Three Cards,Greed Island arc,15,2003-06-02,1739,2003,27,0,2003-05-26,7,1,0,0,9,21,6,0,10,,2003-01-06,98,,,,2003-10-03,"June 2<sup>nd</sup>, 2003 (''Weekly Shōnen Jump #1739, No. 27'') <br /> October 3<sup>rd</sup>, 2003 (''tankōbon'' format)",hunterpedia,,,https://hunterxhunter.fandom.com/wiki/Chapter_184,community_wiki_secondary,329212,2022-12-04T21:38:10Z
185,Chance Encounter,Greed Island arc,15,2003-06-09,1740,2003,28,0,2003-06-02,7,1,0,0,9,21,7,0,10,,2003-01-06,98,,,,2003-10-03,"June 9<sup>th</sup>, 2003 (''Weekly Shōnen Jump #1740, No. 28'') <br /> October 3<sup>rd</sup>, 2003 (''tankōbon'' format)",hunterpedia,,,https://hunterxhunter.fandom.com/wiki/Chapter_185,community_wiki_secondary,416204,2025-09-01T04:15:50Z
186,The Queen,Chimera Ant arc,15,2003-06-23,1742,2003,30,0,2003-06-09,14,2,1,0,9,21,8,0,10,,2003-01-06,98,,,,2003-10-03,"June 23<sup>rd</sup>, 2003 (''Weekly Shōnen Jump #1742, No. 30'') <br /> October 3<sup>rd</sup>, 2003 (''tankōbon'' format)",hunterpedia,,,https://hunterxhunter.fandom.com/wiki/Chapter_186,community_wiki_secondary,416206,2025-09-01T04:58:40Z
187,The Best Fodder,Chimera Ant arc,15,2003-06-30,1743,2003,31,0,2003-06-23,7,1,0,0,9,21,9,0,10,,2003-01-06,98,,,,2003-10-03,"June 30<sup>th</sup>, 2003 (''Weekly Shōnen Jump #1743, No. 31'') <br /> October 3<sup>rd</sup>, 2003 (''tankōbon'' format)",hunterpedia,,,https://hunterxhunter.fandom.com/wiki/Chapter_187,community_wiki_secondary,383204,2024-02-02T22:22:45Z
188,NGL,Chimera Ant arc,15,2003-07-07,1744,2003,32,0,2003-06-30,7,1,0,0,9,21,10,0,10,,2003-01-06,98,,,,2004-02-04,"July 7<sup>th</sup>, 2003 (''Weekly Shōnen Jump #1744, No. 32'') <br /> February 4<sup>th</sup>, 2004 (''tankōbon'' format)",hunterpedia,,,https://hunterxhunter.fandom.com/wiki/Chapter_188,community_wiki_secondary,416207,2025-09-01T04:58:48Z
189,Infiltration,Chimera Ant arc,15,2003-07-19,1746,2003,34,0,2003-07-07,12,2,1,0,9,22,1,1,10,0,2003-04-14,96,,,,2004-02-04,"July 19<sup>th</sup>, 2003 (''Weekly Shōnen Jump #1746, No. 34'') <br /> February 4<sup>th</sup>, 2004 (''tankōbon'' format)",hunterpedia,,,https://hunterxhunter.fandom.com/wiki/Chapter_189,community_wiki_secondary,383210,2024-02-03T02:42:18Z
190,The Hunt,Chimera Ant arc,15,2003-07-28,1747,2003,35,0,2003-07-19,9,1,0,0,9,22,2,0,10,,2003-04-14,96,,,,2004-02-04,"July 28<sup>th</sup>, 2003 (''Weekly Shōnen Jump #1747, No. 35'') <br /> February 4<sup>th</sup>, 2004 (''tankōbon'' format)",hunterpedia,,,https://hunterxhunter.fandom.com/wiki/Chapter_190,community_wiki_secondary,329215,2022-12-04T21:38:29Z
191,Pros,Chimera Ant arc,15,2003-08-11,1749,2003,37-38,1,2003-07-28,14,2,1,0,9,22,3,0,10,,2003-04-14,96,,,,2004-02-04,"August 11<sup>th</sup>, 2003 (''Weekly Shōnen Jump #1749, No. 37-38'') <br /> February 4<sup>th</sup>, 2004 (''tankōbon'' format)",hunterpedia,,,https://hunterxhunter.fandom.com/wiki/Chapter_191,community_wiki_secondary,328186,2022-11-25T21:45:15Z
192,Human Dog,Chimera Ant arc,15,2003-08-25,1750,2003,39,0,2003-08-11,14,1,0,0,9,22,4,0,10,,2003-04-14,96,,,,2004-02-04,"August 25<sup>th</sup>, 2003 (''Weekly Shōnen Jump #1750, No. 39'') <br /> February 4<sup>th</sup>, 2004 (''tankōbon'' format)",hunterpedia,,,https://hunterxhunter.fandom.com/wiki/Chapter_192,community_wiki_secondary,329216,2022-12-04T21:38:34Z
193,Scissors,Chimera Ant arc,15,2003-09-01,1751,2003,40,0,2003-08-25,7,1,0,0,9,22,5,0,10,,2003-04-14,96,,,,2004-02-04,"September 1<sup>st</sup>, 2003 (''Weekly Shōnen Jump #1751, No. 40'') <br /> February 4<sup>th</sup>, 2004 (''tankōbon'' format)",hunterpedia,,,https://hunterxhunter.fandom.com/wiki/Chapter_193,community_wiki_secondary,325320,2022-11-12T23:10:01Z
194,vs. Hagya's Squad: Part 1,Chimera Ant arc,15,2003-09-13,1753,2003,42,0,2003-09-01,12,2,1,0,9,22,6,0,10,,2003-04-14,96,,,,2004-02-04,"September 13<sup>th</sup>, 2003 (''Weekly Shōnen Jump #1753, No. 42'') <br /> February 4<sup>th</sup>, 2004 (''tankōbon'' format)",hunterpedia,,,https://hunterxhunter.fandom.com/wiki/Chapter_194,community_wiki_secondary,329217,2022-12-04T21:38:40Z
195,vs. Hagya's Squad: Part 2,Chimera Ant arc,15,2003-09-22,1754,2003,43,0,2003-09-13,9,1,0,0,9,22,7,0,10,,2003-04-14,96,,,,2004-02-04,"September 22<sup>nd</sup>, 2003 (''Weekly Shōnen Jump #1754, No. 43'') <br /> February 4<sup>th</sup>, 2004 (''tankōbon'' format)",hunterpedia,,,https://hunterxhunter.fandom.com/wiki/Chapter_195,community_wiki_secondary,416208,2025-09-01T04:58:56Z
196,vs. Hagya's Squad: Part 3,Chimera Ant arc,15,2003-09-29,1755,2003,44,0,2003-09-22,7,1,0,0,9,22,8,0,10,,2003-04-14,96,,,,2004-02-04,"September 29<sup>th</sup>, 2003 (''Weekly Shōnen Jump #1755, No. 44'') <br /> February 4<sup>th</sup>, 2004 (''tankōbon'' format)",hunterpedia,,,https://hunterxhunter.fandom.com/wiki/Chapter_196,community_wiki_secondary,418555,2025-12-20T01:14:25Z
197,vs. Hagya's Squad: Part 4,Chimera Ant arc,15,2003-10-06,1756,2003,45,0,2003-09-29,7,1,0,0,9,22,9,0,10,,2003-04-14,96,,,,2004-02-04,"October 6<sup>th</sup>, 2003 (''Weekly Shōnen Jump #1756, No. 45'') <br /> February 4<sup>th</sup>, 2004 (''tankōbon'' format)",hunterpedia,,,https://hunterxhunter.fandom.com/wiki/Chapter_197,community_wiki_secondary,416210,2025-09-01T04:59:12Z
198,Sudden Attack,Chimera Ant arc,15,2003-10-20,1758,2003,47,0,2003-10-06,14,2,1,0,9,22,10,0,10,,2003-04-14,96,,,,2004-02-04,"October 20<sup>th</sup>, 2003 (''Weekly Shōnen Jump #1758, No. 47'') <br /> February 4<sup>th</sup>, 2004 (''tankōbon'' format)",hunterpedia,,,https://hunterxhunter.fandom.com/wiki/Chapter_198,community_wiki_secondary,416866,2025-09-18T08:01:52Z
199,Light and Shadow,Chimera Ant arc,15,2003-10-27,1759,2003,48,0,2003-10-20,7,1,0,0,9,23,1,1,10,0,2003-07-19,100,,,,2004-02-04,"October 27<sup>th</sup>, 2003 (''Weekly Shōnen Jump #1759, No. 48'') <br /> February 4<sup>th</sup>, 2004 (''tankōbon'' format)",hunterpedia,,,https://hunterxhunter.fandom.com/wiki/Chapter_199,community_wiki_secondary,416211,2025-09-01T04:59:20Z
200,Stipulation,Chimera Ant arc,15,2003-11-01,1760,2003,49,0,2003-10-27,5,1,0,0,9,23,2,0,10,,2003-07-19,100,,,,2004-06-04,"November 1<sup>st</sup>, 2003 (''Weekly Shōnen Jump #1760, No. 49'') <br /> June 4<sup>th</sup>, 2004 (''tankōbon'' format)",hunterpedia,,,https://hunterxhunter.fandom.com/wiki/Chapter_200,community_wiki_secondary,416212,2025-09-01T04:59:26Z
201,Reunion,Chimera Ant arc,15,2003-11-17,1762,2003,51,0,2003-11-01,16,2,1,0,9,23,3,0,10,,2003-07-19,100,,,,2004-06-04,"November 17<sup>th</sup>, 2003 (''Weekly Shōnen Jump #1762, No. 51'') <br /> June 4<sup>th</sup>, 2004 (''tankōbon'' format)",hunterpedia,,,https://hunterxhunter.fandom.com/wiki/Chapter_201,community_wiki_secondary,416213,2025-09-01T04:59:32Z
202,Duel,Chimera Ant arc,15,2003-11-22,1763,2003,52,0,2003-11-17,5,1,0,0,9,23,4,0,10,,2003-07-19,100,,,,2004-06-04,"November 22<sup>nd</sup>, 2003 (''Weekly Shōnen Jump #1763, No. 52'') <br /> June 4<sup>th</sup>, 2004 (''tankōbon'' format)",hunterpedia,,,https://hunterxhunter.fandom.com/wiki/Chapter_202,community_wiki_secondary,418675,2025-12-20T18:07:15Z
203,Gyro,Chimera Ant arc,15,2003-12-01,1764,2004,1,0,2003-11-22,9,1,0,0,9,23,5,0,10,,2003-07-19,100,,,,2004-06-04,"December 1<sup>st</sup>, 2003 (''Weekly Shōnen Jump #1764, No. 1'') <br /> June 4<sup>th</sup>, 2004 (''tankōbon'' format)",hunterpedia,,,https://hunterxhunter.fandom.com/wiki/Chapter_203,community_wiki_secondary,416214,2025-09-01T04:59:39Z
204,Gyro's Story,Chimera Ant arc,15,2003-12-15,1766,2004,3,0,2003-12-01,14,2,1,0,9,23,6,0,10,,2003-07-19,100,,,,2004-06-04,"December 15<sup>th</sup>, 2003 (''Weekly Shōnen Jump #1766, No. 3'') <br /> June 4<sup>th</sup>, 2004 (''tankōbon'' format)",hunterpedia,,,https://hunterxhunter.fandom.com/wiki/Chapter_204,community_wiki_secondary,416215,2025-09-01T04:59:45Z
205,Time Remaining,Chimera Ant arc,15,2003-12-22,1767,2004,4-5,1,2003-12-15,7,1,0,0,9,23,7,0,10,,2003-07-19,100,,,,2004-06-04,"December 22<sup>nd</sup>, 2003 (''Weekly Shōnen Jump #1767, No. 4-5'') <br /> June 4<sup>th</sup>, 2004 (''tankōbon'' format)",hunterpedia,,,https://hunterxhunter.fandom.com/wiki/Chapter_205,community_wiki_secondary,416216,2025-09-01T04:59:52Z
206,A Real Fight,Chimera Ant arc,15,2004-01-05,1768,2004,6-7,1,2003-12-22,14,1,0,0,9,23,8,0,10,,2003-07-19,100,,,,2004-06-04,"January 5<sup>th</sup>, 2004 (''Weekly Shōnen Jump #1768, No. 6-7'') <br /> June 4<sup>th</sup>, 2004 (''tankōbon'' format)",hunterpedia,,,https://hunterxhunter.fandom.com/wiki/Chapter_206,community_wiki_secondary,406651,2024-11-01T22:24:54Z
207,Weakness: Part 1,Chimera Ant arc,15,2004-01-26,1770,2004,9,0,2004-01-05,21,2,1,0,9,23,9,0,10,,2003-07-19,100,,,,2004-06-04,"January 26<sup>th</sup>, 2004 (''Weekly Shōnen Jump #1770, No. 9'') <br /> June 4<sup>th</sup>, 2004 (''tankōbon'' format)",hunterpedia,,,https://hunterxhunter.fandom.com/wiki/Chapter_207,community_wiki_secondary,321799,2022-10-29T22:02:09Z
208,Weakness: Part 2,Chimera Ant arc,15,2004-02-02,1771,2004,10,0,2004-01-26,7,1,0,0,9,23,10,0,10,,2003-07-19,100,,,,2004-06-04,"February 2<sup>nd</sup>, 2004 (''Weekly Shōnen Jump #1771, No. 10'') <br /> June 4<sup>th</sup>, 2004 (''tankōbon'' format)",hunterpedia,,,https://hunterxhunter.fandom.com/wiki/Chapter_208,community_wiki_secondary,321798,2022-10-29T22:01:34Z
209,?,Chimera Ant arc,15,2004-02-09,1772,2004,11,0,2004-02-02,7,1,0,0,9,24,1,1,6,0,2003-10-27,105,,,,2004-06-04,"February 9<sup>th</sup>, 2004 (''Weekly Shōnen Jump #1772, No. 11'') <br /> June 4<sup>th</sup>, 2004 (''tankōbon'' format)",hunterpedia,,,https://hunterxhunter.fandom.com/wiki/Chapter_209,community_wiki_secondary,418689,2025-12-21T21:38:57Z
210,Weakness: Part 3,Chimera Ant arc,15,2004-02-23,1774,2004,13,0,2004-02-09,14,2,1,0,9,24,2,0,6,,2003-10-27,105,,,,2004-06-04,"February 23<sup>rd</sup>, 2004 (''Weekly Shōnen Jump #1774, No. 13'') <br /> June 4<sup>th</sup>, 2004 (''tankōbon'' format)",hunterpedia,,,https://hunterxhunter.fandom.com/wiki/Chapter_210,community_wiki_secondary,416217,2025-09-01T04:59:59Z
211,Loan Shark,Chimera Ant arc,15,2004-03-01,1775,2004,14,0,2004-02-23,7,1,0,0,9,24,3,0,6,,2003-10-27,105,,,,2004-06-04,"March 1<sup>st</sup>, 2004 (''Weekly Shōnen Jump #1775, No. 14'') <br /> June 4<sup>th</sup>, 2004 (''tankōbon'' format)",hunterpedia,,,https://hunterxhunter.fandom.com/wiki/Chapter_211,community_wiki_secondary,321795,2022-10-29T21:58:04Z
212,Water Breaking,Chimera Ant arc,15,2004-03-08,1776,2004,15,0,2004-03-01,7,1,0,0,9,24,4,0,6,,2003-10-27,105,,,,2005-02-04,"March 8<sup>th</sup>, 2004 (''Weekly Shōnen Jump #1776, No. 15'') <br /> February 4<sup>th</sup>, 2005 (''tankōbon'' format)",hunterpedia,,,https://hunterxhunter.fandom.com/wiki/Chapter_212,community_wiki_secondary,416218,2025-09-01T05:00:06Z
213,Birth,Chimera Ant arc,15,2004-03-22,1778,2004,17,0,2004-03-08,14,2,1,0,9,24,5,0,6,,2003-10-27,105,,,,2005-02-04,"March 22<sup>nd</sup>, 2004 (''Weekly Shōnen Jump #1778, No. 17'') <br /> February 4<sup>th</sup>, 2005 (''tankōbon'' format)",hunterpedia,,,https://hunterxhunter.fandom.com/wiki/Chapter_213,community_wiki_secondary,416219,2025-09-01T05:00:13Z
214,Results,Chimera Ant arc,15,2004-03-29,1779,2004,18,0,2004-03-22,7,1,0,0,9,24,6,0,6,,2003-10-27,105,,,,2005-02-04,"March 29<sup>th</sup>, 2004 (''Weekly Shōnen Jump #1779, No. 18'') <br /> February 4<sup>th</sup>, 2005 (''tankōbon'' format)",hunterpedia,,,https://hunterxhunter.fandom.com/wiki/Chapter_214,community_wiki_secondary,416220,2025-09-01T05:00:22Z
215,Last Words,Chimera Ant arc,15,2004-04-26,1783,2004,22-23,1,2004-03-29,28,4,3,0,10,25,1,1,1,3,2004-02-09,77,,,,2005-02-04,"April 26<sup>th</sup>, 2004 (''Weekly Shōnen Jump #1783, No. 22-23'') <br /> February 4<sup>th</sup>, 2005 (''tankōbon'' format)",hunterpedia,,,https://hunterxhunter.fandom.com/wiki/Chapter_215,community_wiki_secondary,418691,2025-12-22T18:33:27Z
216,Republic of East Gorteau,Chimera Ant arc,15,2004-06-21,1790,2004,30,0,2004-04-26,56,7,6,0,11,26,1,1,6,6,2004-04-26,56,,,,2005-02-04,"June 21<sup>st</sup>, 2004 (''Weekly Shōnen Jump #1790, No. 30'') <br /> February 4<sup>th</sup>, 2005 (''tankōbon'' format)",hunterpedia,,,https://hunterxhunter.fandom.com/wiki/Chapter_216,community_wiki_secondary,408841,2024-12-06T14:52:36Z
217,Meat Orchard,Chimera Ant arc,15,2004-07-05,1792,2004,32,0,2004-06-21,14,2,1,0,11,26,2,0,6,,2004-04-26,56,,,,2005-02-04,"July 5<sup>th</sup>, 2004 (''Weekly Shōnen Jump #1792, No. 32'') <br /> February 4<sup>th</sup>, 2005 (''tankōbon'' format)",hunterpedia,,,https://hunterxhunter.fandom.com/wiki/Chapter_217,community_wiki_secondary,416222,2025-09-01T05:00:39Z
218,Confession,Chimera Ant arc,15,2004-07-17,1794,2004,34,0,2004-07-05,12,2,1,0,11,26,3,0,6,,2004-04-26,56,,,,2005-02-04,"July 17<sup>th</sup>, 2004 (''Weekly Shōnen Jump #1794, No. 34'') <br /> February 4<sup>th</sup>, 2005 (''tankōbon'' format)",hunterpedia,,,https://hunterxhunter.fandom.com/wiki/Chapter_218,community_wiki_secondary,416109,2025-08-29T04:38:14Z
219,Awakening,Chimera Ant arc,15,2004-07-26,1795,2004,35,0,2004-07-17,9,1,0,0,11,26,4,0,6,,2004-04-26,56,,,,2005-02-04,"July 26<sup>th</sup>, 2004 (''Weekly Shōnen Jump #1795, No. 35'') <br /> February 4<sup>th</sup>, 2005 (''tankōbon'' format)",hunterpedia,,,https://hunterxhunter.fandom.com/wiki/Chapter_219,community_wiki_secondary,408455,2024-12-01T14:53:04Z
220,Reunion: Part 1,Chimera Ant arc,15,2004-08-09,1797,2004,37-38,1,2004-07-26,14,2,1,0,11,26,5,0,6,,2004-04-26,56,,,,2005-02-04,"August 9<sup>th</sup>, 2004 (''Weekly Shōnen Jump #1797, No. 37-38'') <br /> February 4<sup>th</sup>, 2005 (''tankōbon'' format)",hunterpedia,,,https://hunterxhunter.fandom.com/wiki/Chapter_220,community_wiki_secondary,383521,2024-02-08T08:40:01Z
221,Reunion: Part 2,Chimera Ant arc,15,2004-08-30,1799,2004,40,0,2004-08-09,21,2,1,0,11,26,6,0,6,,2004-04-26,56,,,,2005-02-04,"August 30<sup>th</sup>, 2004 (''Weekly Shōnen Jump #1799, No. 40'') <br /> February 4<sup>th</sup>, 2005 (''tankōbon'' format)",hunterpedia,,,https://hunterxhunter.fandom.com/wiki/Chapter_221,community_wiki_secondary,369283,2023-07-16T01:37:46Z
222,Reunion: Part 3,Chimera Ant arc,15,2004-10-09,1805,2004,46,0,2004-08-30,40,6,5,0,12,27,1,1,2,5,2004-06-21,110,,,,2005-02-04,"October 9<sup>th</sup>, 2004 (''Weekly Shōnen Jump #1805, No. 46'') <br /> February 4<sup>th</sup>, 2005 (''tankōbon'' format)",hunterpedia,,,https://hunterxhunter.fandom.com/wiki/Chapter_222,community_wiki_secondary,416223,2025-09-01T05:00:46Z
223,10: Part 1,Chimera Ant arc,15,2004-10-18,1806,2004,47,0,2004-10-09,9,1,0,0,12,27,2,0,2,,2004-06-21,110,,,,,"October 18<sup>th</sup>, 2004 (''Weekly Shōnen Jump #1806, No. 47'')",hunterpedia,,,https://hunterxhunter.fandom.com/wiki/Chapter_223,community_wiki_secondary,418698,2025-12-23T03:39:00Z
224,10: Part 2,Chimera Ant arc,15,2004-11-15,1810,2004,51,0,2004-10-18,28,4,3,0,13,28,1,1,10,3,2004-10-09,37,,,,,"November 15<sup>th</sup>, 2004 (''Weekly Shōnen Jump #1810, No. 51'')",hunterpedia,,,https://hunterxhunter.fandom.com/wiki/Chapter_224,community_wiki_secondary,383536,2024-02-09T06:29:37Z
225,10: Part 3,Chimera Ant arc,15,2004-11-22,1811,2004,52,0,2004-11-15,7,1,0,0,13,28,2,0,10,,2004-10-09,37,,,,2005-07-04,"November 22<sup>nd</sup>, 2004 (''Weekly Shōnen Jump #1811, No. 52'') <br /> July 4<sup>th</sup>, 2005 (''tankōbon'' format)",hunterpedia,,,https://hunterxhunter.fandom.com/wiki/Chapter_225,community_wiki_secondary,418102,2025-12-18T03:24:47Z
226,10: Part 4,Chimera Ant arc,15,2004-12-06,1813,2005,1,0,2004-11-22,14,2,1,0,13,28,3,0,10,,2004-10-09,37,,,,2005-07-04,"December 6<sup>th</sup>, 2004 (''Weekly Shōnen Jump #1813, No. 1'') <br /> July 4<sup>th</sup>, 2005 (''tankōbon'' format)",hunterpedia,,,https://hunterxhunter.fandom.com/wiki/Chapter_226,community_wiki_secondary,418150,2025-12-18T16:20:26Z
227,10: Part 5,Chimera Ant arc,15,2004-12-20,1815,2005,3-4,1,2004-12-06,14,2,1,0,13,28,4,0,10,,2004-10-09,37,,,,2005-07-04,"December 20<sup>th</sup>, 2004 (''Weekly Shōnen Jump #1815, No. 3-4'') <br /> July 4<sup>th</sup>, 2005 (''tankōbon'' format)",hunterpedia,,,https://hunterxhunter.fandom.com/wiki/Chapter_227,community_wiki_secondary,418151,2025-12-18T16:20:30Z
228,10: Part 6,Chimera Ant arc,15,2005-01-03,1816,2005,5-6,1,2004-12-20,14,1,0,0,13,28,5,0,10,,2004-10-09,37,,,,2005-07-04,"January 3<sup>rd</sup>, 2005 (''Weekly Shōnen Jump #1816, No. 5-6'') <br /> July 4<sup>th</sup>, 2005 (''tankōbon'' format)",hunterpedia,,,https://hunterxhunter.fandom.com/wiki/Chapter_228,community_wiki_secondary,321777,2022-10-29T17:15:56Z
229,10: Part 7,Chimera Ant arc,15,2005-01-24,1818,2005,8,0,2005-01-03,21,2,1,0,13,28,6,0,10,,2004-10-09,37,,,,2005-07-04,"January 24<sup>th</sup>, 2005 (''Weekly Shōnen Jump #1818, No. 8'') <br /> July 4<sup>th</sup>, 2005 (''tankōbon'' format)",hunterpedia,,,https://hunterxhunter.fandom.com/wiki/Chapter_229,community_wiki_secondary,416226,2025-09-01T05:01:11Z
230,9: Part 1,Chimera Ant arc,15,2005-01-31,1819,2005,9,0,2005-01-24,7,1,0,0,13,28,7,0,10,,2004-10-09,37,,,,2005-07-04,"January 31<sup>st</sup>, 2005 (''Weekly Shōnen Jump #1819, No. 9'') <br /> July 4<sup>th</sup>, 2005 (''tankōbon'' format)",hunterpedia,,,https://hunterxhunter.fandom.com/wiki/Chapter_230,community_wiki_secondary,416227,2025-09-01T05:01:17Z
231,9: Part 2,Chimera Ant arc,15,2005-02-07,1820,2005,10,0,2005-01-31,7,1,0,0,13,28,8,0,10,,2004-10-09,37,,,,2005-07-04,"February 7<sup>th</sup>, 2005 (''Weekly Shōnen Jump #1820, No. 10'') <br /> July 4<sup>th</sup>, 2005 (''tankōbon'' format)",hunterpedia,,,https://hunterxhunter.fandom.com/wiki/Chapter_231,community_wiki_secondary,416228,2025-09-01T05:01:24Z
232,9: Part 3,Chimera Ant arc,15,2005-02-21,1822,2005,12,0,2005-02-07,14,2,1,0,13,28,9,0,10,,2004-10-09,37,,,,2005-07-04,"February 21<sup>st</sup>, 2005 (''Weekly Shōnen Jump #1822, No. 12'') <br /> July 4<sup>th</sup>, 2005 (''tankōbon'' format)",hunterpedia,,,https://hunterxhunter.fandom.com/wiki/Chapter_232,community_wiki_secondary,416229,2025-09-01T05:01:31Z
233,9: Part 4,Chimera Ant arc,15,2005-02-28,1823,2005,13,0,2005-02-21,7,1,0,0,13,28,10,0,10,,2004-10-09,37,,,,2005-07-04,"February 28<sup>th</sup>, 2005 (''Weekly Shōnen Jump #1823, No. 13'') <br /> July 4<sup>th</sup>, 2005 (''tankōbon'' format)",hunterpedia,,,https://hunterxhunter.fandom.com/wiki/Chapter_233,community_wiki_secondary,416230,2025-09-01T05:01:43Z
234,9: Part 5,Chimera Ant arc,15,2005-03-07,1824,2005,14,0,2005-02-28,7,1,0,0,13,29,1,1,10,0,2004-11-15,112,,,,2005-07-04,"March 7<sup>th</sup>, 2005 (''Weekly Shōnen Jump #1824, No. 14'') <br /> July 4<sup>th</sup>, 2005 (''tankōbon'' format)",hunterpedia,,,https://hunterxhunter.fandom.com/wiki/Chapter_234,community_wiki_secondary,416231,2025-09-01T05:01:50Z
235,8: Part 1,Chimera Ant arc,15,2005-03-19,1826,2005,16,0,2005-03-07,12,2,1,0,13,29,2,0,10,,2004-11-15,112,,,,2005-07-04,"March 19<sup>th</sup>, 2005 (''Weekly Shōnen Jump #1826, No. 16'') <br /> July 4<sup>th</sup>, 2005 (''tankōbon'' format)",hunterpedia,,,https://hunterxhunter.fandom.com/wiki/Chapter_235,community_wiki_secondary,416232,2025-09-01T05:01:56Z
236,8: Part 2,Chimera Ant arc,15,2005-03-28,1827,2005,17,0,2005-03-19,9,1,0,0,13,29,3,0,10,,2004-11-15,112,,,,2006-03-03,"March 28<sup>th</sup>, 2005 (''Weekly Shōnen Jump #1827, No. 17'') <br /> March 3<sup>rd</sup>, 2006 (''tankōbon'' format)",hunterpedia,,,https://hunterxhunter.fandom.com/wiki/Chapter_236,community_wiki_secondary,416233,2025-09-01T05:02:04Z
237,8: Part 3,Chimera Ant arc,15,2005-04-11,1829,2005,19,0,2005-03-28,14,2,1,0,13,29,4,0,10,,2004-11-15,112,,,,2006-03-03,"April 11<sup>th</sup>, 2005 (''Weekly Shōnen Jump #1829, No. 19'') <br /> March 3<sup>rd</sup>, 2006 (''tankōbon'' format)",hunterpedia,,,https://hunterxhunter.fandom.com/wiki/Chapter_237,community_wiki_secondary,321753,2022-10-29T17:09:09Z
238,8: Part 4,Chimera Ant arc,15,2005-04-18,1830,2005,20,0,2005-04-11,7,1,0,0,13,29,5,0,10,,2004-11-15,112,,,,2006-03-03,"April 18<sup>th</sup>, 2005 (''Weekly Shōnen Jump #1830, No. 20'') <br /> March 3<sup>rd</sup>, 2006 (''tankōbon'' format)",hunterpedia,,,https://hunterxhunter.fandom.com/wiki/Chapter_238,community_wiki_secondary,411708,2025-03-22T01:36:16Z
239,8: Part 5,Chimera Ant arc,15,2005-04-25,1831,2005,21-22,1,2005-04-18,7,1,0,0,13,29,6,0,10,,2004-11-15,112,,,,2006-03-03,"April 25<sup>th</sup>, 2005 (''Weekly Shōnen Jump #1831, No. 21-22'') <br /> March 3<sup>rd</sup>, 2006 (''tankōbon'' format)",hunterpedia,,,https://hunterxhunter.fandom.com/wiki/Chapter_239,community_wiki_secondary,321750,2022-10-29T17:07:35Z
240,8: Part 6,Chimera Ant arc,15,2005-05-16,1833,2005,24,0,2005-04-25,21,2,1,0,13,29,7,0,10,,2004-11-15,112,,,,2006-03-03,"May 16<sup>th</sup>, 2005 (''Weekly Shōnen Jump #1833, No. 24'') <br /> March 3<sup>rd</sup>, 2006 (''tankōbon'' format)",hunterpedia,,,https://hunterxhunter.fandom.com/wiki/Chapter_240,community_wiki_secondary,416234,2025-09-01T05:02:10Z
241,8: Part 7,Chimera Ant arc,15,2005-05-23,1834,2005,25,0,2005-05-16,7,1,0,0,13,29,8,0,10,,2004-11-15,112,,,,2006-03-03,"May 23<sup>rd</sup>, 2005 (''Weekly Shōnen Jump #1834, No. 25'') <br /> March 3<sup>rd</sup>, 2006 (''tankōbon'' format)",hunterpedia,,,https://hunterxhunter.fandom.com/wiki/Chapter_241,community_wiki_secondary,400691,2024-07-03T22:18:53Z
242,7 Part 1,Chimera Ant arc,15,2005-05-30,1835,2005,26,0,2005-05-23,7,1,0,0,13,29,9,0,10,,2004-11-15,112,,,,2006-03-03,"May 30<sup>th</sup>, 2005 (''Weekly Shōnen Jump #1835, No. 26'') <br /> March 3<sup>rd</sup>, 2006 (''tankōbon'' format)",hunterpedia,,,https://hunterxhunter.fandom.com/wiki/Chapter_242,community_wiki_secondary,400692,2024-07-03T22:18:57Z
243,7 Part 2,Chimera Ant arc,15,2005-06-13,1837,2005,28,0,2005-05-30,14,2,1,0,13,29,10,0,10,,2004-11-15,112,,,,2006-03-03,"June 13<sup>th</sup>, 2005 (''Weekly Shōnen Jump #1837, No. 28'') <br /> March 3<sup>rd</sup>, 2006 (''tankōbon'' format)",hunterpedia,,,https://hunterxhunter.fandom.com/wiki/Chapter_243,community_wiki_secondary,416235,2025-09-01T05:02:16Z
244,6: Part 1,Chimera Ant arc,15,2005-06-20,1838,2005,29,0,2005-06-13,7,1,0,0,13,30,1,1,10,0,2005-03-07,105,,,,2006-03-03,"June 20<sup>th</sup>, 2005 (''Weekly Shōnen Jump #1838, No. 29'') <br /> March 3<sup>rd</sup>, 2006 (''tankōbon'' format)",hunterpedia,,,https://hunterxhunter.fandom.com/wiki/Chapter_244,community_wiki_secondary,416236,2025-09-01T05:02:23Z
245,6: Part 2,Chimera Ant arc,15,2005-06-27,1839,2005,30,0,2005-06-20,7,1,0,0,13,30,2,0,10,,2005-03-07,105,,,,2006-03-03,"June 27<sup>th</sup>, 2005 (''Weekly Shōnen Jump #1839, No. 30'') <br /> March 3<sup>rd</sup>, 2006 (''tankōbon'' format)",hunterpedia,,,https://hunterxhunter.fandom.com/wiki/Chapter_245,community_wiki_secondary,416237,2025-09-01T05:02:45Z
246,6: Part 3,Chimera Ant arc,15,2005-07-11,1841,2005,32,0,2005-06-27,14,2,1,0,13,30,3,0,10,,2005-03-07,105,,,,2006-03-03,"July 11<sup>th</sup>, 2005 (''Weekly Shōnen Jump #1841, No. 32'') <br /> March 3<sup>rd</sup>, 2006 (''tankōbon'' format)",hunterpedia,,,https://hunterxhunter.fandom.com/wiki/Chapter_246,community_wiki_secondary,321743,2022-10-29T17:03:12Z
247,6: Part 4,Chimera Ant arc,15,2005-07-16,1842,2005,33,0,2005-07-11,5,1,0,0,13,30,4,0,10,,2005-03-07,105,,,,2006-03-03,"July 16<sup>th</sup>, 2005 (''Weekly Shōnen Jump #1842, No. 33'') <br /> March 3<sup>rd</sup>, 2006 (''tankōbon'' format)",hunterpedia,,,https://hunterxhunter.fandom.com/wiki/Chapter_247,community_wiki_secondary,321742,2022-10-29T17:02:30Z
248,6: Part 5,Chimera Ant arc,15,2005-07-25,1843,2005,34,0,2005-07-16,9,1,0,0,13,30,5,0,10,,2005-03-07,105,,,,2007-10-04,"July 25<sup>th</sup>, 2005 (''Weekly Shōnen Jump #1843, No. 34'') <br /> October 4<sup>th</sup>, 2007  (''tankōbon'' format)",hunterpedia,,,https://hunterxhunter.fandom.com/wiki/Chapter_248,community_wiki_secondary,418704,2025-12-24T03:23:52Z
249,6: Part 6,Chimera Ant arc,15,2005-08-08,1845,2005,36-37,1,2005-07-25,14,2,1,0,13,30,6,0,10,,2005-03-07,105,,,,2007-10-04,"August 8<sup>th</sup>, 2005 (''Weekly Shōnen Jump #1845, No. 36-37'') <br /> October 4<sup>th</sup>, 2007  (''tankōbon'' format)",hunterpedia,,,https://hunterxhunter.fandom.com/wiki/Chapter_249,community_wiki_secondary,383819,2024-02-13T22:53:22Z
250,6: Part 7,Chimera Ant arc,15,2005-08-22,1846,2005,38,0,2005-08-08,14,1,0,0,13,30,7,0,10,,2005-03-07,105,,,,,"August 22<sup>nd</sup>, 2005 (''Weekly Shōnen Jump #1846, No. 38'') <br />",hunterpedia,,,https://hunterxhunter.fandom.com/wiki/Chapter_250,community_wiki_secondary,416238,2025-09-01T05:02:54Z
251,6: Part 8,Chimera Ant arc,15,2005-08-29,1847,2005,39,0,2005-08-22,7,1,0,0,13,30,8,0,10,,2005-03-07,105,,,,2007-10-04,"August 29<sup>th</sup>, 2005 (''Weekly Shōnen Jump #1847, No. 39'') <br /> October 4<sup>th</sup>, 2007  (''tankōbon'' format)",hunterpedia,,,https://hunterxhunter.fandom.com/wiki/Chapter_251,community_wiki_secondary,416239,2025-09-01T05:31:16Z
252,6: Part 9,Chimera Ant arc,15,2005-09-12,1849,2005,41,0,2005-08-29,14,2,1,0,13,30,9,0,10,,2005-03-07,105,,,,2007-10-04,"September 12<sup>th</sup>, 2005 (''Weekly Shōnen Jump #1849, No. 41'') <br /> October 4<sup>th</sup>, 2007 (''tankōbon'' format)",hunterpedia,,,https://hunterxhunter.fandom.com/wiki/Chapter_252,community_wiki_secondary,416240,2025-09-01T05:31:26Z
253,6: Part 10,Chimera Ant arc,15,2005-09-17,1850,2005,42,0,2005-09-12,5,1,0,0,13,30,10,0,10,,2005-03-07,105,,,,,"September 17<sup>th</sup>, 2005 (''Weekly Shōnen Jump #1850, No. 42'') <br />",hunterpedia,,,https://hunterxhunter.fandom.com/wiki/Chapter_253,community_wiki_secondary,416241,2025-09-01T05:31:34Z
254,6: Part 11,Chimera Ant arc,15,2005-10-08,1853,2005,45,0,2005-09-17,21,3,2,0,13,31,1,1,2,0,2005-06-20,110,,,,2007-10-04,"October 8<sup>th</sup>, 2005 (''Weekly Shōnen Jump #1853, No. 45'') <br /> October 4<sup>th</sup>, 2007  (''tankōbon'' format)",hunterpedia,,,https://hunterxhunter.fandom.com/wiki/Chapter_254,community_wiki_secondary,383885,2024-02-15T01:56:59Z
255,5: Part 1 to 2: Part 1,Chimera Ant arc,17,2005-10-17,1854,2005,46,0,2005-10-08,9,1,0,0,13,31,2,0,2,,2005-06-20,110,,,,2007-10-04,"October 17<sup>th</sup>, 2005 (''Weekly Shōnen Jump #1854, No. 46'') <br /> October 4<sup>th</sup>, 2007 (''tankōbon'' format)",hunterpedia,,,https://hunterxhunter.fandom.com/wiki/Chapter_255,community_wiki_secondary,418706,2025-12-24T06:07:56Z
256,2: Part 2,Chimera Ant arc,15,2005-11-14,1858,2005,50,0,2005-10-17,28,4,3,0,14,32,1,1,1,3,2005-10-08,37,,,,2007-10-04,"November 14<sup>th</sup>, 2005 (''Weekly Shōnen Jump #1858, No. 50'') <br /> October 4<sup>th</sup>, 2007 (''tankōbon'' format)",hunterpedia,,,https://hunterxhunter.fandom.com/wiki/Chapter_256,community_wiki_secondary,416242,2025-09-01T05:31:41Z
257,1: Part 1,Chimera Ant arc,15,2006-01-23,1866,2006,8,0,2005-11-14,70,8,7,0,15,33,1,1,4,7,2005-11-14,70,,,,2007-10-04,"January 23<sup>rd</sup>, 2006 (''Weekly Shōnen Jump #1866, No. 8'') <br /> October 4<sup>th</sup>, 2007  (''tankōbon'' format)",hunterpedia,,,https://hunterxhunter.fandom.com/wiki/Chapter_257,community_wiki_secondary,324511,2022-11-11T14:16:28Z
258,1: Part 2,Chimera Ant arc,15,2006-01-30,1867,2006,9,0,2006-01-23,7,1,0,0,15,33,2,0,4,,2005-11-14,70,,,,2007-10-04,"January 30<sup>th</sup>, 2006 (''Weekly Shōnen Jump #1867, No. 9'') <br /> October 4<sup>th</sup>, 2007 (''tankōbon'' format)",hunterpedia,,,https://hunterxhunter.fandom.com/wiki/Chapter_258,community_wiki_secondary,383898,2024-02-15T18:03:58Z
259,1: Part 3,Chimera Ant arc,15,2006-02-06,1868,2006,10,0,2006-01-30,7,1,0,0,15,33,3,0,4,,2005-11-14,70,,,,2007-10-04,"February 6<sup>th</sup>, 2006 (''Weekly Shōnen Jump #1868, No. 10'') <br /> October 4<sup>th</sup>, 2007  (''tankōbon'' format)",hunterpedia,,,https://hunterxhunter.fandom.com/wiki/Chapter_259,community_wiki_secondary,383904,2024-02-15T21:14:29Z
260,1: Part 4,Chimera Ant arc,15,2006-02-13,1869,2006,11,0,2006-02-06,7,1,0,0,15,33,4,0,4,,2005-11-14,70,,,,2007-10-04,"February 13<sup>th</sup>, 2006 (''Weekly Shōnen Jump #1869, No. 11'') <br /> October 4<sup>th</sup>, 2007 (''tankōbon'' format)",hunterpedia,,,https://hunterxhunter.fandom.com/wiki/Chapter_260,community_wiki_secondary,383905,2024-02-15T21:14:44Z
261,Charge: Part 1,Chimera Ant arc,19,2007-10-06,1949,2007,45,0,2006-02-13,600,80,79,1,16,34,1,1,10,79,2006-01-23,621,,,,,"October 6<sup>th</sup>, 2007 (''Weekly Shōnen Jump #1949, No. 45'')",hunterpedia,,,https://hunterxhunter.fandom.com/wiki/Chapter_261,community_wiki_secondary,416243,2025-09-01T05:31:48Z
262,Charge: Part 2,Chimera Ant arc,19,2007-10-15,1950,2007,46,0,2007-10-06,9,1,0,1,16,34,2,0,10,,2006-01-23,621,,,,,"October 15<sup>th</sup>, 2007 (''Weekly Shōnen Jump #1950, No. 46'') <br />",hunterpedia,,,https://hunterxhunter.fandom.com/wiki/Chapter_262,community_wiki_secondary,416244,2025-09-01T05:31:55Z
263,Charge: Part 3,Chimera Ant arc,19,2007-10-22,1951,2007,47,0,2007-10-15,7,1,0,1,16,34,3,0,10,,2006-01-23,621,,,,,"October 22<sup>nd</sup>, 2007 (''Weekly Shōnen Jump #1951, No. 47'') <br />",hunterpedia,,,https://hunterxhunter.fandom.com/wiki/Chapter_263,community_wiki_secondary,384120,2024-02-17T19:13:04Z
264,Charge: Part 4,Chimera Ant arc,19,2007-10-29,1952,2007,48,0,2007-10-22,7,1,0,1,16,34,4,0,10,,2006-01-23,621,,,,2008-03-04,"October 29<sup>th</sup>, 2007 (''Weekly Shōnen Jump #1952, No. 48'') <br /> March 4<sup>th</sup>, 2008 (''tankōbon'' format)",hunterpedia,,,https://hunterxhunter.fandom.com/wiki/Chapter_264,community_wiki_secondary,416245,2025-09-01T05:32:01Z
265,Charge: Part 5,Chimera Ant arc,19,2007-11-05,1953,2007,49,0,2007-10-29,7,1,0,1,16,34,5,0,10,,2006-01-23,621,,,,2008-03-04,"November 5<sup>th</sup>, 2007 (''Weekly Shōnen Jump #1953, No. 49'') <br /> March 4<sup>th</sup>, 2008 (''tankōbon'' format)",hunterpedia,,,https://hunterxhunter.fandom.com/wiki/Chapter_265,community_wiki_secondary,384122,2024-02-17T19:13:46Z
266,"""In the Unlikely Event Of...""",Chimera Ant arc,19,2007-11-12,1954,2007,50,0,2007-11-05,7,1,0,1,16,34,6,0,10,,2006-01-23,621,,,,,"November 12<sup>th</sup>, 2007 (''Weekly Shōnen Jump #1954, No. 50'')",hunterpedia,,,https://hunterxhunter.fandom.com/wiki/Chapter_266,community_wiki_secondary,384160,2024-02-18T19:48:05Z
267,Activation,Chimera Ant arc,19,2007-11-19,1955,2007,51,0,2007-11-12,7,1,0,1,16,34,7,0,10,,2006-01-23,621,,,,2008-03-04,"November 19<sup>th</sup>, 2007 (''Weekly Shōnen Jump #1955, No. 51'') <br /> March 4<sup>th</sup>, 2008 (''tankōbon'' format)",hunterpedia,,,https://hunterxhunter.fandom.com/wiki/Chapter_267,community_wiki_secondary,384167,2024-02-19T04:50:59Z
268,The King,Chimera Ant arc,19,2007-11-26,1956,2007,52,0,2007-11-19,7,1,0,1,16,34,8,0,10,,2006-01-23,621,,,,2008-03-04,"November 26<sup>th</sup>, 2007 (''Weekly Shōnen Jump #1956, No. 52'') <br /> March 4<sup>th</sup>, 2008 (''tankōbon'' format)",hunterpedia,,,https://hunterxhunter.fandom.com/wiki/Chapter_268,community_wiki_secondary,324556,2022-11-11T17:16:02Z
269,Adversity Is a Good Thing,Chimera Ant arc,19,2007-12-03,1957,2008,1,0,2007-11-26,7,1,0,1,16,34,9,0,10,,2006-01-23,621,,,,,"December 3<sup>rd</sup>, 2007 (''Weekly Shōnen Jump #1957, No. 1'') <br />",hunterpedia,,,https://hunterxhunter.fandom.com/wiki/Chapter_269,community_wiki_secondary,416246,2025-09-01T05:32:07Z
270,Indebted To,Chimera Ant arc,19,2007-12-10,1958,2008,2,0,2007-12-03,7,1,0,1,16,34,10,0,10,,2006-01-23,621,,,,2008-03-04,"December 10<sup>th</sup>, 2007 (''Weekly Shōnen Jump #1958, No. 2'') <br /> March 4<sup>th</sup>, 2008 (''tankōbon'' format)",hunterpedia,,,https://hunterxhunter.fandom.com/wiki/Chapter_270,community_wiki_secondary,416247,2025-09-01T05:32:13Z
271,Separation,Chimera Ant arc,19,2008-03-03,1968,2008,14,0,2007-12-10,84,10,9,1,17,35,1,1,10,9,2007-10-06,149,,,,2008-10-03,"March 3<sup>rd</sup>, 2008 (''Weekly Shōnen Jump #1968, No. 14'') <br /> October 3<sup>rd</sup>, 2008 (''tankōbon'' format)",hunterpedia,,,https://hunterxhunter.fandom.com/wiki/Chapter_271,community_wiki_secondary,416248,2025-09-01T05:32:20Z
272,Error,Chimera Ant arc,19,2008-03-10,1969,2008,15,0,2008-03-03,7,1,0,1,17,35,2,0,10,,2007-10-06,149,,,,,"March 10<sup>th</sup>, 2008 (''Weekly Shōnen Jump #1969, No. 15'')",hunterpedia,,,https://hunterxhunter.fandom.com/wiki/Chapter_272,community_wiki_secondary,416249,2025-09-01T05:32:27Z
273,We Meet Again,Chimera Ant arc,19,2008-03-17,1970,2008,16,0,2008-03-10,7,1,0,1,17,35,3,0,10,,2007-10-06,149,,,,2008-10-03,"March 17<sup>th</sup>, 2008 (''Weekly Shōnen Jump #1970, No. 16'') <br /> October 3<sup>rd</sup>, 2008 (''tankōbon'' format)",hunterpedia,,,https://hunterxhunter.fandom.com/wiki/Chapter_273,community_wiki_secondary,416250,2025-09-01T05:32:33Z
274,Solution,Chimera Ant arc,19,2008-03-24,1971,2008,17,0,2008-03-17,7,1,0,1,17,35,4,0,10,,2007-10-06,149,,,,2008-10-03,"March 24<sup>th</sup>, 2008 (''Weekly Shōnen Jump #1971, No. 17'') <br /> October 3<sup>rd</sup>, 2008 (''tankōbon'' format)",hunterpedia,,,https://hunterxhunter.fandom.com/wiki/Chapter_274,community_wiki_secondary,416251,2025-09-01T05:32:39Z
275,Promise,Chimera Ant arc,19,2008-03-31,1972,2008,18,0,2008-03-24,7,1,0,1,17,35,5,0,10,,2007-10-06,149,,,,,"March 31<sup>st</sup>, 2008 (''Weekly Shōnen Jump #1972, No. 18'') <br>",hunterpedia,,,https://hunterxhunter.fandom.com/wiki/Chapter_275,community_wiki_secondary,416252,2025-09-01T05:32:46Z
276,Missileman,Chimera Ant arc,19,2008-04-07,1973,2008,19,0,2008-03-31,7,1,0,1,17,35,6,0,10,,2007-10-06,149,,,,,"April 7<sup>th</sup>, 2008 (''Weekly Shōnen Jump #1973, No. 19'')",hunterpedia,,,https://hunterxhunter.fandom.com/wiki/Chapter_276,community_wiki_secondary,416253,2025-09-01T05:32:53Z
277,Insult,Chimera Ant arc,19,2008-04-14,1974,2008,20,0,2008-04-07,7,1,0,1,17,35,7,0,10,,2007-10-06,149,,,,2008-10-03,"April 14<sup>th</sup>, 2008 (''Weekly Shōnen Jump #1974, No. 20'') <br /> October 3<sup>rd</sup>, 2008 (''tankōbon'' format)",hunterpedia,,,https://hunterxhunter.fandom.com/wiki/Chapter_277,community_wiki_secondary,416254,2025-09-01T05:33:04Z
278,Destruction,Chimera Ant arc,19,2008-04-21,1975,2008,21,0,2008-04-14,7,1,0,1,17,35,8,0,10,,2007-10-06,149,,,,2008-10-03,"April 21<sup>st</sup>, 2008 (''Weekly Shōnen Jump #1975, No. 21'') <br /> October 3<sup>rd</sup>, 2008 (''tankōbon'' format)",hunterpedia,,,https://hunterxhunter.fandom.com/wiki/Chapter_278,community_wiki_secondary,416255,2025-09-01T05:33:11Z
279,Escape,Chimera Ant arc,19,2008-04-28,1976,2008,22-23,1,2008-04-21,7,1,0,1,17,35,9,0,10,,2007-10-06,149,,,,2008-10-03,"April 28<sup>th</sup>, 2008 (''Weekly Shōnen Jump #1976, No. 22-23'') <br /> October 3<sup>rd</sup>, 2008 (''tankōbon'' format)",hunterpedia,,,https://hunterxhunter.fandom.com/wiki/Chapter_279,community_wiki_secondary,410930,2025-02-06T23:14:12Z
280,Direct Hit,Chimera Ant arc,19,2008-05-12,1977,2008,24,0,2008-04-28,14,1,0,1,17,35,10,0,10,,2007-10-06,149,,,,,"May 12<sup>th</sup>, 2008 (''Weekly Shōnen Jump #1977, No. 24'')",hunterpedia,,,https://hunterxhunter.fandom.com/wiki/Chapter_280,community_wiki_secondary,384545,2024-02-24T04:10:02Z
281,Godspeed,Chimera Ant arc,20,2008-10-06,1997,2008,45,0,2008-05-12,147,20,19,1,18,36,1,1,10,19,2008-03-03,217,,,,2009-12-25,"October 6<sup>th</sup>, 2008 (''Weekly Shōnen Jump #1997, No. 45'') <br /> December 25<sup>th</sup>, 2009 (''tankōbon'' format)",hunterpedia,,,https://hunterxhunter.fandom.com/wiki/Chapter_281,community_wiki_secondary,384546,2024-02-24T04:10:22Z
282,Sealed Area,Chimera Ant arc,19,2008-10-11,1998,2008,46,0,2008-10-06,5,1,0,1,18,36,2,0,10,,2008-03-03,217,,,,2009-12-25,"October 11<sup>th</sup>, 2008 (''Weekly Shōnen Jump #1998, No. 46'') <br /> December 25<sup>th</sup>, 2009 (''tankōbon'' format)",hunterpedia,,,https://hunterxhunter.fandom.com/wiki/Chapter_282,community_wiki_secondary,416256,2025-09-01T05:33:17Z
283,Determination,Chimera Ant arc,19,2008-10-20,1999,2008,47,0,2008-10-11,9,1,0,1,18,36,3,0,10,,2008-03-03,217,,,,2009-12-25,"October 20<sup>th</sup>, 2008 (''Weekly Shōnen Jump #1999, No. 47'') <br /> December 25<sup>th</sup>, 2009 (''tankōbon'' format)",hunterpedia,,,https://hunterxhunter.fandom.com/wiki/Chapter_283,community_wiki_secondary,410931,2025-02-06T23:14:34Z
284,Fifteen Minutes,Chimera Ant arc,19,2008-10-27,2000,2008,48,0,2008-10-20,7,1,0,1,18,36,4,0,10,,2008-03-03,217,,,,2009-12-25,"October 27<sup>th</sup>, 2008 (''Weekly Shōnen Jump #2000, No. 48'') <br /> December 25<sup>th</sup>, 2009 (''tankōbon'' format)",hunterpedia,,,https://hunterxhunter.fandom.com/wiki/Chapter_284,community_wiki_secondary,384580,2024-02-24T20:19:28Z
285,Doubles,Chimera Ant arc,19,2008-11-01,2001,2008,49,0,2008-10-27,5,1,0,1,18,36,5,0,10,,2008-03-03,217,,,,2009-12-25,"November 1<sup>st</sup>, 2008 (''Weekly Shōnen Jump #2001, No. 49'') <br /> December 25<sup>th</sup>, 2009 (''tankōbon'' format)",hunterpedia,,,https://hunterxhunter.fandom.com/wiki/Chapter_285,community_wiki_secondary,384581,2024-02-24T20:19:44Z
286,Core,Chimera Ant arc,19,2008-11-10,2002,2008,50,0,2008-11-01,9,1,0,1,18,36,6,0,10,,2008-03-03,217,,,,2009-12-25,"November 10<sup>th</sup>, 2008 (''Weekly Shōnen Jump #2002, No. 50'') <br /> December 25<sup>th</sup>, 2009 (''tankōbon'' format)",hunterpedia,,,https://hunterxhunter.fandom.com/wiki/Chapter_286,community_wiki_secondary,416257,2025-09-01T05:33:30Z
287,Present State,Chimera Ant arc,19,2008-11-17,2003,2008,51,0,2008-11-10,7,1,0,1,18,36,7,0,10,,2008-03-03,217,,,,2009-12-25,"November 17<sup>th</sup>, 2008 (''Weekly Shōnen Jump #2003, No. 51'') <br /> December 25<sup>th</sup>, 2009 (''tankōbon'' format)",hunterpedia,,,https://hunterxhunter.fandom.com/wiki/Chapter_287,community_wiki_secondary,384583,2024-02-24T20:20:46Z
288,Accolade,Chimera Ant arc,19,2008-11-22,2004,2008,52,0,2008-11-17,5,1,0,1,18,36,8,0,10,,2008-03-03,217,,,,2009-12-25,"November 22<sup>nd</sup>, 2008 (''Weekly Shōnen Jump #2004, No. 52'') <br /> December 25<sup>th</sup>, 2009 (''tankōbon'' format)",hunterpedia,,,https://hunterxhunter.fandom.com/wiki/Chapter_288,community_wiki_secondary,384584,2024-02-24T20:23:55Z
289,Terms,Chimera Ant arc,19,2008-12-01,2005,2009,1,0,2008-11-22,9,1,0,1,18,36,9,0,10,,2008-03-03,217,,,,2009-12-25,"December 1<sup>st</sup>, 2008 (''Weekly Shōnen Jump #2005, No. 1'') <br /> December 25<sup>th</sup>, 2009 (''tankōbon'' format)",hunterpedia,,,https://hunterxhunter.fandom.com/wiki/Chapter_289,community_wiki_secondary,384617,2024-02-25T06:29:58Z
290,Name,Chimera Ant arc,19,2008-12-08,2006,2009,2,0,2008-12-01,7,1,0,1,18,36,10,0,10,,2008-03-03,217,,,,2009-12-25,"December 8<sup>th</sup>, 2008 (''Weekly Shōnen Jump #2006, No. 2'') <br /> December 25<sup>th</sup>, 2009 (''tankōbon'' format)",hunterpedia,,,https://hunterxhunter.fandom.com/wiki/Chapter_290,community_wiki_secondary,384618,2024-02-25T06:30:24Z
291,Soliloquy,Chimera Ant arc,19,2010-01-04,2057,2010,5-6,1,2008-12-08,392,51,50,1,19,37,1,1,10,50,2008-10-06,455,,,,2011-07-04,"January 4<sup>th</sup>, 2010 (''Weekly Shōnen Jump #2057, No. 5-6'') <br /> July 4<sup>th</sup>, 2011 (''tankōbon'' format)",hunterpedia,,,https://hunterxhunter.fandom.com/wiki/Chapter_291,community_wiki_secondary,326641,2022-11-16T01:18:54Z
292,Hidden Agenda,Chimera Ant arc,19,2010-01-18,2058,2010,7,0,2010-01-04,14,1,0,1,19,37,2,0,10,,2008-10-06,455,,,,2011-07-04,"January 18<sup>th</sup>, 2010 (''Weekly Shōnen Jump #2058, No. 7'') <br /> July 4<sup>th</sup>, 2011 (''tankōbon'' format)",hunterpedia,,,https://hunterxhunter.fandom.com/wiki/Chapter_292,community_wiki_secondary,416258,2025-09-01T05:33:40Z
293,Metamorphosis,Chimera Ant arc,19,2010-01-25,2059,2010,8,0,2010-01-18,7,1,0,1,19,37,3,0,10,,2008-10-06,455,,,,2011-07-04,"January 25<sup>th</sup>, 2010 (''Weekly Shōnen Jump #2059, No. 8'') <br /> July 4<sup>th</sup>, 2011 (''tankōbon'' format)",hunterpedia,,,https://hunterxhunter.fandom.com/wiki/Chapter_293,community_wiki_secondary,384672,2024-02-27T20:01:30Z
294,Breakdown,Chimera Ant arc,19,2010-02-01,2060,2010,9,0,2010-01-25,7,1,0,1,19,37,4,0,10,,2008-10-06,455,,,,2011-07-04,"February 1<sup>st</sup>, 2010 (''Weekly Shōnen Jump #2060, No. 9'') <br /> July 4<sup>th</sup>, 2011 (''tankōbon'' format)",hunterpedia,,,https://hunterxhunter.fandom.com/wiki/Chapter_294,community_wiki_secondary,416259,2025-09-01T05:33:47Z
295,Determination,Chimera Ant arc,20,2010-02-08,2061,2010,10,0,2010-02-01,7,1,0,1,19,37,5,0,10,,2008-10-06,455,,,,2011-07-04,"February 8<sup>th</sup>, 2010 (''Weekly Shōnen Jump #2061, No. 10'') <br /> July 4<sup>th</sup>, 2011 (''tankōbon'' format)",hunterpedia,,,https://hunterxhunter.fandom.com/wiki/Chapter_295,community_wiki_secondary,384689,2024-02-28T07:30:18Z
296,Admission,Chimera Ant arc,19,2010-02-15,2062,2010,11,0,2010-02-08,7,1,0,1,19,37,6,0,10,,2008-10-06,455,,,,2011-07-04,"February 15<sup>th</sup>, 2010 (''Weekly Shōnen Jump #2062, No. 11'') <br /> July 4<sup>th</sup>, 2011 (''tankōbon'' format)",hunterpedia,,,https://hunterxhunter.fandom.com/wiki/Chapter_296,community_wiki_secondary,416260,2025-09-01T05:33:53Z
297,The Last,Chimera Ant arc,19,2010-02-22,2063,2010,12,0,2010-02-15,7,1,0,1,19,37,7,0,10,,2008-10-06,455,,,,2011-07-04,"February 22<sup>nd</sup>, 2010 (''Weekly Shōnen Jump #2063, No. 12'') <br /> July 4<sup>th</sup>, 2011 (''tankōbon'' format)",hunterpedia,,,https://hunterxhunter.fandom.com/wiki/Chapter_297,community_wiki_secondary,384757,2024-02-29T08:20:39Z
298,Rose,Chimera Ant arc,19,2010-03-01,2064,2010,13,0,2010-02-22,7,1,0,1,19,37,8,0,10,,2008-10-06,455,,,,,"March 1<sup>st</sup>, 2010 (''Weekly Shōnen Jump #2064, No. 13'') <br />",hunterpedia,,,https://hunterxhunter.fandom.com/wiki/Chapter_298,community_wiki_secondary,362267,2023-06-06T22:34:13Z
299,Regeneration,Chimera Ant arc,19,2010-03-08,2065,2010,14,0,2010-03-01,7,1,0,1,19,37,9,0,10,,2008-10-06,455,,,,,"March 8<sup>th</sup>, 2010 (''Weekly Shōnen Jump #2065, No. 14'') <br />",hunterpedia,,,https://hunterxhunter.fandom.com/wiki/Chapter_299,community_wiki_secondary,384818,2024-03-01T05:37:59Z
300,Insurance,Chimera Ant arc,19,2010-03-15,2066,2010,15,0,2010-03-08,7,1,0,1,19,37,10,0,10,,2008-10-06,455,,,,2011-07-04,"March 15<sup>th</sup>, 2010 (''Weekly Shōnen Jump #2066, No. 15'') <br /> July 4<sup>th</sup>, 2011 (''tankōbon'' format)",hunterpedia,,,https://hunterxhunter.fandom.com/wiki/Chapter_300,community_wiki_secondary,416261,2025-09-01T05:33:59Z
301,Memory,Chimera Ant arc,19,2010-03-20,2067,2010,16,0,2010-03-15,5,1,0,1,19,38,1,1,10,0,2010-01-04,75,,,,2011-08-04,"March 20<sup>th</sup>, 2010 (''Weekly Shōnen Jump #2067, No. 16'') <br /> August 4<sup>th</sup>, 2011 (''tankōbon'' format)",hunterpedia,,,https://hunterxhunter.fandom.com/wiki/Chapter_301,community_wiki_secondary,416262,2025-09-01T05:34:06Z
302,Target,Chimera Ant arc,19,2010-03-29,2068,2010,17,0,2010-03-20,9,1,0,1,19,38,2,0,10,,2010-01-04,75,,,,2011-08-04,"March 29<sup>th</sup>, 2010 (''Weekly Shōnen Jump #2068, No. 17'') <br /> August 4<sup>th</sup>, 2011 (''tankōbon'' format)",hunterpedia,,,https://hunterxhunter.fandom.com/wiki/Chapter_302,community_wiki_secondary,416263,2025-09-01T05:34:12Z
303,Pain,Chimera Ant arc,19,2010-04-05,2069,2010,18,0,2010-03-29,7,1,0,1,19,38,3,0,10,,2010-01-04,75,,,,2011-08-04,"April 5<sup>th</sup>, 2010 (''Weekly Shōnen Jump #2069, No. 18'') <br /> August 4<sup>th</sup>, 2011 (''tankōbon'' format)",hunterpedia,,,https://hunterxhunter.fandom.com/wiki/Chapter_303,community_wiki_secondary,321658,2022-10-28T03:12:01Z
304,Magic,Chimera Ant arc,19,2010-04-12,2070,2010,19,0,2010-04-05,7,1,0,1,19,38,4,0,10,,2010-01-04,75,,,,2011-08-04,"April 12<sup>th</sup>, 2010 (''Weekly Shōnen Jump #2070, No. 19'') <br /> August 4<sup>th</sup>, 2011 (''tankōbon'' format)",hunterpedia,,,https://hunterxhunter.fandom.com/wiki/Chapter_304,community_wiki_secondary,410924,2025-02-06T23:11:35Z
305,Sorry,Chimera Ant arc,19,2010-04-19,2071,2010,20,0,2010-04-12,7,1,0,1,19,38,5,0,10,,2010-01-04,75,,,,2011-08-04,"April 19<sup>th</sup>, 2010 (''Weekly Shōnen Jump #2071, No. 20'') <br /> August 4<sup>th</sup>, 2011 (''tankōbon'' format)",hunterpedia,,,https://hunterxhunter.fandom.com/wiki/Chapter_305,community_wiki_secondary,385008,2024-03-05T03:32:24Z
306,Relief,Chimera Ant arc,19,2010-04-26,2072,2010,21-22,1,2010-04-19,7,1,0,1,19,38,6,0,10,,2010-01-04,75,,,,2011-08-04,"April 26<sup>th</sup>, 2010 (''Weekly Shōnen Jump #2072, No. 21-22'') <br /> August 4<sup>th</sup>, 2011 (''tankōbon'' format)",hunterpedia,,,https://hunterxhunter.fandom.com/wiki/Chapter_306,community_wiki_secondary,410923,2025-02-06T23:10:57Z
307,Loss,Chimera Ant arc,19,2010-05-10,2073,2010,23,0,2010-04-26,14,1,0,1,19,38,7,0,10,,2010-01-04,75,,,,,"May 10<sup>th</sup>, 2010 (''Weekly Shōnen Jump #2073, No. 23'') <br />",hunterpedia,,,https://hunterxhunter.fandom.com/wiki/Chapter_307,community_wiki_secondary,385053,2024-03-06T00:34:56Z
308,Flash,Chimera Ant arc,19,2010-05-17,2074,2010,24,0,2010-05-10,7,1,0,1,19,38,8,0,10,,2010-01-04,75,,,,2011-08-04,"May 17<sup>th</sup>, 2010 (''Weekly Shōnen Jump #2074, No. 24'') <br /> August 4<sup>th</sup>, 2011 (''tankōbon'' format)",hunterpedia,,,https://hunterxhunter.fandom.com/wiki/Chapter_308,community_wiki_secondary,416264,2025-09-01T05:34:19Z
309,Game,Chimera Ant arc,19,2010-05-24,2075,2010,25,0,2010-05-17,7,1,0,1,19,38,9,0,10,,2010-01-04,75,,,,2011-08-04,"May 24<sup>th</sup>, 2010 (''Weekly Shōnen Jump #2075, No. 25'') <br /> August 4<sup>th</sup>, 2011 (''tankōbon'' format)",hunterpedia,,,https://hunterxhunter.fandom.com/wiki/Chapter_309,community_wiki_secondary,410921,2025-02-06T23:09:34Z
310,Action,Chimera Ant arc,19,2010-05-31,2076,2010,26,0,2010-05-24,7,1,0,1,19,38,10,0,10,,2010-01-04,75,,,,2011-08-04,"May 31<sup>st</sup>, 2010 (''Weekly Shōnen Jump #2076, No. 26'') <br /> August 4<sup>th</sup>, 2011 (''tankōbon'' format)",hunterpedia,,,https://hunterxhunter.fandom.com/wiki/Chapter_310,community_wiki_secondary,385129,2024-03-07T17:27:02Z
311,Deadline,Chimera Ant arc,20,2011-08-08,2133,2011,35-36,1,2010-05-31,434,57,56,1,20,39,1,1,10,56,2010-03-20,506,,,,2012-04-04,"August 8<sup>th</sup>, 2011 (''Weekly Shōnen Jump #2133, No. 35-36'') <br /> April 4<sup>th</sup>, 2012 (''tankōbon'' format)",hunterpedia,,,https://hunterxhunter.fandom.com/wiki/Chapter_311,community_wiki_secondary,424660,2026-08-18T22:29:19Z
312,Resolve,Chimera Ant arc,19,2011-08-22,2134,2011,37,0,2011-08-08,14,1,0,1,20,39,2,0,10,,2010-03-20,506,,,,2012-04-04,"August 22<sup>nd</sup>, 2011 (''Weekly Shōnen Jump #2134, No. 37'') <br /> April 4<sup>th</sup>, 2012 (''tankōbon'' format)",hunterpedia,,,https://hunterxhunter.fandom.com/wiki/Chapter_312,community_wiki_secondary,416265,2025-09-01T05:34:26Z
313,One Word,Chimera Ant arc,19,2011-08-29,2135,2011,38,0,2011-08-22,7,1,0,1,20,39,3,0,10,,2010-03-20,506,,,,2012-04-04,"August 29<sup>th</sup>, 2011 (''Weekly Shōnen Jump #2135, No. 38'') <br /> April 4<sup>th</sup>, 2012 (''tankōbon'' format)",hunterpedia,,,https://hunterxhunter.fandom.com/wiki/Chapter_313,community_wiki_secondary,416266,2025-09-01T05:34:35Z
314,Persuasion,Chimera Ant arc,19,2011-09-05,2136,2011,39,0,2011-08-29,7,1,0,1,20,39,4,0,10,,2010-03-20,506,,,,2012-04-04,"September 5<sup>th</sup>, 2011 (''Weekly Shōnen Jump #2136, No. 39'') <br /> April 4<sup>th</sup>, 2012 (''tankōbon'' format)",hunterpedia,,,https://hunterxhunter.fandom.com/wiki/Chapter_314,community_wiki_secondary,410920,2025-02-06T23:09:06Z
315,Home,Chimera Ant arc,19,2011-09-12,2137,2011,40,0,2011-09-05,7,1,0,1,20,39,5,0,10,,2010-03-20,506,,,,2012-04-04,"September 12<sup>th</sup>, 2011 (''Weekly Shōnen Jump #2137, No. 40'') <br /> April 4<sup>th</sup>, 2012 (''tankōbon'' format)",hunterpedia,,,https://hunterxhunter.fandom.com/wiki/Chapter_315,community_wiki_secondary,416267,2025-09-01T05:34:49Z
316,Real Name,Chimera Ant arc,19,2011-09-17,2138,2011,41,0,2011-09-12,5,1,0,1,20,39,6,0,10,,2010-03-20,506,,,,,"September 17<sup>th</sup>, 2011 (''Weekly Shōnen Jump #2138, No. 41'') <br />",hunterpedia,,,https://hunterxhunter.fandom.com/wiki/Chapter_316,community_wiki_secondary,416021,2025-08-23T03:36:05Z
317,Answer,Chimera Ant arc,19,2011-09-26,2139,2011,42,0,2011-09-17,9,1,0,1,20,39,7,0,10,,2010-03-20,506,,,,2012-04-04,"September 26<sup>th</sup>, 2011 (''Weekly Shōnen Jump #2139, No. 42'') <br /> April 4<sup>th</sup>, 2012 (''tankōbon'' format)",hunterpedia,,,https://hunterxhunter.fandom.com/wiki/Chapter_317,community_wiki_secondary,385338,2024-03-10T08:19:16Z
318,Final Will,Chimera Ant arc,19,2011-10-03,2140,2011,43,0,2011-09-26,7,1,0,1,20,39,8,0,10,,2010-03-20,506,,,,,"October 3<sup>rd</sup>, 2011 (''Weekly Shōnen Jump #2140, No. 43'') <br />",hunterpedia,,,https://hunterxhunter.fandom.com/wiki/Chapter_318,community_wiki_secondary,385339,2024-03-10T08:19:48Z
319,Lottery,13th Hunter Chairman Election arc,19,2011-10-08,2141,2011,44,0,2011-10-03,5,1,0,1,20,39,9,0,10,,2010-03-20,506,,,,2012-04-04,"October 8<sup>th</sup>, 2011 (''Weekly Shōnen Jump #2141, No. 44'') <br /> April 4<sup>th</sup>, 2012 (''tankōbon'' format)",hunterpedia,,,https://hunterxhunter.fandom.com/wiki/Chapter_319,community_wiki_secondary,416268,2025-09-01T05:52:44Z
320,Voting,13th Hunter Chairman Election arc,19,2011-10-17,2142,2011,45,0,2011-10-08,9,1,0,1,20,39,10,0,10,,2010-03-20,506,,,,2012-04-04,"October 17<sup>th</sup>, 2011 (''Weekly Shōnen Jump #2142, No. 45'') <br /> April 4<sup>th</sup>, 2012 (''tankōbon'' format)",hunterpedia,,,https://hunterxhunter.fandom.com/wiki/Chapter_320,community_wiki_secondary,415999,2025-08-23T03:11:50Z
321,Monster,13th Hunter Chairman Election arc,19,2011-10-24,2143,2011,46,0,2011-10-17,7,1,0,1,20,40,1,1,10,0,2011-08-08,77,,,,2012-12-04,"October 24<sup>th</sup>, 2011 (''Weekly Shōnen Jump #2143, No. 46'') <br /> December 4<sup>th</sup>, 2012 (''tankōbon'' format)",hunterpedia,,,https://hunterxhunter.fandom.com/wiki/Chapter_321,community_wiki_secondary,416014,2025-08-23T03:35:14Z
322,Siblings,13th Hunter Chairman Election arc,19,2011-10-31,2144,2011,47,0,2011-10-24,7,1,0,1,20,40,2,0,10,,2011-08-08,77,,,,,"October 31<sup>st</sup>, 2011 (''Weekly Shōnen Jump #2144, No. 47'') <br />",hunterpedia,,,https://hunterxhunter.fandom.com/wiki/Chapter_322,community_wiki_secondary,416269,2025-09-01T05:52:53Z
323,Job Offer,13th Hunter Chairman Election arc,19,2011-11-07,2145,2011,48,0,2011-10-31,7,1,0,1,20,40,3,0,10,,2011-08-08,77,,,,,"November 7<sup>th</sup>, 2011 (''Weekly Shōnen Jump #2145, No. 48'')",hunterpedia,,,https://hunterxhunter.fandom.com/wiki/Chapter_323,community_wiki_secondary,416935,2025-09-22T03:17:27Z
324,Butler,13th Hunter Chairman Election arc,19,2011-11-14,2146,2011,49,0,2011-11-07,7,1,0,1,20,40,4,0,10,,2011-08-08,77,,,,2012-12-04,"November 14<sup>th</sup>, 2011 (''Weekly Shōnen Jump #2146, No. 49'') <br /> December 4<sup>th</sup>, 2012 (''tankōbon'' format)",hunterpedia,,,https://hunterxhunter.fandom.com/wiki/Chapter_324,community_wiki_secondary,385480,2024-03-11T07:27:04Z
325,Joining the Fray,13th Hunter Chairman Election arc,19,2011-11-21,2147,2011,50,0,2011-11-14,7,1,0,1,20,40,5,0,10,,2011-08-08,77,,,,2012-12-04,"November 21<sup>st</sup>, 2011 (''Weekly Shōnen Jump #2147, No. 50'') <br /> December 4<sup>th</sup>, 2012 (''tankōbon'' format)",hunterpedia,,,https://hunterxhunter.fandom.com/wiki/Chapter_325,community_wiki_secondary,416271,2025-09-01T05:53:19Z
326,Open Hostilities,13th Hunter Chairman Election arc,19,2011-11-28,2148,2011,51,0,2011-11-21,7,1,0,1,20,40,6,0,10,,2011-08-08,77,,,,2012-12-04,"November 28<sup>th</sup>, 2011 (''Weekly Shōnen Jump #2148, No. 51'') <br /> December 4<sup>th</sup>, 2012 (''tankōbon'' format)",hunterpedia,,,https://hunterxhunter.fandom.com/wiki/Chapter_326,community_wiki_secondary,416272,2025-09-01T05:53:29Z
327,Riddle,13th Hunter Chairman Election arc,19,2011-12-05,2149,2012,1,0,2011-11-28,7,1,0,1,20,40,7,0,10,,2011-08-08,77,,,,2012-12-04,"December 5<sup>th</sup>, 2011 (''Weekly Shōnen Jump #2149, No. 1'') <br /> December 4<sup>th</sup>, 2012 (''tankōbon'' format)",hunterpedia,,,https://hunterxhunter.fandom.com/wiki/Chapter_327,community_wiki_secondary,416273,2025-09-01T05:53:36Z
328,Arrangements,13th Hunter Chairman Election arc,21,2011-12-12,2150,2012,2,0,2011-12-05,7,1,0,1,20,40,8,0,10,,2011-08-08,77,,,,2012-12-04,"December 12<sup>th</sup>, 2011 (''Weekly Shōnen Jump #2150, No. 2'') <br /> December 4<sup>th</sup>, 2012 (''tankōbon'' format)",hunterpedia,,,https://hunterxhunter.fandom.com/wiki/Chapter_328,community_wiki_secondary,400891,2024-07-04T23:16:17Z
329,Spy,13th Hunter Chairman Election arc,19,2011-12-19,2151,2012,3-4,1,2011-12-12,7,1,0,1,20,40,9,0,10,,2011-08-08,77,,,,2012-12-04,"December 19<sup>th</sup>, 2011 (''Weekly Shōnen Jump #2151, No. 3-4'') <br /> December 4<sup>th</sup>, 2012 (''tankōbon'' format)",hunterpedia,,,https://hunterxhunter.fandom.com/wiki/Chapter_329,community_wiki_secondary,416274,2025-09-01T05:53:44Z
330,Confession,13th Hunter Chairman Election arc,19,2012-01-04,2152,2012,5-6,1,2011-12-19,16,1,0,1,20,40,10,0,10,,2011-08-08,77,,,,,"January 4<sup>th</sup>, 2012 (''Weekly Shōnen Jump #2152, No. 5-6'')",hunterpedia,,,https://hunterxhunter.fandom.com/wiki/Chapter_330,community_wiki_secondary,416275,2025-09-01T05:53:51Z
331,Day of Reckoning,13th Hunter Chairman Election arc,19,2012-01-16,2153,2012,7,0,2012-01-04,12,1,0,1,20,41,1,1,10,0,2011-10-24,84,,,,2012-12-28,"January 16<sup>th</sup>, 2012 (''Weekly Shōnen Jump #2153, No. 7'') <br /> December 28<sup>th</sup>, 2012 (''tankōbon'' format)",hunterpedia,,,https://hunterxhunter.fandom.com/wiki/Chapter_331,community_wiki_secondary,416008,2025-08-23T03:34:29Z
332,Applause,13th Hunter Chairman Election arc,19,2012-01-23,2154,2012,8,0,2012-01-16,7,1,0,1,20,41,2,0,10,,2011-10-24,84,,,,2012-12-28,"January 23<sup>rd</sup>, 2012 (''Weekly Shōnen Jump #2154, No. 8'') <br /> December 28<sup>th</sup>, 2012 (''tankōbon'' format)",hunterpedia,,,https://hunterxhunter.fandom.com/wiki/Chapter_332,community_wiki_secondary,416276,2025-09-01T05:53:58Z
333,Rumble,13th Hunter Chairman Election arc,19,2012-01-30,2155,2012,9,0,2012-01-23,7,1,0,1,20,41,3,0,10,,2011-10-24,84,,,,2012-12-28,"January 30<sup>th</sup>, 2012 (''Weekly Shōnen Jump #2155, No. 9'') <br /> December 28<sup>th</sup>, 2012 (''tankōbon'' format)",hunterpedia,,,https://hunterxhunter.fandom.com/wiki/Chapter_333,community_wiki_secondary,416277,2025-09-01T05:54:07Z
334,Total Defeat,13th Hunter Chairman Election arc,20,2012-02-06,2156,2012,10,0,2012-01-30,7,1,0,1,20,41,4,0,10,,2011-10-24,84,,,,2012-12-28,"February 6<sup>th</sup>, 2012 (''Weekly Shōnen Jump #2156, No. 10'') <br /> December 28<sup>th</sup>, 2012 (''tankōbon'' format)",hunterpedia,,,https://hunterxhunter.fandom.com/wiki/Chapter_334,community_wiki_secondary,416278,2025-09-01T05:54:15Z
335,Decision,13th Hunter Chairman Election arc,19,2012-02-13,2157,2012,11,0,2012-02-06,7,1,0,1,20,41,5,0,10,,2011-10-24,84,,,,2012-12-28,"February 13<sup>th</sup>, 2012 (''Weekly Shōnen Jump #2157, No. 11'') <br /> December 28<sup>th</sup>, 2012 (''tankōbon'' format)",hunterpedia,,,https://hunterxhunter.fandom.com/wiki/Chapter_335,community_wiki_secondary,400869,2024-07-04T23:01:14Z
336,Release,13th Hunter Chairman Election arc,19,2012-02-20,2158,2012,12,0,2012-02-13,7,1,0,1,20,41,6,0,10,,2011-10-24,84,,,,2012-12-28,"February 20<sup>th</sup>, 2012 (''Weekly Shōnen Jump #2158, No. 12'') <br /> December 28<sup>th</sup>, 2012 (''tankōbon'' format)",hunterpedia,,,https://hunterxhunter.fandom.com/wiki/Chapter_336,community_wiki_secondary,369272,2023-07-16T01:14:40Z
337,Repentance,13th Hunter Chairman Election arc,19,2012-02-27,2159,2012,13,0,2012-02-20,7,1,0,1,20,41,7,0,10,,2011-10-24,84,,,,2012-12-28,"February 27<sup>th</sup>, 2012 (''Weekly Shōnen Jump #2159, No. 13'') <br /> December 28<sup>th</sup>, 2012 (''tankōbon'' format)",hunterpedia,,,https://hunterxhunter.fandom.com/wiki/Chapter_337,community_wiki_secondary,416011,2025-08-23T03:34:49Z
338,Atop a Tree,13th Hunter Chairman Election arc,19,2012-03-05,2160,2012,14,0,2012-02-27,7,1,0,1,20,41,8,0,10,,2011-10-24,84,,,,2012-12-28,"March 5<sup>th</sup>, 2012 (''Weekly Shōnen Jump #2160, No. 14'') <br /> December 28<sup>th</sup>, 2012 (''tankōbon'' format)",hunterpedia,,,https://hunterxhunter.fandom.com/wiki/Chapter_338,community_wiki_secondary,385626,2024-03-13T19:23:16Z
339,Stillness,13th Hunter Chairman Election arc,19,2012-03-12,2161,2012,15,0,2012-03-05,7,1,0,1,20,41,9,0,10,,2011-10-24,84,,,,2012-12-28,"March 12<sup>th</sup>, 2012 (''Weekly Shōnen Jump #2161, No. 15'') <br /> December 28<sup>th</sup>, 2012 (''tankōbon'' format)",hunterpedia,,,https://hunterxhunter.fandom.com/wiki/Chapter_339,community_wiki_secondary,416279,2025-09-01T05:54:33Z
340,Special Mission,Succession Contest arc,19,2012-03-19,2162,2012,16,0,2012-03-12,7,1,0,1,20,41,10,0,10,,2011-10-24,84,,,,2012-12-28,"March 19<sup>th</sup>, 2012 (''Weekly Shōnen Jump #2162, No. 16'') <br /> December 28<sup>th</sup>, 2012 (''tankōbon'' format)",hunterpedia,,,https://hunterxhunter.fandom.com/wiki/Chapter_340,community_wiki_secondary,424661,2026-08-19T10:24:00Z
341,Threats,Succession Contest arc,19,2014-06-02,2268,2014,27,0,2012-03-19,805,106,105,1,21,42,1,1,9,105,2012-01-16,868,124,27,2014-06-02,,"June 2<sup>nd</sup>, 2014 (''Weekly Shōnen Jump #2268, No. 27'';<br />Weekly Shonen Jump (NA) #124, No. 27)",hunterpedia,,,https://hunterxhunter.fandom.com/wiki/Chapter_341,community_wiki_secondary,416038,2025-08-23T03:38:46Z
342,Challenge,Succession Contest arc,19,2014-06-09,2269,2014,28,0,2014-06-02,7,1,0,1,21,42,2,0,9,,2012-01-16,868,125,28,2014-06-09,,"June 9<sup>th</sup>, 2014 (''Weekly Shōnen Jump #2269, No. 28'';<br />Weekly Shonen Jump (NA) #125, No. 28)",hunterpedia,,,https://hunterxhunter.fandom.com/wiki/Chapter_342,community_wiki_secondary,416039,2025-08-23T03:38:56Z
343,Invitation,Succession Contest arc,19,2014-06-16,2270,2014,29,0,2014-06-09,7,1,0,1,21,42,3,0,9,,2012-01-16,868,126,29,2014-06-16,,"June 16<sup>th</sup>, 2014 (''Weekly Shōnen Jump #2270, No. 29'';<br />Weekly Shonen Jump (NA) #126, No. 29)",hunterpedia,,,https://hunterxhunter.fandom.com/wiki/Chapter_343,community_wiki_secondary,416289,2025-09-01T15:47:28Z
344,Author,Succession Contest arc,19,2014-06-23,2271,2014,30,0,2014-06-16,7,1,0,1,21,42,4,0,9,,2012-01-16,868,127,30,2014-06-23,,"June 23<sup>rd</sup>, 2014 (''Weekly Shōnen Jump #2271, No. 30'';<br />Weekly Shonen Jump (NA) #127, No. 30)",hunterpedia,,,https://hunterxhunter.fandom.com/wiki/Chapter_344,community_wiki_secondary,416290,2025-09-01T15:47:34Z
345,Signature,Succession Contest arc,19,2014-06-30,2272,2014,31,0,2014-06-23,7,1,0,1,21,42,5,0,9,,2012-01-16,868,128,31,2014-06-30,,"June 30<sup>th</sup>, 2014 (''Weekly Shōnen Jump #2272, No. 31''; <br /> Weekly Shonen Jump (NA) #128, No. 31)",hunterpedia,,,https://hunterxhunter.fandom.com/wiki/Chapter_345,community_wiki_secondary,416291,2025-09-01T15:47:48Z
346,Options,Succession Contest arc,19,2014-07-14,2274,2014,33,0,2014-06-30,14,2,1,1,21,42,6,0,9,,2012-01-16,868,130,33,2014-07-14,,"July 14<sup>th</sup>, 2014 (''Weekly Shōnen Jump #2274, No. 33'';<br />Weekly Shonen Jump (NA) #130, No. 33)",hunterpedia,,,https://hunterxhunter.fandom.com/wiki/Chapter_346,community_wiki_secondary,416292,2025-09-01T15:47:55Z
347,Inauguration,Succession Contest arc,19,2014-07-19,2275,2014,34,0,2014-07-14,5,1,0,1,21,42,7,0,9,,2012-01-16,868,131,34,2014-07-19,,"July 19<sup>th</sup>, 2014 (''Weekly Shōnen Jump #2275, No. 34''; <br /> Weekly Shonen Jump (NA) #131, No. 34)",hunterpedia,,,https://hunterxhunter.fandom.com/wiki/Chapter_347,community_wiki_secondary,416293,2025-09-01T15:48:02Z
348,Resolve,Succession Contest arc,19,2014-07-28,2276,2014,35,0,2014-07-19,9,1,0,1,21,42,8,0,9,,2012-01-16,868,132,35,2014-07-28,,"July 28<sup>th</sup>, 2014 (''Weekly Shōnen Jump #2276, No. 35''; <br /> Weekly Shonen Jump (NA) #132, No. 35)",hunterpedia,,,https://hunterxhunter.fandom.com/wiki/Chapter_348,community_wiki_secondary,416294,2025-09-01T15:48:09Z
349,Worm Toxin,Succession Contest arc,19,2014-08-11,2278,2014,37-38,1,2014-07-28,14,2,1,1,21,42,9,0,9,,2012-01-16,868,134,37-38,2014-08-11,,"August 11<sup>th</sup>, 2014 (''Weekly Shōnen Jump #2278, No. 37-38''; <br /> Weekly Shonen Jump (NA) #134, No. 37-38)",hunterpedia,,,https://hunterxhunter.fandom.com/wiki/Chapter_349,community_wiki_secondary,418815,2026-01-15T05:11:39Z
350,Prince,Succession Contest arc,20,2016-04-18,2359,2016,20,0,2014-08-11,616,81,80,1,22,43,1,1,11,80,2014-06-02,686,220,20,2016-04-18,,"April 18<sup>th</sup>, 2016 (''Weekly Shōnen Jump #2359, No. 20''; <br /> Weekly Shonen Jump (NA) #220, No. 20)",hunterpedia,,,https://hunterxhunter.fandom.com/wiki/Chapter_350,community_wiki_secondary,416295,2025-09-01T15:48:17Z
351,Battle to the Death,Succession Contest arc,19,2016-04-25,2360,2016,21-22,1,2016-04-18,7,1,0,1,22,43,2,0,11,,2014-06-02,686,221,21-22,2016-04-25,,"April 25<sup>th</sup>, 2016 (''Weekly Shōnen Jump #2360, No. 21-22''; <br /> Weekly Shonen Jump (NA) #221, No. 21-22)",hunterpedia,,,https://hunterxhunter.fandom.com/wiki/Chapter_351,community_wiki_secondary,318671,2022-10-06T17:14:35Z
352,Troublesome,Succession Contest arc,19,2016-05-09,2361,2016,23,0,2016-04-25,14,1,0,1,22,43,3,0,11,,2014-06-02,686,222,23,2016-05-09,,"May 9<sup>th</sup>, 2016 (''Weekly Shōnen Jump #2361, No. 23''; <br /> Weekly Shonen Jump (NA) #222, No. 23)",hunterpedia,,,https://hunterxhunter.fandom.com/wiki/Chapter_352,community_wiki_secondary,416296,2025-09-01T15:48:26Z
353,Cold-Blooded,Succession Contest arc,19,2016-05-16,2362,2016,24,0,2016-05-09,7,1,0,1,22,43,4,0,11,,2014-06-02,686,223,24,2016-05-16,,"May 16<sup>th</sup>, 2016 (''Weekly Shōnen Jump #2362, No. 24''; <br /> Weekly Shonen Jump (NA) #223, No. 24)",hunterpedia,,,https://hunterxhunter.fandom.com/wiki/Chapter_353,community_wiki_secondary,387528,2024-03-20T05:11:44Z
354,Head,Succession Contest arc,19,2016-05-23,2363,2016,25,0,2016-05-16,7,1,0,1,22,43,5,0,11,,2014-06-02,686,224,25,2016-05-23,,"May 23<sup>rd</sup>, 2016 (''Weekly Shōnen Jump #2363, No. 25''; <br /> Weekly Shonen Jump (NA) #224, No. 25)",hunterpedia,,,https://hunterxhunter.fandom.com/wiki/Chapter_354,community_wiki_secondary,419041,2026-02-01T15:59:34Z
355,Detonation,Succession Contest arc,19,2016-05-30,2364,2016,26,0,2016-05-23,7,1,0,1,22,43,6,0,11,,2014-06-02,686,225,26,2016-05-30,,"May 30<sup>th</sup>, 2016 (''Weekly Shōnen Jump #2364, No. 26''; <br /> Weekly Shonen Jump (NA) #225, No. 26)",hunterpedia,,,https://hunterxhunter.fandom.com/wiki/Chapter_355,community_wiki_secondary,318675,2022-10-06T17:18:11Z
356,Unfortunate: Part 1,Succession Contest arc,19,2016-06-06,2365,2016,27,0,2016-05-30,7,1,0,1,22,43,7,0,11,,2014-06-02,686,226,27,2016-06-06,,"June 6<sup>th</sup>, 2016 (''Weekly Shōnen Jump #2365, No. 27''; <br /> Weekly Shonen Jump (NA) #226, No. 27)",hunterpedia,,,https://hunterxhunter.fandom.com/wiki/Chapter_356,community_wiki_secondary,409377,2024-12-16T23:57:46Z
357,Unfortunate: Part 2,Succession Contest arc,19,2016-06-13,2366,2016,28,0,2016-06-06,7,1,0,1,22,43,8,0,11,,2014-06-02,686,227,28,2016-06-13,,"June 13<sup>th</sup>, 2016 (''Weekly Shōnen Jump #2366, No. 28''; <br /> Weekly Shonen Jump (NA) #227, No. 28)",hunterpedia,,,https://hunterxhunter.fandom.com/wiki/Chapter_357,community_wiki_secondary,369312,2023-07-16T02:46:20Z
358,Eve,Succession Contest arc,19,2016-06-20,2367,2016,29,0,2016-06-13,7,1,0,1,22,43,9,0,11,,2014-06-02,686,228,29,2016-06-20,,"June 20<sup>th</sup>, 2016 (''Weekly Shōnen Jump #2367, No. 29'';<br />Weekly Shonen Jump (NA) #228, No. 29)",hunterpedia,,,https://hunterxhunter.fandom.com/wiki/Chapter_358,community_wiki_secondary,425428,2026-08-31T05:18:56Z
359,Departure,Succession Contest arc,19,2016-06-27,2368,2016,30,0,2016-06-20,7,1,0,1,22,43,10,0,11,,2014-06-02,686,229,30,2016-06-27,,"June 27<sup>th</sup>, 2016 (''Weekly Shōnen Jump #2368, No. 30''; <br /> Weekly Shonen Jump (NA) #229, No. 30)",hunterpedia,,,https://hunterxhunter.fandom.com/wiki/Chapter_359,community_wiki_secondary,421594,2026-07-06T19:29:19Z
360,Parasite,Succession Contest arc,19,2016-07-04,2369,2016,31,0,2016-06-27,7,1,0,1,22,43,11,0,11,,2014-06-02,686,230,31,2016-07-04,,"July 4<sup>th</sup>, 2016 (''Weekly Shōnen Jump #2369, No. 31''; <br /> Weekly Shonen Jump (NA) #230, No. 31)",hunterpedia,,,https://hunterxhunter.fandom.com/wiki/Chapter_360,community_wiki_secondary,421595,2026-07-06T19:29:23Z
361,Withdraw,Succession Contest arc,20,2017-06-26,2416,2017,30,0,2016-07-04,357,47,46,1,23,44,1,1,10,46,2016-04-18,434,280,30,2017-06-26,,"June 26<sup>th</sup>, 2017 (''Weekly Shōnen Jump #2416, No. 30''; <br /> Weekly Shonen Jump (NA) #280, No. 30)",hunterpedia,,,https://hunterxhunter.fandom.com/wiki/Chapter_361,community_wiki_secondary,421596,2026-07-06T19:29:26Z
362,Resolve,Succession Contest arc,19,2017-07-03,2417,2017,31,0,2017-06-26,7,1,0,1,23,44,2,0,10,,2016-04-18,434,281,31,2017-07-03,,"July 3<sup>rd</sup>, 2017 (''Weekly Shōnen Jump #2417, No. 31'';<br />Weekly Shonen Jump (NA) #281, No. 31)",hunterpedia,,,https://hunterxhunter.fandom.com/wiki/Chapter_362,community_wiki_secondary,416331,2025-09-01T15:57:47Z
363,Nen Beast,Succession Contest arc,19,2017-07-10,2418,2017,32,0,2017-07-03,7,1,0,1,23,44,3,0,10,,2016-04-18,434,282,32,2017-07-10,,"July 10<sup>th</sup>, 2017 (''Weekly Shōnen Jump #2418, No. 32'';<br />Weekly Shonen Jump (NA) #282, No. 32)",hunterpedia,,,https://hunterxhunter.fandom.com/wiki/Chapter_363,community_wiki_secondary,425429,2026-08-31T05:20:05Z
364,Speculation,Succession Contest arc,19,2017-07-15,2419,2017,33,0,2017-07-10,5,1,0,1,23,44,4,0,10,,2016-04-18,434,283,33,2017-07-15,,"July 15<sup>th</sup>, 2017 (''Weekly Shōnen Jump #2419, No. 33''; <br /> Weekly Shonen Jump (NA) #283, No. 33)",hunterpedia,,,https://hunterxhunter.fandom.com/wiki/Chapter_364,community_wiki_secondary,421598,2026-07-06T19:29:32Z
365,Choice,Succession Contest arc,19,2017-07-24,2420,2017,34,0,2017-07-15,9,1,0,1,23,44,5,0,10,,2016-04-18,434,284,34,2017-07-24,,"July 24<sup>th</sup>, 2017 (''Weekly Shōnen Jump #2420, No. 34''; <br /> Weekly Shonen Jump (NA) #284, No. 34)",hunterpedia,,,https://hunterxhunter.fandom.com/wiki/Chapter_365,community_wiki_secondary,421599,2026-07-06T19:29:35Z
366,To Each His Own,Succession Contest arc,19,2017-07-31,2421,2017,35,0,2017-07-24,7,1,0,1,23,44,6,0,10,,2016-04-18,434,285,35,2017-07-31,,"July 31<sup>st</sup>, 2017 (''Weekly Shōnen Jump #2421, No. 35''; <br /> Weekly Shonen Jump (NA) #285, No. 35)",hunterpedia,,,https://hunterxhunter.fandom.com/wiki/Chapter_366,community_wiki_secondary,421600,2026-07-06T19:29:38Z
367,Synchronization,Succession Contest arc,19,2017-08-07,2422,2017,36-37,1,2017-07-31,7,1,0,1,23,44,7,0,10,,2016-04-18,434,286,36-37,2017-08-07,,"August 7<sup>th</sup>, 2017 (''Weekly Shōnen Jump #2422, No. 36-37''; <br /> Weekly Shonen Jump (NA) #286, No. 36-37)",hunterpedia,,,https://hunterxhunter.fandom.com/wiki/Chapter_367,community_wiki_secondary,421601,2026-07-06T19:29:41Z
368,Foul Play,Succession Contest arc,19,2017-08-21,2423,2017,38,0,2017-08-07,14,1,0,1,23,44,8,0,10,,2016-04-18,434,287,38,2017-08-21,,"August 21<sup>st</sup>, 2017 (''Weekly Shōnen Jump #2423, No. 38''; <br /> Weekly Shonen Jump (NA) #287, No. 38)",hunterpedia,,,https://hunterxhunter.fandom.com/wiki/Chapter_368,community_wiki_secondary,421903,2026-07-12T15:14:15Z
369,Limits,Succession Contest arc,19,2017-08-28,2424,2017,39,0,2017-08-21,7,1,0,1,23,44,9,0,10,,2016-04-18,434,288,39,2017-08-28,,"August 28<sup>th</sup>, 2017 (''Weekly Shōnen Jump #2424, No. 39''; <br /> Weekly Shonen Jump (NA) #288, No. 39)",hunterpedia,,,https://hunterxhunter.fandom.com/wiki/Chapter_369,community_wiki_secondary,421603,2026-07-06T19:29:49Z
370,Observation,Succession Contest arc,19,2017-09-04,2425,2017,40,0,2017-08-28,7,1,0,1,23,44,10,0,10,,2016-04-18,434,289,40,2017-09-04,,"September 4<sup>th</sup>, 2017 (''Weekly Shōnen Jump #2425, No. 40'';<br />Weekly Shonen Jump (NA) #289, No. 40)",hunterpedia,,,https://hunterxhunter.fandom.com/wiki/Chapter_370,community_wiki_secondary,421604,2026-07-06T19:29:52Z
371,Mission,Succession Contest arc,20,2018-01-29,2444,2018,9,0,2017-09-04,147,19,18,1,24,45,1,1,10,18,2017-06-26,217,308,9,2018-01-26,,"January 26<sup>th</sup>, 2018 (''Weekly Shōnen Jump #2444, No. 9'';<br />Weekly Shonen Jump (NA) #308, No. 9)",corrected,2018-01-26,https://jumpsokuhou.com/archives/51470889.html,https://hunterxhunter.fandom.com/wiki/Chapter_371,community_wiki_secondary,421605,2026-07-06T19:29:56Z
372,Disappearance,Succession Contest arc,19,2018-02-05,2445,2018,10,0,2018-01-29,7,1,0,1,24,45,2,0,10,,2017-06-26,217,309,10,2018-02-05,,"February 5<sup>th</sup>, 2018 (''Weekly Shōnen Jump #2445, No. 10'';<br />Weekly Shonen Jump (NA) #309, No. 10)",hunterpedia,,,https://hunterxhunter.fandom.com/wiki/Chapter_372,community_wiki_secondary,421904,2026-07-12T15:14:23Z
373,Inheritance,Succession Contest arc,19,2018-02-12,2446,2018,11,0,2018-02-05,7,1,0,1,24,45,3,0,10,,2017-06-26,217,310,11,2018-02-12,,"February 12<sup>th</sup>, 2018 (''Weekly Shōnen Jump #2446, No. 11'';<br />Weekly Shonen Jump (NA) #310, No. 11)",hunterpedia,,,https://hunterxhunter.fandom.com/wiki/Chapter_373,community_wiki_secondary,421456,2026-07-05T16:16:25Z
374,Ability,Succession Contest arc,19,2018-02-19,2447,2018,12,0,2018-02-12,7,1,0,1,24,45,4,0,10,,2017-06-26,217,311,12,2018-02-19,,"February 19<sup>th</sup>, 2018 (''Weekly Shōnen Jump #2447, No. 12'';<br />Weekly Shonen Jump (NA) #311, No. 12)",hunterpedia,,,https://hunterxhunter.fandom.com/wiki/Chapter_374,community_wiki_secondary,421905,2026-07-12T15:14:33Z
375,Persuasion,Succession Contest arc,19,2018-02-26,2448,2018,13,0,2018-02-19,7,1,0,1,24,45,5,0,10,,2017-06-26,217,312,13,2018-02-26,,"February 26<sup>th</sup>, 2018 (''Weekly Shonen Jump #2448, No. 13'';<br />Weekly Shonen Jump (NA) #312, No. 13)",hunterpedia,,,https://hunterxhunter.fandom.com/wiki/Chapter_375,community_wiki_secondary,423576,2026-08-01T17:46:57Z
376,Determination,Succession Contest arc,19,2018-03-05,2449,2018,14,0,2018-02-26,7,1,0,1,24,45,6,0,10,,2017-06-26,217,313,14,2018-03-05,,"March 5<sup>th</sup>, 2018 (''Weekly Shōnen Jump #2449, No. 14'';<br />Weekly Shonen Jump (NA) #313, No. 14)",hunterpedia,,,https://hunterxhunter.fandom.com/wiki/Chapter_376,community_wiki_secondary,422723,2026-07-19T15:49:11Z
377,Scheme,Succession Contest arc,19,2018-03-12,2450,2018,15,0,2018-03-05,7,1,0,1,24,45,7,0,10,,2017-06-26,217,314,15,2018-03-12,,"March 12<sup>th</sup>, 2018 (''Weekly Shōnen Jump #2450, No. 15'';<br />Weekly Shonen Jump (NA) #314, No. 15)",hunterpedia,,,https://hunterxhunter.fandom.com/wiki/Chapter_377,community_wiki_secondary,416309,2025-09-01T15:50:21Z
378,Balance,Succession Contest arc,19,2018-03-19,2451,2018,16,0,2018-03-12,7,1,0,1,24,45,8,0,10,,2017-06-26,217,315,16,2018-03-19,,"March 19<sup>th</sup>, 2018 (''Weekly Shōnen Jump #2451, No. 16''; <br /> Weekly Shonen Jump (NA) #315, No. 16)",hunterpedia,,,https://hunterxhunter.fandom.com/wiki/Chapter_378,community_wiki_secondary,416310,2025-09-01T15:50:29Z
379,Collaboration,Succession Contest arc,19,2018-03-26,2452,2018,17,0,2018-03-19,7,1,0,1,24,45,9,0,10,,2017-06-26,217,316,17,2018-03-26,,"March 26<sup>th</sup>, 2018 (''Weekly Shōnen Jump #2452, No. 17'';<br />Weekly Shonen Jump (NA) #316, No. 17)",hunterpedia,,,https://hunterxhunter.fandom.com/wiki/Chapter_379,community_wiki_secondary,416311,2025-09-01T15:50:39Z
380,Alarm,Succession Contest arc,19,2018-04-02,2453,2018,18,0,2018-03-26,7,1,0,1,24,45,10,0,10,,2017-06-26,217,317,18,2018-04-02,,"April 2<sup>nd</sup>, 2018 (''Weekly Shōnen Jump #2453, No. 18'';<br />Weekly Shonen Jump (NA) #317, No. 18)",hunterpedia,,,https://hunterxhunter.fandom.com/wiki/Chapter_380,community_wiki_secondary,416312,2025-09-01T15:50:49Z
381,Predation,Succession Contest arc,18,2018-09-24,2476,2018,43,0,2018-04-02,175,23,22,1,25,46,1,1,10,22,2018-01-29,238,441,43,2018-09-24,,"September 24<sup>th</sup>, 2018 (''Weekly Shōnen Jump #2476, No. 43'';<br />Weekly Shonen Jump (NA) #441, No. 43)",hunterpedia,,,https://hunterxhunter.fandom.com/wiki/Chapter_381,community_wiki_secondary,416313,2025-09-01T15:50:56Z
382,Awakening,Succession Contest arc,19,2018-10-01,2477,2018,44,0,2018-09-24,7,1,0,1,25,46,2,0,10,,2018-01-29,238,442,44,2018-10-01,,"October 1<sup>st</sup>, 2018 (''Weekly Shōnen Jump #2477, No. 44'';<br />Weekly Shonen Jump (NA) #442, No. 44)",hunterpedia,,,https://hunterxhunter.fandom.com/wiki/Chapter_382,community_wiki_secondary,409517,2024-12-18T06:24:17Z
383,Escape,Succession Contest arc,19,2018-10-08,2478,2018,45,0,2018-10-01,7,1,0,1,25,46,3,0,10,,2018-01-29,238,443,45,2018-10-08,,"October 8<sup>th</sup>, 2018 (''Weekly Shōnen Jump #2478, No. 45'';<br />Weekly Shonen Jump (NA) #443, No. 45)",hunterpedia,,,https://hunterxhunter.fandom.com/wiki/Chapter_383,community_wiki_secondary,409101,2024-12-11T05:07:24Z
384,War,Succession Contest arc,17,2018-10-15,2479,2018,46,0,2018-10-08,7,1,0,1,25,46,4,0,10,,2018-01-29,238,444,46,2018-10-15,,"October 15<sup>th</sup>, 2018 (''Weekly Shōnen Jump #2479, No. 46'';<br />Weekly Shonen Jump (NA) #444, No. 46)",hunterpedia,,,https://hunterxhunter.fandom.com/wiki/Chapter_384,community_wiki_secondary,416314,2025-09-01T15:51:05Z
385,Warning,Succession Contest arc,19,2018-10-22,2480,2018,47,0,2018-10-15,7,1,0,1,25,46,5,0,10,,2018-01-29,238,445,47,2018-10-22,,"October 22<sup>nd</sup>, 2018 (''Weekly Shōnen Jump #2480, No. 47'';<br />Weekly Shonen Jump (NA) #445, No. 47)",hunterpedia,,,https://hunterxhunter.fandom.com/wiki/Chapter_385,community_wiki_secondary,391059,2024-05-02T15:02:58Z
386,Hypothesis,Succession Contest arc,19,2018-10-29,2481,2018,48,0,2018-10-22,7,1,0,1,25,46,6,0,10,,2018-01-29,238,446,48,2018-10-29,,"October 29<sup>th</sup>, 2018 (''Weekly Shōnen Jump #2481, No. 48'';<br />Weekly Shonen Jump (NA) #446, No. 48)",hunterpedia,,,https://hunterxhunter.fandom.com/wiki/Chapter_386,community_wiki_secondary,421608,2026-07-06T19:30:06Z
387,Recreation,Succession Contest arc,19,2018-11-05,2482,2018,49,0,2018-10-29,7,1,0,1,25,46,7,0,10,,2018-01-29,238,447,49,2018-11-05,,"November 5<sup>th</sup>, 2018 (''Weekly Shōnen Jump #2482, No. 49'';<br />Weekly Shonen Jump (NA) #447, No. 49)",hunterpedia,,,https://hunterxhunter.fandom.com/wiki/Chapter_387,community_wiki_secondary,377064,2023-10-18T06:21:52Z
388,Reflection,Succession Contest arc,19,2018-11-12,2483,2018,50,0,2018-11-05,7,1,0,1,25,46,8,0,10,,2018-01-29,238,448,50,2018-11-12,,"November 12<sup>th</sup>, 2018 (''Weekly Shōnen Jump #2483, No. 50'';<br />Weekly Shonen Jump (NA) #448, No. 50)",hunterpedia,,,https://hunterxhunter.fandom.com/wiki/Chapter_388,community_wiki_secondary,421609,2026-07-06T19:30:11Z
389,Curse,Succession Contest arc,19,2018-11-19,2484,2018,51,0,2018-11-12,7,1,0,1,25,46,9,0,10,,2018-01-29,238,449,51,2018-11-19,,"November 19<sup>th</sup>, 2018 (''Weekly Shōnen Jump #2484, No. 51'';<br />Weekly Shonen Jump (NA) #449, No. 51)",hunterpedia,,,https://hunterxhunter.fandom.com/wiki/Chapter_389,community_wiki_secondary,423577,2026-08-01T17:48:27Z
390,Clash: Part 1,Succession Contest arc,19,2018-11-26,2485,2018,52,0,2018-11-19,7,1,0,1,25,46,10,0,10,,2018-01-29,238,450,52,2018-11-26,,"November 26<sup>th</sup>, 2018 (''Weekly Shōnen Jump #2485, No. 52'';<br />Weekly Shonen Jump (NA) #450, No. 52)",hunterpedia,,,https://hunterxhunter.fandom.com/wiki/Chapter_390,community_wiki_secondary,405611,2024-10-12T15:42:15Z
391,Clash: Part 2,Succession Contest arc,20,2022-10-24,2670,2022,47,0,2018-11-26,1428,185,184,1,26,47,1,1,10,184,2018-09-24,1491,,,,,"October 24<sup>th</sup>, 2022 (''Weekly Shōnen Jump #2670, No. 47'')",hunterpedia,,,https://hunterxhunter.fandom.com/wiki/Chapter_391,community_wiki_secondary,416317,2025-09-01T15:51:30Z
392,Information,Succession Contest arc,19,2022-10-31,2671,2022,48,0,2022-10-24,7,1,0,1,26,47,2,0,10,,2018-09-24,1491,,,,,"October 31<sup>st</sup>, 2022 (''Weekly Shōnen Jump #2671, No. 48'')",hunterpedia,,,https://hunterxhunter.fandom.com/wiki/Chapter_392,community_wiki_secondary,416318,2025-09-01T15:51:40Z
393,Plea,Succession Contest arc,19,2022-11-07,2672,2022,49,0,2022-10-31,7,1,0,1,26,47,3,0,10,,2018-09-24,1491,,,,,"November 7<sup>th</sup>, 2022 (''Weekly Shōnen Jump #2672, No. 49'')",hunterpedia,,,https://hunterxhunter.fandom.com/wiki/Chapter_393,community_wiki_secondary,416319,2025-09-01T15:51:48Z
394,Hypothesis,Succession Contest arc,19,2022-11-14,2673,2022,50,0,2022-11-07,7,1,0,1,26,47,4,0,10,,2018-09-24,1491,,,,,"November 14<sup>th</sup>, 2022 (''Weekly Shōnen Jump #2673, No. 50'')",hunterpedia,,,https://hunterxhunter.fandom.com/wiki/Chapter_394,community_wiki_secondary,416320,2025-09-01T15:51:55Z
395,Founding: Part 1,Succession Contest arc,19,2022-11-21,2674,2022,51,0,2022-11-14,7,1,0,1,26,47,5,0,10,,2018-09-24,1491,,,,,"November 21<sup>st</sup>, 2022 (''Weekly Shōnen Jump #2674, No. 51'')",hunterpedia,,,https://hunterxhunter.fandom.com/wiki/Chapter_395,community_wiki_secondary,416544,2025-09-03T23:55:34Z
396,Founding: Part 2,Succession Contest arc,19,2022-11-28,2675,2022,52,0,2022-11-21,7,1,0,1,26,47,6,0,10,,2018-09-24,1491,,,,,"November 28<sup>th</sup>, 2022 (''Weekly Shōnen Jump #2675, No. 52'')",hunterpedia,,,https://hunterxhunter.fandom.com/wiki/Chapter_396,community_wiki_secondary,406976,2024-11-03T18:32:50Z
397,Founding: Part 3,Succession Contest arc,19,2022-12-05,2676,2023,1,0,2022-11-28,7,1,0,1,26,47,7,0,10,,2018-09-24,1491,,,,,"December 5<sup>th</sup>, 2022 (''Weekly Shōnen Jump #2676, No. 1'')",hunterpedia,,,https://hunterxhunter.fandom.com/wiki/Chapter_397,community_wiki_secondary,416322,2025-09-01T15:52:11Z
398,Search,Succession Contest arc,19,2022-12-12,2677,2023,2,0,2022-12-05,7,1,0,1,26,47,8,0,10,,2018-09-24,1491,,,,,"December 12<sup>th</sup>, 2022 (''Weekly Shōnen Jump #2677, No. 2'')",hunterpedia,,,https://hunterxhunter.fandom.com/wiki/Chapter_398,community_wiki_secondary,404776,2024-09-20T03:12:08Z
399,Expulsion,Succession Contest arc,19,2022-12-19,2678,2023,3,0,2022-12-12,7,1,0,1,26,47,9,0,10,,2018-09-24,1491,,,,,"December 19<sup>th</sup>, 2022 (''Weekly Shōnen Jump #2678, No. 3'')",hunterpedia,,,https://hunterxhunter.fandom.com/wiki/Chapter_399,community_wiki_secondary,401962,2024-07-22T15:40:06Z
400,Secrecy,Succession Contest arc,19,2022-12-26,2679,2023,4-5,1,2022-12-19,7,1,0,1,26,47,10,0,10,,2018-09-24,1491,,,,,"December 26<sup>th</sup>, 2022 (''Weekly Shōnen Jump #2679, No. 4-5'')",hunterpedia,,,https://hunterxhunter.fandom.com/wiki/Chapter_400,community_wiki_secondary,423578,2026-08-01T17:50:46Z
401,Moonlight,Succession Contest arc,20,2024-10-07,2764,2024,45,0,2022-12-26,651,85,84,1,27,48,1,1,10,84,2022-10-24,714,,,,,"October 7<sup>th</sup>, 2024 (''Weekly Shōnen Jump #2764, No. 45'')",hunterpedia,,,https://hunterxhunter.fandom.com/wiki/Chapter_401,community_wiki_secondary,421610,2026-07-06T19:30:15Z
402,Letter,Succession Contest arc,19,2024-10-14,2765,2024,46,0,2024-10-07,7,1,0,1,27,48,2,0,10,,2022-10-24,714,,,,,"October 14<sup>th</sup>, 2024 (''Weekly Shōnen Jump #2765, No. 46'')",hunterpedia,,,https://hunterxhunter.fandom.com/wiki/Chapter_402,community_wiki_secondary,421875,2026-07-12T03:39:07Z
403,Results,Succession Contest arc,19,2024-10-21,2766,2024,47,0,2024-10-14,7,1,0,1,27,48,3,0,10,,2022-10-24,714,,,,,"October 21<sup>st</sup>, 2024 (''Weekly Shōnen Jump #2766, No. 47'')",hunterpedia,,,https://hunterxhunter.fandom.com/wiki/Chapter_403,community_wiki_secondary,421879,2026-07-12T03:47:41Z
404,Speculation,Succession Contest arc,19,2024-10-28,2767,2024,48,0,2024-10-21,7,1,0,1,27,48,4,0,10,,2022-10-24,714,,,,,"October 28<sup>th</sup>, 2024 (''Weekly Shōnen Jump #2767, No. 48'')",hunterpedia,,,https://hunterxhunter.fandom.com/wiki/Chapter_404,community_wiki_secondary,423579,2026-08-01T17:53:16Z
405,Performance,Succession Contest arc,19,2024-11-04,2768,2024,49,0,2024-10-28,7,1,0,1,27,48,5,0,10,,2022-10-24,714,,,,,"November 4<sup>th</sup>, 2024 (''Weekly Shōnen Jump #2768, No. 49'')",hunterpedia,,,https://hunterxhunter.fandom.com/wiki/Chapter_405,community_wiki_secondary,420839,2026-06-26T21:58:38Z
406,Regalia,Succession Contest arc,19,2024-11-11,2769,2024,50,0,2024-11-04,7,1,0,1,27,48,6,0,10,,2022-10-24,714,,,,,"November 11<sup>th</sup>, 2024 (''Weekly Shōnen Jump #2769, No. 50'')",hunterpedia,,,https://hunterxhunter.fandom.com/wiki/Chapter_406,community_wiki_secondary,422647,2026-07-19T03:02:11Z
407,Negotiation,Succession Contest arc,19,2024-11-18,2770,2024,51,0,2024-11-11,7,1,0,1,27,48,7,0,10,,2022-10-24,714,,,,,"November 18<sup>th</sup>, 2024 (''Weekly Shōnen Jump #2770, No. 51'')",hunterpedia,,,https://hunterxhunter.fandom.com/wiki/Chapter_407,community_wiki_secondary,420841,2026-06-26T21:58:49Z
408,Negotiation: Part 2,Succession Contest arc,19,2024-11-25,2771,2024,52,0,2024-11-18,7,1,0,1,27,48,8,0,10,,2022-10-24,714,,,,,"November 25<sup>th</sup>, 2024 (''Weekly Shōnen Jump #2771, No. 52'')",hunterpedia,,,https://hunterxhunter.fandom.com/wiki/Chapter_408,community_wiki_secondary,420842,2026-06-26T21:58:57Z
409,Negotiation: Part 3,Succession Contest arc,19,2024-12-02,2772,2025,1,0,2024-11-25,7,1,0,1,27,48,9,0,10,,2022-10-24,714,,,,,"December 2<sup>nd</sup>, 2024 (''Weekly Shōnen Jump #2772, No. 1'')",hunterpedia,,,https://hunterxhunter.fandom.com/wiki/Chapter_409,community_wiki_secondary,420843,2026-06-26T21:59:03Z
410,Negotiation: Part 4,Succession Contest arc,19,2024-12-09,2773,2025,2,0,2024-12-02,7,1,0,1,27,48,10,0,10,,2022-10-24,714,,,,,"December 9<sup>th</sup>, 2024 (''Weekly Shōnen Jump #2773, No. 2'')",hunterpedia,,,https://hunterxhunter.fandom.com/wiki/Chapter_410,community_wiki_secondary,422001,2026-07-12T18:54:49Z
411,Announcement,Succession Contest arc,20,2026-06-29,2847,2026,31,0,2024-12-09,567,74,73,1,28,49,1,1,9,73,2024-10-07,630,,,,,"June 29<sup>th</sup>, 2026 (''Weekly Shōnen Jump #2847, No. 31'')",hunterpedia,,,https://hunterxhunter.fandom.com/wiki/Chapter_411,community_wiki_secondary,422220,2026-07-16T12:46:13Z
412,Question,Succession Contest arc,19,2026-07-06,2848,2026,32,0,2026-06-29,7,1,0,1,28,49,2,0,9,,2024-10-07,630,,,,,"July 6<sup>th</sup>, 2026 (''Weekly Shōnen Jump #2848, No. 32'')",hunterpedia,,,https://hunterxhunter.fandom.com/wiki/Chapter_412,community_wiki_secondary,422095,2026-07-15T02:34:06Z
413,Loyalty,Succession Contest arc,19,2026-07-13,2849,2026,33,0,2026-07-06,7,1,0,1,28,49,3,0,9,,2024-10-07,630,,,,,"July 13<sup>th</sup>, 2026 (''Weekly Shōnen Jump #2849, No. 33'')",hunterpedia,,,https://hunterxhunter.fandom.com/wiki/Chapter_413,community_wiki_secondary,422724,2026-07-19T15:50:00Z
414,Friends,Succession Contest arc,19,2026-07-20,2850,2026,34,0,2026-07-13,7,1,0,1,28,49,4,0,9,,2024-10-07,630,,,,,"July 20<sup>th</sup>, 2026 (''Weekly Shōnen Jump #2850, No. 34'')",hunterpedia,,,https://hunterxhunter.fandom.com/wiki/Chapter_414,community_wiki_secondary,423686,2026-08-02T17:42:15Z
415,Authenticity,Succession Contest arc,19,2026-07-27,2851,2026,35,0,2026-07-20,7,1,0,1,28,49,5,0,9,,2024-10-07,630,,,,,"July 27<sup>th</sup>, 2026 (''Weekly Shōnen Jump #2851, No. 35'')",hunterpedia,,,https://hunterxhunter.fandom.com/wiki/Chapter_415,community_wiki_secondary,423617,2026-08-02T15:00:51Z
416,Proclamation,Succession Contest arc,19,2026-08-03,2852,2026,36,0,2026-07-27,7,1,0,1,28,49,6,0,9,,2024-10-07,630,,,,,"August 3<sup>rd</sup>, 2026 (''Weekly Shōnen Jump #2852, No. 36'')",hunterpedia,,,https://hunterxhunter.fandom.com/wiki/Chapter_416,community_wiki_secondary,423803,2026-08-09T15:02:18Z
417,Contingency,Succession Contest arc,19,2026-08-10,2853,2026,37-38,1,2026-08-03,7,1,0,1,28,49,7,0,9,,2024-10-07,630,,,,,"August 10<sup>th</sup>, 2026 (''Weekly Shōnen Jump #2853, No. 37-38'')",hunterpedia,,,https://hunterxhunter.fandom.com/wiki/Chapter_417,community_wiki_secondary,425239,2026-08-28T05:11:30Z
418,Hypothesis,Succession Contest arc,19,2026-08-24,2854,2026,39,0,2026-08-10,14,1,0,1,28,49,8,0,9,,2024-10-07,630,,,,,"August 24<sup>th</sup>, 2026 (''Weekly Shōnen Jump #2854, No. 39'')",hunterpedia,,,https://hunterxhunter.fandom.com/wiki/Chapter_418,community_wiki_secondary,425385,2026-08-30T15:09:19Z
419,Implementation,Succession Contest arc,19,2026-08-31,2855,2026,40,0,2026-08-24,7,1,0,1,28,49,9,0,9,,2024-10-07,630,,,,,"August 31<sup>st</sup>, 2026 (''Weekly Shōnen Jump #2855, No. 40'')",hunterpedia,,,https://hunterxhunter.fandom.com/wiki/Chapter_419,community_wiki_secondary,425426,2026-08-31T05:16:22Z
