tweet_id,created_at_utc,id_created_at_utc,author_id,author_screen_name,is_togashi,lang,text_ja,text_body,has_text,n_media,media_urls,chapters_mentioned,n_chapters_mentioned,favorite_count,conversation_count,is_edited,tweet_url,source,source_type,retrieved_utc,wayback_snapshots
1528987173927522304,2022-05-24T06:32:04.000Z,2022-05-24T06:32:04.129000+00:00,1528978792617611264,Un4v5s8bgsVk9Xp,1,ja,とりあえずあと4話。 https://t.co/OwoB4ljp1x,とりあえずあと4話。,1,1,https://pbs.twimg.com/media/FTgNunjVsAAYY09.jpg,,0,1292117,17265,0,https://x.com/Un4v5s8bgsVk9Xp/status/1528987173927522304,cdn.syndication.twimg.com/tweet-result,x_syndication_api_unauthenticated,2026-08-27T13:48:00.282994+00:00,575
1529260655236091904,2022-05-25T00:38:47.000Z,2022-05-25T00:38:47.154000+00:00,1528978792617611264,Un4v5s8bgsVk9Xp,1,zxx,https://t.co/oyHemIfukl,,0,1,https://pbs.twimg.com/media/FTkGdX7UAAA7ogl.jpg,,0,760609,8048,0,https://x.com/Un4v5s8bgsVk9Xp/status/1529260655236091904,cdn.syndication.twimg.com/tweet-result,x_syndication_api_unauthenticated,2026-08-27T13:48:01.261732+00:00,269
1529663083605397504,2022-05-26T03:17:53.000Z,2022-05-26T03:17:53.554000+00:00,1528978792617611264,Un4v5s8bgsVk9Xp,1,zxx,https://t.co/3FXzOPgp79,,0,1,https://pbs.twimg.com/media/FTp0dzGUEAAo0QN.jpg,,0,732711,6335,0,https://x.com/Un4v5s8bgsVk9Xp/status/1529663083605397504,cdn.syndication.twimg.com/tweet-result,x_syndication_api_unauthenticated,2026-08-27T13:48:02.358569+00:00,216
1530022135413952512,2022-05-27T03:04:38.000Z,2022-05-27T03:04:38.176000+00:00,1528978792617611264,Un4v5s8bgsVk9Xp,1,zxx,https://t.co/4yg2YfKFUv,,0,1,https://pbs.twimg.com/media/FTu7BZjUsAAS1xJ.jpg,,0,701173,5321,0,https://x.com/Un4v5s8bgsVk9Xp/status/1530022135413952512,cdn.syndication.twimg.com/tweet-result,x_syndication_api_unauthenticated,2026-08-27T13:48:03.382173+00:00,139
1530401076385525761,2022-05-28T04:10:24.000Z,2022-05-28T04:10:24.744000+00:00,1528978792617611264,Un4v5s8bgsVk9Xp,1,zxx,https://t.co/lDdzNtbg98,,0,1,https://pbs.twimg.com/media/FT0TqmEVEAEneJM.jpg,,0,562950,4259,0,https://x.com/Un4v5s8bgsVk9Xp/status/1530401076385525761,cdn.syndication.twimg.com/tweet-result,x_syndication_api_unauthenticated,2026-08-27T13:48:04.406389+00:00,148
1530748357731225600,2022-05-29T03:10:23.000Z,2022-05-29T03:10:23.069000+00:00,1528978792617611264,Un4v5s8bgsVk9Xp,1,zxx,https://t.co/RwEyTclcra,,0,1,https://pbs.twimg.com/media/FT5PhFxUAAEXmfA.jpg,,0,541360,3837,0,https://x.com/Un4v5s8bgsVk9Xp/status/1530748357731225600,cdn.syndication.twimg.com/tweet-result,x_syndication_api_unauthenticated,2026-08-27T13:48:05.419097+00:00,148
1531112345321078784,2022-05-30T03:16:44.000Z,2022-05-30T03:16:44.473000+00:00,1528978792617611264,Un4v5s8bgsVk9Xp,1,zxx,https://t.co/vjOUZOR3QE,,0,1,https://pbs.twimg.com/media/FT-aj9yUsAAuFe6.jpg,,0,486746,3387,0,https://x.com/Un4v5s8bgsVk9Xp/status/1531112345321078784,cdn.syndication.twimg.com/tweet-result,x_syndication_api_unauthenticated,2026-08-27T13:48:06.406532+00:00,130
1531471347540295680,2022-05-31T03:03:17.000Z,2022-05-31T03:03:17.272000+00:00,1528978792617611264,Un4v5s8bgsVk9Xp,1,zxx,https://t.co/b1L5KDu7nR,,0,1,https://pbs.twimg.com/media/FUDhEn3VsAAWy2k.jpg,,0,527797,3481,0,https://x.com/Un4v5s8bgsVk9Xp/status/1531471347540295680,cdn.syndication.twimg.com/tweet-result,x_syndication_api_unauthenticated,2026-08-27T13:48:07.389471+00:00,185
1531834543920951296,2022-06-01T03:06:30.000Z,2022-06-01T03:06:30.037000+00:00,1528978792617611264,Un4v5s8bgsVk9Xp,1,zxx,https://t.co/LtRqtjesBw,,0,1,https://pbs.twimg.com/media/FUIrZdmVsAA1jFs.jpg,,0,466415,2590,0,https://x.com/Un4v5s8bgsVk9Xp/status/1531834543920951296,cdn.syndication.twimg.com/tweet-result,x_syndication_api_unauthenticated,2026-08-27T13:48:08.372090+00:00,146
1532195450983313408,2022-06-02T03:00:36.000Z,2022-06-02T03:00:36.986000+00:00,1528978792617611264,Un4v5s8bgsVk9Xp,1,zxx,https://t.co/yP1d1DqhpV,,0,1,https://pbs.twimg.com/media/FUNzo6gUcAEQEHl.jpg,,0,441800,2516,0,https://x.com/Un4v5s8bgsVk9Xp/status/1532195450983313408,cdn.syndication.twimg.com/tweet-result,x_syndication_api_unauthenticated,2026-08-27T13:48:09.396152+00:00,169
1532558267385188352,2022-06-03T03:02:19.000Z,2022-06-03T03:02:19.157000+00:00,1528978792617611264,Un4v5s8bgsVk9Xp,1,zxx,https://t.co/GYh0CYn0uP,,0,1,https://pbs.twimg.com/media/FUS9nj4VIAAVsFO.jpg,,0,432052,2532,0,https://x.com/Un4v5s8bgsVk9Xp/status/1532558267385188352,cdn.syndication.twimg.com/tweet-result,x_syndication_api_unauthenticated,2026-08-27T13:48:10.401089+00:00,134
1532920523406995456,2022-06-04T03:01:47.000Z,2022-06-04T03:01:47.723000+00:00,1528978792617611264,Un4v5s8bgsVk9Xp,1,zxx,https://t.co/fe67Xs3jqZ,,0,1,https://pbs.twimg.com/media/FUYHFsvUEAA7eTY.jpg,,0,436981,2317,0,https://x.com/Un4v5s8bgsVk9Xp/status/1532920523406995456,cdn.syndication.twimg.com/tweet-result,x_syndication_api_unauthenticated,2026-08-27T13:48:11.400654+00:00,241
1533283644227260416,2022-06-05T03:04:42.000Z,2022-06-05T03:04:42.473000+00:00,1528978792617611264,Un4v5s8bgsVk9Xp,1,zxx,https://t.co/QdgWSGiryH,,0,1,https://pbs.twimg.com/media/FUdRWG4UUAAG7Px.jpg,,0,407156,1951,0,https://x.com/Un4v5s8bgsVk9Xp/status/1533283644227260416,cdn.syndication.twimg.com/tweet-result,x_syndication_api_unauthenticated,2026-08-27T13:48:12.400405+00:00,24
1533646413623529474,2022-06-06T03:06:13.000Z,2022-06-06T03:06:13.437000+00:00,1528978792617611264,Un4v5s8bgsVk9Xp,1,ja,"とりあえず、あと3話。

ニャロメがない。ただのニセモノのようだ。

#酒飲んでるのに御三方のクオリティーの高さエグい https://t.co/0MRdkybU3a","とりあえず、あと3話。

ニャロメがない。ただのニセモノのようだ。

#酒飲んでるのに御三方のクオリティーの高さエグい",1,1,https://pbs.twimg.com/media/FUibSFxVUAAjVpY.jpg,,0,514464,2621,0,https://x.com/Un4v5s8bgsVk9Xp/status/1533646413623529474,cdn.syndication.twimg.com/tweet-result,x_syndication_api_unauthenticated,2026-08-27T13:48:13.399654+00:00,69
1534007690053099520,2022-06-07T03:01:48.000Z,2022-06-07T03:01:48.450000+00:00,1528978792617611264,Un4v5s8bgsVk9Xp,1,zxx,https://t.co/z0v3x5fGOE,,0,1,https://pbs.twimg.com/media/FUnj3FrVEAArUVO.jpg,,0,389661,1699,0,https://x.com/Un4v5s8bgsVk9Xp/status/1534007690053099520,cdn.syndication.twimg.com/tweet-result,x_syndication_api_unauthenticated,2026-08-27T13:48:14.412625+00:00,15
1534370156809310210,2022-06-08T03:02:07.000Z,2022-06-08T03:02:07.259000+00:00,1528978792617611264,Un4v5s8bgsVk9Xp,1,zxx,https://t.co/CtnxQteq7p,,0,1,https://pbs.twimg.com/media/FUsthWUVEAAVKxV.jpg,,0,343441,1467,0,https://x.com/Un4v5s8bgsVk9Xp/status/1534370156809310210,cdn.syndication.twimg.com/tweet-result,x_syndication_api_unauthenticated,2026-08-27T13:48:15.397062+00:00,12
1534732400604745733,2022-06-09T03:01:32.000Z,2022-06-09T03:01:32.910000+00:00,1528978792617611264,Un4v5s8bgsVk9Xp,1,zxx,https://t.co/MJqsNT4iC8,,0,1,https://pbs.twimg.com/media/FUx2-6uUAAANmZP.jpg,,0,327146,1445,0,https://x.com/Un4v5s8bgsVk9Xp/status/1534732400604745733,cdn.syndication.twimg.com/tweet-result,x_syndication_api_unauthenticated,2026-08-27T13:48:16.373933+00:00,12
1535094793100857345,2022-06-10T03:01:34.000Z,2022-06-10T03:01:34.014000+00:00,1528978792617611264,Un4v5s8bgsVk9Xp,1,zxx,https://t.co/am3Rsos9LR,,0,1,https://pbs.twimg.com/media/FU3AkyKUYAAm_3Z.jpg,,0,298119,1086,0,https://x.com/Un4v5s8bgsVk9Xp/status/1535094793100857345,cdn.syndication.twimg.com/tweet-result,x_syndication_api_unauthenticated,2026-08-27T13:48:17.391271+00:00,7
1535457193008320513,2022-06-11T03:01:36.000Z,2022-06-11T03:01:36.885000+00:00,1528978792617611264,Un4v5s8bgsVk9Xp,1,zxx,https://t.co/Xcwokm3Cdj,,0,1,https://pbs.twimg.com/media/FU8KLLtUUAAWAa1.jpg,,0,309746,1333,0,https://x.com/Un4v5s8bgsVk9Xp/status/1535457193008320513,cdn.syndication.twimg.com/tweet-result,x_syndication_api_unauthenticated,2026-08-27T13:48:18.387311+00:00,9
1535820071188082688,2022-06-12T03:03:33.000Z,2022-06-12T03:03:33.785000+00:00,1528978792617611264,Un4v5s8bgsVk9Xp,1,zxx,https://t.co/rCEweknFN5,,0,1,https://pbs.twimg.com/media/FVBUNreVUAAUeUr.jpg,,0,341304,1352,0,https://x.com/Un4v5s8bgsVk9Xp/status/1535820071188082688,cdn.syndication.twimg.com/tweet-result,x_syndication_api_unauthenticated,2026-08-27T13:48:19.387447+00:00,7
1536181741542526976,2022-06-13T03:00:42.000Z,2022-06-13T03:00:42.717000+00:00,1528978792617611264,Un4v5s8bgsVk9Xp,1,zxx,https://t.co/gffrewVkXu,,0,1,https://pbs.twimg.com/media/FVGdJrkUsAAbUta.jpg,,0,289708,993,0,https://x.com/Un4v5s8bgsVk9Xp/status/1536181741542526976,cdn.syndication.twimg.com/tweet-result,x_syndication_api_unauthenticated,2026-08-27T13:48:20.482072+00:00,5
1536544533474791424,2022-06-14T03:02:19.000Z,2022-06-14T03:02:19.054000+00:00,1528978792617611264,Un4v5s8bgsVk9Xp,1,zxx,https://t.co/H8UJSI51Yr,,0,1,https://pbs.twimg.com/media/FVLnG6UVsAADxbS.jpg,,0,282072,1025,0,https://x.com/Un4v5s8bgsVk9Xp/status/1536544533474791424,cdn.syndication.twimg.com/tweet-result,x_syndication_api_unauthenticated,2026-08-27T13:48:21.478980+00:00,7
1536906649612750848,2022-06-15T03:01:14.000Z,2022-06-15T03:01:14.269000+00:00,1528978792617611264,Un4v5s8bgsVk9Xp,1,zxx,https://t.co/h0uLrvKZw1,,0,1,https://pbs.twimg.com/media/FVQwc0IUYAAEBh7.jpg,,0,359226,2039,0,https://x.com/Un4v5s8bgsVk9Xp/status/1536906649612750848,cdn.syndication.twimg.com/tweet-result,x_syndication_api_unauthenticated,2026-08-27T13:48:22.489776+00:00,6
1537269290688122881,2022-06-16T03:02:14.000Z,2022-06-16T03:02:14.639000+00:00,1528978792617611264,Un4v5s8bgsVk9Xp,1,zxx,https://t.co/03v6LX6tl2,,0,1,https://pbs.twimg.com/media/FVV6RUFUYAAd8rx.jpg,,0,267256,954,0,https://x.com/Un4v5s8bgsVk9Xp/status/1537269290688122881,cdn.syndication.twimg.com/tweet-result,x_syndication_api_unauthenticated,2026-08-27T13:48:23.485303+00:00,11
1537632258311323648,2022-06-17T03:04:32.000Z,2022-06-17T03:04:32.864000+00:00,1528978792617611264,Un4v5s8bgsVk9Xp,1,zxx,https://t.co/iSGP3CriTI,,0,1,https://pbs.twimg.com/media/FVbEYqqVIAAnhLJ.jpg,,0,256916,1005,0,https://x.com/Un4v5s8bgsVk9Xp/status/1537632258311323648,cdn.syndication.twimg.com/tweet-result,x_syndication_api_unauthenticated,2026-08-27T13:48:24.480215+00:00,23
1537993636297658369,2022-06-18T03:00:32.000Z,2022-06-18T03:00:32.090000+00:00,1528978792617611264,Un4v5s8bgsVk9Xp,1,zxx,https://t.co/qtja0DPxp8,,0,1,https://pbs.twimg.com/media/FVgNDxIVUAAlJJB.jpg,,0,266322,952,0,https://x.com/Un4v5s8bgsVk9Xp/status/1537993636297658369,cdn.syndication.twimg.com/tweet-result,x_syndication_api_unauthenticated,2026-08-27T13:48:25.480778+00:00,5
1538356359007072256,2022-06-19T03:01:51.000Z,2022-06-19T03:01:51.923000+00:00,1528978792617611264,Un4v5s8bgsVk9Xp,1,ja,"取り敢えず、あと2話。

なっつ。
ハガキ職人に憧れてた頃。

#ちなみに商品はボールペン https://t.co/kRt2PMw5vy","取り敢えず、あと2話。

なっつ。
ハガキ職人に憧れてた頃。

#ちなみに商品はボールペン",1,1,https://pbs.twimg.com/media/FVlW8_2UYAAi42c.jpg,,0,277495,1275,0,https://x.com/Un4v5s8bgsVk9Xp/status/1538356359007072256,cdn.syndication.twimg.com/tweet-result,x_syndication_api_unauthenticated,2026-08-27T13:48:26.489987+00:00,32
1538794911759077378,2022-06-20T08:04:31.000Z,2022-06-20T08:04:31.047000+00:00,1528978792617611264,Un4v5s8bgsVk9Xp,1,zxx,https://t.co/w4BTICR3dg,,0,1,https://pbs.twimg.com/media/FVrl0EXVIAAJFD7.jpg,,0,265011,1139,0,https://x.com/Un4v5s8bgsVk9Xp/status/1538794911759077378,cdn.syndication.twimg.com/tweet-result,x_syndication_api_unauthenticated,2026-08-27T13:48:27.475090+00:00,5
1539081629632630784,2022-06-21T03:03:49.000Z,2022-06-21T03:03:49.915000+00:00,1528978792617611264,Un4v5s8bgsVk9Xp,1,zxx,https://t.co/gSgy5QHZD1,,0,1,https://pbs.twimg.com/media/FVvqlXrVUAAPGFp.jpg,,0,221412,750,0,https://x.com/Un4v5s8bgsVk9Xp/status/1539081629632630784,cdn.syndication.twimg.com/tweet-result,x_syndication_api_unauthenticated,2026-08-27T13:48:28.455479+00:00,6
1539443851487694848,2022-06-22T03:03:10.000Z,2022-06-22T03:03:10.335000+00:00,1528978792617611264,Un4v5s8bgsVk9Xp,1,zxx,https://t.co/7muH33ixnl,,0,1,https://pbs.twimg.com/media/FV00BZ7VsAAS3Oc.jpg,,0,235798,1019,0,https://x.com/Un4v5s8bgsVk9Xp/status/1539443851487694848,cdn.syndication.twimg.com/tweet-result,x_syndication_api_unauthenticated,2026-08-27T13:48:29.459214+00:00,10
1539806147745484800,2022-06-23T03:02:48.000Z,2022-06-23T03:02:48.494000+00:00,1528978792617611264,Un4v5s8bgsVk9Xp,1,zxx,https://t.co/1zv4iP8PaK,,0,1,https://pbs.twimg.com/media/FV59h06UAAEmCNX.jpg,,0,216316,731,0,https://x.com/Un4v5s8bgsVk9Xp/status/1539806147745484800,cdn.syndication.twimg.com/tweet-result,x_syndication_api_unauthenticated,2026-08-27T13:48:30.466254+00:00,7
1540177798618263552,2022-06-24T03:39:36.000Z,2022-06-24T03:39:36.967000+00:00,1528978792617611264,Un4v5s8bgsVk9Xp,1,zxx,https://t.co/zEfiUfdhi4,,0,1,https://pbs.twimg.com/media/FV_PiuXUsAA1JQw.jpg,,0,215265,705,0,https://x.com/Un4v5s8bgsVk9Xp/status/1540177798618263552,cdn.syndication.twimg.com/tweet-result,x_syndication_api_unauthenticated,2026-08-27T13:48:31.481473+00:00,5
1540530537512611841,2022-06-25T03:01:16.000Z,2022-06-25T03:01:16.473000+00:00,1528978792617611264,Un4v5s8bgsVk9Xp,1,zxx,https://t.co/AKXzxlW2ry,,0,1,https://pbs.twimg.com/media/FWEQW60VsAASG7w.jpg,,0,210481,710,0,https://x.com/Un4v5s8bgsVk9Xp/status/1540530537512611841,cdn.syndication.twimg.com/tweet-result,x_syndication_api_unauthenticated,2026-08-27T13:48:32.503820+00:00,4
1540895966798028801,2022-06-26T03:13:21.000Z,2022-06-26T03:13:21.604000+00:00,1528978792617611264,Un4v5s8bgsVk9Xp,1,zxx,https://t.co/V9zftKTqUx,,0,1,https://pbs.twimg.com/media/FWJctrXUAAAWTxT.jpg,,0,211138,709,0,https://x.com/Un4v5s8bgsVk9Xp/status/1540895966798028801,cdn.syndication.twimg.com/tweet-result,x_syndication_api_unauthenticated,2026-08-27T13:48:33.519077+00:00,5
1541255538029125633,2022-06-27T03:02:10.000Z,2022-06-27T03:02:10.066000+00:00,1528978792617611264,Un4v5s8bgsVk9Xp,1,zxx,https://t.co/e3kLJKF259,,0,1,https://pbs.twimg.com/media/FWOjvh5UEAAK-N_.jpg,,0,204679,695,0,https://x.com/Un4v5s8bgsVk9Xp/status/1541255538029125633,cdn.syndication.twimg.com/tweet-result,x_syndication_api_unauthenticated,2026-08-27T13:48:34.515984+00:00,2
1541676030489833472,2022-06-28T06:53:03.000Z,2022-06-28T06:53:03.281000+00:00,1528978792617611264,Un4v5s8bgsVk9Xp,1,zxx,https://t.co/aC9FAO59TZ,,0,1,https://pbs.twimg.com/media/FWUiLW7UYAAz6dg.jpg,,0,209859,666,0,https://x.com/Un4v5s8bgsVk9Xp/status/1541676030489833472,cdn.syndication.twimg.com/tweet-result,x_syndication_api_unauthenticated,2026-08-27T13:48:35.534042+00:00,16
1541980381552922624,2022-06-29T03:02:26.000Z,2022-06-29T03:02:26.229000+00:00,1528978792617611264,Un4v5s8bgsVk9Xp,1,zxx,https://t.co/nbbpx7nMkk,,0,1,https://pbs.twimg.com/media/FWY2-8FUIAAHVQF.jpg,,0,211762,748,0,https://x.com/Un4v5s8bgsVk9Xp/status/1541980381552922624,cdn.syndication.twimg.com/tweet-result,x_syndication_api_unauthenticated,2026-08-27T13:48:36.521588+00:00,7
1542343325021196291,2022-06-30T03:04:38.000Z,2022-06-30T03:04:38.695000+00:00,1528978792617611264,Un4v5s8bgsVk9Xp,1,zxx,https://t.co/KIGukNWtxA,,0,1,https://pbs.twimg.com/media/FWeBE-5VsAEmnLY.jpg,,0,218291,932,0,https://x.com/Un4v5s8bgsVk9Xp/status/1542343325021196291,cdn.syndication.twimg.com/tweet-result,x_syndication_api_unauthenticated,2026-08-27T13:48:37.485655+00:00,37
1542705613519523840,2022-07-01T03:04:15.000Z,2022-07-01T03:04:15.004000+00:00,1528978792617611264,Un4v5s8bgsVk9Xp,1,zxx,https://t.co/FVe0dYxJlH,,0,1,https://pbs.twimg.com/media/FWjKk3nVsAEoKCo.jpg,,0,251511,1310,0,https://x.com/Un4v5s8bgsVk9Xp/status/1542705613519523840,cdn.syndication.twimg.com/tweet-result,x_syndication_api_unauthenticated,2026-08-27T13:48:38.462567+00:00,18
1543068288862760960,2022-07-02T03:05:23.000Z,2022-07-02T03:05:23.544000+00:00,1528978792617611264,Un4v5s8bgsVk9Xp,1,zxx,https://t.co/QNye0NbA0S,,0,1,https://pbs.twimg.com/media/FWoUbZIUIAARp07.jpg,,0,210334,739,0,https://x.com/Un4v5s8bgsVk9Xp/status/1543068288862760960,cdn.syndication.twimg.com/tweet-result,x_syndication_api_unauthenticated,2026-08-27T13:48:39.483824+00:00,6
1543431031293767680,2022-07-03T03:06:48.000Z,2022-07-03T03:06:48.079000+00:00,1528978792617611264,Un4v5s8bgsVk9Xp,1,zxx,https://t.co/QklgHvWI4p,,0,1,https://pbs.twimg.com/media/FWteV3HUsAAyNNT.jpg,,0,212789,785,0,https://x.com/Un4v5s8bgsVk9Xp/status/1543431031293767680,cdn.syndication.twimg.com/tweet-result,x_syndication_api_unauthenticated,2026-08-27T13:48:40.483395+00:00,7
1543792686947110912,2022-07-04T03:03:53.000Z,2022-07-04T03:03:53.506000+00:00,1528978792617611264,Un4v5s8bgsVk9Xp,1,zxx,https://t.co/cJbrROB1xJ,,0,1,https://pbs.twimg.com/media/FWynQ-FUEAAOG1D.jpg,,0,203111,713,0,https://x.com/Un4v5s8bgsVk9Xp/status/1543792686947110912,cdn.syndication.twimg.com/tweet-result,x_syndication_api_unauthenticated,2026-08-27T13:48:41.492203+00:00,10
1544155535347290113,2022-07-05T03:05:43.000Z,2022-07-05T03:05:43.306000+00:00,1528978792617611264,Un4v5s8bgsVk9Xp,1,zxx,https://t.co/nkGbOkLskU,,0,1,https://pbs.twimg.com/media/FW3xRjLVsAESQNy.jpg,,0,202200,643,0,https://x.com/Un4v5s8bgsVk9Xp/status/1544155535347290113,cdn.syndication.twimg.com/tweet-result,x_syndication_api_unauthenticated,2026-08-27T13:48:42.498351+00:00,4
1544517962953920513,2022-07-06T03:05:52.000Z,2022-07-06T03:05:52.781000+00:00,1528978792617611264,Un4v5s8bgsVk9Xp,1,zxx,https://t.co/hzvdw1hYEr,,0,1,https://pbs.twimg.com/media/FW865hyVUAAP4Qi.jpg,,0,189975,653,0,https://x.com/Un4v5s8bgsVk9Xp/status/1544517962953920513,cdn.syndication.twimg.com/tweet-result,x_syndication_api_unauthenticated,2026-08-27T13:48:43.489983+00:00,1
1544880069771833344,2022-07-07T03:04:45.000Z,2022-07-07T03:04:45.774000+00:00,1528978792617611264,Un4v5s8bgsVk9Xp,1,ja,"取り敢えず、あと1話。

着色前提で描き始めて色塗り無しに
して没ったヤツ。

＃描いたのはかなり前 https://t.co/L9LCBQPW9O","取り敢えず、あと1話。

着色前提で描き始めて色塗り無しに
して没ったヤツ。

＃描いたのはかなり前",1,1,https://pbs.twimg.com/media/FXCEO-BUIAEhOTt.jpg,,0,635760,4088,0,https://x.com/Un4v5s8bgsVk9Xp/status/1544880069771833344,cdn.syndication.twimg.com/tweet-result,x_syndication_api_unauthenticated,2026-08-27T13:48:44.495712+00:00,41
1545242707840225281,2022-07-08T03:05:45.000Z,2022-07-08T03:05:45.427000+00:00,1528978792617611264,Un4v5s8bgsVk9Xp,1,zxx,https://t.co/BfHdghLEmk,,0,1,https://pbs.twimg.com/media/FXHODUPUIAA4-_U.jpg,,0,191721,593,0,https://x.com/Un4v5s8bgsVk9Xp/status/1545242707840225281,cdn.syndication.twimg.com/tweet-result,x_syndication_api_unauthenticated,2026-08-27T13:48:45.501598+00:00,17
1545606271935533059,2022-07-09T03:10:25.000Z,2022-07-09T03:10:25.862000+00:00,1528978792617611264,Un4v5s8bgsVk9Xp,1,zxx,https://t.co/ehyKGIZxZK,,0,1,https://pbs.twimg.com/media/FXMYtfnVEAEAqjV.jpg,,0,180240,616,0,https://x.com/Un4v5s8bgsVk9Xp/status/1545606271935533059,cdn.syndication.twimg.com/tweet-result,x_syndication_api_unauthenticated,2026-08-27T13:48:46.490377+00:00,7
1545966491199188993,2022-07-10T03:01:48.000Z,2022-07-10T03:01:48.827000+00:00,1528978792617611264,Un4v5s8bgsVk9Xp,1,zxx,https://t.co/d3hePk34IN,,0,1,https://pbs.twimg.com/media/FXRgVEfUcAAAW1e.jpg,,0,174438,463,0,https://x.com/Un4v5s8bgsVk9Xp/status/1545966491199188993,cdn.syndication.twimg.com/tweet-result,x_syndication_api_unauthenticated,2026-08-27T13:48:47.488856+00:00,3
1546329266433826816,2022-07-11T03:03:21.000Z,2022-07-11T03:03:21.183000+00:00,1528978792617611264,Un4v5s8bgsVk9Xp,1,zxx,https://t.co/mZrFt9ZOyh,,0,1,https://pbs.twimg.com/media/FXWqRUgVsAAVBwH.jpg,,0,176363,506,0,https://x.com/Un4v5s8bgsVk9Xp/status/1546329266433826816,cdn.syndication.twimg.com/tweet-result,x_syndication_api_unauthenticated,2026-08-27T13:48:48.505680+00:00,2
1546691419129098245,2022-07-12T03:02:25.000Z,2022-07-12T03:02:25.114000+00:00,1528978792617611264,Un4v5s8bgsVk9Xp,1,zxx,https://t.co/JfN0pvPZrQ,,0,1,https://pbs.twimg.com/media/FXbzpXDUYAI4xUB.jpg,,0,163706,504,0,https://x.com/Un4v5s8bgsVk9Xp/status/1546691419129098245,cdn.syndication.twimg.com/tweet-result,x_syndication_api_unauthenticated,2026-08-27T13:48:49.524750+00:00,2
1547054032136863744,2022-07-13T03:03:18.000Z,2022-07-13T03:03:18.792000+00:00,1528978792617611264,Un4v5s8bgsVk9Xp,1,zxx,https://t.co/1mW55bhkv0,,0,1,https://pbs.twimg.com/media/FXg9cIuVUAIp7hS.jpg,,0,168684,512,0,https://x.com/Un4v5s8bgsVk9Xp/status/1547054032136863744,cdn.syndication.twimg.com/tweet-result,x_syndication_api_unauthenticated,2026-08-27T13:48:50.522617+00:00,3
1547423498426978304,2022-07-14T03:31:26.000Z,2022-07-14T03:31:26.420000+00:00,1528978792617611264,Un4v5s8bgsVk9Xp,1,zxx,https://t.co/DlT2ksBce1,,0,1,https://pbs.twimg.com/media/FXmNeBwUEAAU8Xf.jpg,,0,155246,466,0,https://x.com/Un4v5s8bgsVk9Xp/status/1547423498426978304,cdn.syndication.twimg.com/tweet-result,x_syndication_api_unauthenticated,2026-08-27T13:48:51.521855+00:00,3
1547778808207380485,2022-07-15T03:03:18.000Z,2022-07-15T03:03:18.873000+00:00,1528978792617611264,Un4v5s8bgsVk9Xp,1,zxx,https://t.co/rKnFrliLaJ,,0,1,https://pbs.twimg.com/media/FXrQnrXUIAARMPy.jpg,,0,137549,554,0,https://x.com/Un4v5s8bgsVk9Xp/status/1547778808207380485,cdn.syndication.twimg.com/tweet-result,x_syndication_api_unauthenticated,2026-08-27T13:48:52.531800+00:00,2
1548141221406642177,2022-07-16T03:03:24.000Z,2022-07-16T03:03:24.913000+00:00,1528978792617611264,Un4v5s8bgsVk9Xp,1,zxx,https://t.co/kSJBQC8Dnk,,0,1,https://pbs.twimg.com/media/FXwaPCNUEAALTww.jpg,,0,150584,474,0,https://x.com/Un4v5s8bgsVk9Xp/status/1548141221406642177,cdn.syndication.twimg.com/tweet-result,x_syndication_api_unauthenticated,2026-08-27T13:48:53.512827+00:00,2
1548503498697760768,2022-07-17T03:02:58.000Z,2022-07-17T03:02:58.550000+00:00,1528978792617611264,Un4v5s8bgsVk9Xp,1,zxx,https://t.co/cUgTPwfbMx,,0,1,https://pbs.twimg.com/media/FX1juViUsAE8UOz.jpg,,0,167125,482,0,https://x.com/Un4v5s8bgsVk9Xp/status/1548503498697760768,cdn.syndication.twimg.com/tweet-result,x_syndication_api_unauthenticated,2026-08-27T13:48:54.505179+00:00,6
1548865803268734976,2022-07-18T03:02:38.000Z,2022-07-18T03:02:38.691000+00:00,1528978792617611264,Un4v5s8bgsVk9Xp,1,zxx,https://t.co/GknelvhLaz,,0,1,https://pbs.twimg.com/media/FX6tPIiUIAE7kc0.jpg,,0,177143,521,0,https://x.com/Un4v5s8bgsVk9Xp/status/1548865803268734976,cdn.syndication.twimg.com/tweet-result,x_syndication_api_unauthenticated,2026-08-27T13:48:55.507058+00:00,6
1549228293349466112,2022-07-19T03:03:03.000Z,2022-07-19T03:03:03.061000+00:00,1528978792617611264,Un4v5s8bgsVk9Xp,1,zxx,https://t.co/RWUp2qhNdE,,0,1,https://pbs.twimg.com/media/FX_266oUIAA1O5X.jpg,,0,169169,482,0,https://x.com/Un4v5s8bgsVk9Xp/status/1549228293349466112,cdn.syndication.twimg.com/tweet-result,x_syndication_api_unauthenticated,2026-08-27T13:48:56.504883+00:00,30
1549591364169437184,2022-07-20T03:05:45.000Z,2022-07-20T03:05:45.890000+00:00,1528978792617611264,Un4v5s8bgsVk9Xp,1,zxx,https://t.co/iUFoteHwcF,,0,1,https://pbs.twimg.com/media/FYFBIbfUUAM5Os6.jpg,,0,165947,604,0,https://x.com/Un4v5s8bgsVk9Xp/status/1549591364169437184,cdn.syndication.twimg.com/tweet-result,x_syndication_api_unauthenticated,2026-08-27T13:48:57.493516+00:00,6
1549952765966725120,2022-07-21T03:01:50.000Z,2022-07-21T03:01:50.793000+00:00,1528978792617611264,Un4v5s8bgsVk9Xp,1,zxx,https://t.co/CWhjkxV8rX,,0,1,https://pbs.twimg.com/media/FYKJ0yEVUAI-nUz.jpg,,0,184201,696,0,https://x.com/Un4v5s8bgsVk9Xp/status/1549952765966725120,cdn.syndication.twimg.com/tweet-result,x_syndication_api_unauthenticated,2026-08-27T13:48:58.517174+00:00,5
1550315226242764802,2022-07-22T03:02:08.000Z,2022-07-22T03:02:08.057000+00:00,1528978792617611264,Un4v5s8bgsVk9Xp,1,zxx,https://t.co/5N7DQbGDNo,,0,1,https://pbs.twimg.com/media/FYPTerEVsAAkwqA.jpg,,0,170162,492,0,https://x.com/Un4v5s8bgsVk9Xp/status/1550315226242764802,cdn.syndication.twimg.com/tweet-result,x_syndication_api_unauthenticated,2026-08-27T13:48:59.515776+00:00,5
1550677625844027392,2022-07-23T03:02:10.000Z,2022-07-23T03:02:10.855000+00:00,1528978792617611264,Un4v5s8bgsVk9Xp,1,zxx,https://t.co/cbueKxwnZw,,0,1,https://pbs.twimg.com/media/FYUdFMrUcAE0zWM.jpg,,0,187334,546,0,https://x.com/Un4v5s8bgsVk9Xp/status/1550677625844027392,cdn.syndication.twimg.com/tweet-result,x_syndication_api_unauthenticated,2026-08-27T13:49:00.511151+00:00,2
1551045024028143616,2022-07-24T03:22:05.000Z,2022-07-24T03:22:05.408000+00:00,1528978792617611264,Un4v5s8bgsVk9Xp,1,zxx,https://t.co/ZyyT15Rjlz,,0,1,https://pbs.twimg.com/media/FYZrOggVUAIkiPI.jpg,,0,176751,551,0,https://x.com/Un4v5s8bgsVk9Xp/status/1551045024028143616,cdn.syndication.twimg.com/tweet-result,x_syndication_api_unauthenticated,2026-08-27T13:49:01.544982+00:00,15
1551402850256707586,2022-07-25T03:03:57.000Z,2022-07-25T03:03:57.829000+00:00,1528978792617611264,Un4v5s8bgsVk9Xp,1,zxx,https://t.co/koqXgooCAG,,0,1,https://pbs.twimg.com/media/FYewq04UIAADL4D.jpg,,0,822290,4929,0,https://x.com/Un4v5s8bgsVk9Xp/status/1551402850256707586,cdn.syndication.twimg.com/tweet-result,x_syndication_api_unauthenticated,2026-08-27T13:49:02.567307+00:00,86
1551783710751485952,2022-07-26T04:17:22.000Z,2022-07-26T04:17:22.047000+00:00,1528978792617611264,Un4v5s8bgsVk9Xp,1,ja,"取り敢えず人物ペン入れ10話分完了。
修正あるかもだけど！
引き続き次の10話分の原稿進めます。

併せてペン入れ完了10話の進捗状況も
お知らせしていきます。

#ネームだけはまだまだあるので https://t.co/pRvn18C6AK","取り敢えず人物ペン入れ10話分完了。
修正あるかもだけど！
引き続き次の10話分の原稿進めます。

併せてペン入れ完了10話の進捗状況も
お知らせしていきます。

#ネームだけはまだまだあるので",1,1,https://pbs.twimg.com/media/FYkKU2CUYAAD8Yw.jpg,,0,329256,2238,0,https://x.com/Un4v5s8bgsVk9Xp/status/1551783710751485952,cdn.syndication.twimg.com/tweet-result,x_syndication_api_unauthenticated,2026-08-27T13:49:03.556149+00:00,31
1552129050302226432,2022-07-27T03:09:37.000Z,2022-07-27T03:09:37.412000+00:00,1528978792617611264,Un4v5s8bgsVk9Xp,1,ja,No391 完成。No392  確認中。 https://t.co/6We2aDdAYT,No391 完成。No392  確認中。,1,1,https://pbs.twimg.com/media/FYpFJLMVQAEobx4.jpg,391 392,2,225981,934,0,https://x.com/Un4v5s8bgsVk9Xp/status/1552129050302226432,cdn.syndication.twimg.com/tweet-result,x_syndication_api_unauthenticated,2026-08-27T13:49:04.527951+00:00,15
1552493234772779008,2022-07-28T03:16:45.000Z,2022-07-28T03:16:45.756000+00:00,1528978792617611264,Un4v5s8bgsVk9Xp,1,ja,"No392 …リテイク原稿の返却待ち
No393…確認中。 https://t.co/47ee8vmEFX","No392 …リテイク原稿の返却待ち
No393…確認中。",1,1,https://pbs.twimg.com/media/FYuQXgiUcAAHgf3.jpg,392 393,2,181922,663,0,https://x.com/Un4v5s8bgsVk9Xp/status/1552493234772779008,cdn.syndication.twimg.com/tweet-result,x_syndication_api_unauthenticated,2026-08-27T13:49:05.531550+00:00,4
1552858948729876482,2022-07-29T03:29:58.000Z,2022-07-29T03:29:58.758000+00:00,1528978792617611264,Un4v5s8bgsVk9Xp,1,ja,"No393…リテイクの指示作成終了。
　　　　
No394…フキダシ内の台詞清書中。 https://t.co/qGHxfsshf5","No393…リテイクの指示作成終了。
　　　　
No394…フキダシ内の台詞清書中。",1,1,https://pbs.twimg.com/media/FYzc-2xUIAEQ3PL.jpg,393 394,2,173758,598,0,https://x.com/Un4v5s8bgsVk9Xp/status/1552858948729876482,cdn.syndication.twimg.com/tweet-result,x_syndication_api_unauthenticated,2026-08-27T13:49:06.555415+00:00,6
1553257639051546625,2022-07-30T05:54:13.000Z,2022-07-30T05:54:13.938000+00:00,1528978792617611264,Un4v5s8bgsVk9Xp,1,zxx,https://t.co/hQxvIfeJp7,,0,1,https://pbs.twimg.com/media/FY5HltuUcAEG82J.jpg,,0,165493,407,0,https://x.com/Un4v5s8bgsVk9Xp/status/1553257639051546625,cdn.syndication.twimg.com/tweet-result,x_syndication_api_unauthenticated,2026-08-27T13:49:07.553014+00:00,4
1553261693538484224,2022-07-30T06:10:20.000Z,2022-07-30T06:10:20.603000+00:00,1528978792617611264,Un4v5s8bgsVk9Xp,1,ja,"No393…リテイク原稿の返却待ち。
No394…背景効果の返却待ち。
No395…背景効果の返却待ち。
No396…背景効果の返却待ち。
No397…オレの枠線・フキダシ・
　　　　背景効果指定の作成待ち。
No398…オレの枠線・フキダシ・
               背景効果指定の作成待ち。
No399…確認中。 https://t.co/Cq8iGGflsf","No393…リテイク原稿の返却待ち。
No394…背景効果の返却待ち。
No395…背景効果の返却待ち。
No396…背景効果の返却待ち。
No397…オレの枠線・フキダシ・
　　　　背景効果指定の作成待ち。
No398…オレの枠線・フキダシ・
               背景効果指定の作成待ち。
No399…確認中。",1,1,https://pbs.twimg.com/media/FY5LRvoUcAEAlgi.jpg,393 394 395 396 397 398 399,7,152414,842,0,https://x.com/Un4v5s8bgsVk9Xp/status/1553261693538484224,cdn.syndication.twimg.com/tweet-result,x_syndication_api_unauthenticated,2026-08-27T13:49:08.555712+00:00,21
1553577836908204032,2022-07-31T03:06:35.000Z,2022-07-31T03:06:35.056000+00:00,1528978792617611264,Un4v5s8bgsVk9Xp,1,ja,"No394…台詞清書完了。
No397…枠線・フキダシ完了。
　　　　背景効果指定作成中。 https://t.co/m31Ak6Ari3","No394…台詞清書完了。
No397…枠線・フキダシ完了。
　　　　背景効果指定作成中。",1,1,https://pbs.twimg.com/media/FY9qzs9UcAAS-WQ.jpg,394 397,2,157483,534,0,https://x.com/Un4v5s8bgsVk9Xp/status/1553577836908204032,cdn.syndication.twimg.com/tweet-result,x_syndication_api_unauthenticated,2026-08-27T13:49:09.525605+00:00,4
1553943032554106882,2022-08-01T03:17:44.000Z,2022-08-01T03:17:44.483000+00:00,1528978792617611264,Un4v5s8bgsVk9Xp,1,zxx,https://t.co/BUncWVKEpg,,0,1,https://pbs.twimg.com/media/FZC28kpVQAMV5te.jpg,,0,162427,565,0,https://x.com/Un4v5s8bgsVk9Xp/status/1553943032554106882,cdn.syndication.twimg.com/tweet-result,x_syndication_api_unauthenticated,2026-08-27T13:49:10.535170+00:00,1
1554301262388084736,2022-08-02T03:01:13.000Z,2022-08-02T03:01:13.131000+00:00,1528978792617611264,Un4v5s8bgsVk9Xp,1,zxx,https://t.co/zQsFksuDmf,,0,1,https://pbs.twimg.com/media/FZH8wm8VUAATdk3.jpg,,0,155590,431,0,https://x.com/Un4v5s8bgsVk9Xp/status/1554301262388084736,cdn.syndication.twimg.com/tweet-result,x_syndication_api_unauthenticated,2026-08-27T13:49:11.559482+00:00,1
1554665071648731136,2022-08-03T03:06:52.000Z,2022-08-03T03:06:52.018000+00:00,1528978792617611264,Un4v5s8bgsVk9Xp,1,ja,"No392完成。
No395…台詞清書中。 https://t.co/QOUVtaxmH2","No392完成。
No395…台詞清書中。",1,1,https://pbs.twimg.com/media/FZNHo8YVEAA-hvc.jpg,392 395,2,153330,471,0,https://x.com/Un4v5s8bgsVk9Xp/status/1554665071648731136,cdn.syndication.twimg.com/tweet-result,x_syndication_api_unauthenticated,2026-08-27T13:49:12.566943+00:00,4
1555027215145807878,2022-08-04T03:05:53.000Z,2022-08-04T03:05:53.756000+00:00,1528978792617611264,Un4v5s8bgsVk9Xp,1,zh,"No395…台詞清書完了。

No396…台詞清書中。 https://t.co/PSdG1eEbk0","No395…台詞清書完了。

No396…台詞清書中。",1,1,https://pbs.twimg.com/media/FZSRAWJVsAAIXYb.jpg,395 396,2,134136,413,0,https://x.com/Un4v5s8bgsVk9Xp/status/1555027215145807878,cdn.syndication.twimg.com/tweet-result,x_syndication_api_unauthenticated,2026-08-27T13:49:13.576101+00:00,1
1555389385784274946,2022-08-05T03:05:01.000Z,2022-08-05T03:05:01.965000+00:00,1528978792617611264,Un4v5s8bgsVk9Xp,1,zxx,https://t.co/K7rKE42cjp,,0,1,https://pbs.twimg.com/media/FZXaZreUIAA7OB-.jpg,,0,142824,426,0,https://x.com/Un4v5s8bgsVk9Xp/status/1555389385784274946,cdn.syndication.twimg.com/tweet-result,x_syndication_api_unauthenticated,2026-08-27T13:49:14.585928+00:00,2
1555751795451777026,2022-08-06T03:05:07.000Z,2022-08-06T03:05:07.163000+00:00,1528978792617611264,Un4v5s8bgsVk9Xp,1,zxx,https://t.co/8qYz6c4qPF,,0,1,https://pbs.twimg.com/media/FZckAuJVsAIb-e9.jpg,,0,144782,393,0,https://x.com/Un4v5s8bgsVk9Xp/status/1555751795451777026,cdn.syndication.twimg.com/tweet-result,x_syndication_api_unauthenticated,2026-08-27T13:49:15.582452+00:00,2
1556114159313379328,2022-08-07T03:05:01.000Z,2022-08-07T03:05:01.440000+00:00,1528978792617611264,Un4v5s8bgsVk9Xp,1,zxx,https://t.co/wGZ7sOf73Y,,0,1,https://pbs.twimg.com/media/FZhtlD4VQAU7M2D.jpg,,0,137973,349,0,https://x.com/Un4v5s8bgsVk9Xp/status/1556114159313379328,cdn.syndication.twimg.com/tweet-result,x_syndication_api_unauthenticated,2026-08-27T13:49:16.608677+00:00,2
1556478800333905920,2022-08-08T03:13:58.000Z,2022-08-08T03:13:58.634000+00:00,1528978792617611264,Un4v5s8bgsVk9Xp,1,zxx,https://t.co/BoRwV8FvYl,,0,1,https://pbs.twimg.com/media/FZm5N4-UcAAujiz.jpg,,0,152612,513,0,https://x.com/Un4v5s8bgsVk9Xp/status/1556478800333905920,cdn.syndication.twimg.com/tweet-result,x_syndication_api_unauthenticated,2026-08-27T13:49:17.630843+00:00,2
1556839262779088896,2022-08-09T03:06:19.000Z,2022-08-09T03:06:19.578000+00:00,1528978792617611264,Un4v5s8bgsVk9Xp,1,zxx,https://t.co/zI6O2kUOPZ,,0,1,https://pbs.twimg.com/media/FZsBDmAVEAAJtA8.jpg,,0,143936,433,0,https://x.com/Un4v5s8bgsVk9Xp/status/1556839262779088896,cdn.syndication.twimg.com/tweet-result,x_syndication_api_unauthenticated,2026-08-27T13:49:18.638012+00:00,2
1557202514189045760,2022-08-10T03:09:45.000Z,2022-08-10T03:09:45.463000+00:00,1528978792617611264,Un4v5s8bgsVk9Xp,1,zxx,https://t.co/BmyPIx3A3y,,0,1,https://pbs.twimg.com/media/FZxLbfjVsAASNDT.jpg,,0,146632,462,0,https://x.com/Un4v5s8bgsVk9Xp/status/1557202514189045760,cdn.syndication.twimg.com/tweet-result,x_syndication_api_unauthenticated,2026-08-27T13:49:19.663676+00:00,2
1557572968888164352,2022-08-11T03:41:48.000Z,2022-08-11T03:41:48.746000+00:00,1528978792617611264,Un4v5s8bgsVk9Xp,1,zxx,https://t.co/x6DJNj3lKI,,0,1,https://pbs.twimg.com/media/FZ2cW90VEAcFySD.jpg,,0,145599,505,0,https://x.com/Un4v5s8bgsVk9Xp/status/1557572968888164352,cdn.syndication.twimg.com/tweet-result,x_syndication_api_unauthenticated,2026-08-27T13:49:20.672650+00:00,4
1557927603230498817,2022-08-12T03:11:00.000Z,2022-08-12T03:11:00.162000+00:00,1528978792617611264,Un4v5s8bgsVk9Xp,1,ja,"症状が改善せず、治療・回復に
時間を大幅に割く事になりました。

No399…背景効果指定作成中。","症状が改善せず、治療・回復に
時間を大幅に割く事になりました。

No399…背景効果指定作成中。",1,0,,399,1,203734,2931,0,https://x.com/Un4v5s8bgsVk9Xp/status/1557927603230498817,cdn.syndication.twimg.com/tweet-result,x_syndication_api_unauthenticated,2026-08-27T13:49:21.684972+00:00,49
1558332761710239744,2022-08-13T06:00:57.000Z,2022-08-13T06:00:57.471000+00:00,1528978792617611264,Un4v5s8bgsVk9Xp,1,ja,"1コマ進めました。
右手に力が入らず苦労しています。","1コマ進めました。
右手に力が入らず苦労しています。",1,0,,,0,192197,2794,0,https://x.com/Un4v5s8bgsVk9Xp/status/1558332761710239744,cdn.syndication.twimg.com/tweet-result,x_syndication_api_unauthenticated,2026-08-27T13:49:22.705593+00:00,9
1558753410039459840,2022-08-14T09:52:27.000Z,2022-08-14T09:52:27.848000+00:00,1528978792617611264,Un4v5s8bgsVk9Xp,1,ja,台詞の清書を進めています。,台詞の清書を進めています。,1,0,,,0,136418,933,0,https://x.com/Un4v5s8bgsVk9Xp/status/1558753410039459840,cdn.syndication.twimg.com/tweet-result,x_syndication_api_unauthenticated,2026-08-27T13:49:23.698333+00:00,2
1559131822012780551,2022-08-15T10:56:08.000Z,2022-08-15T10:56:08.293000+00:00,1528978792617611264,Un4v5s8bgsVk9Xp,1,ja,"No396…台詞清書完了。

原稿を半デジタル化した事で
負担が増えた気がする。","No396…台詞清書完了。

原稿を半デジタル化した事で
負担が増えた気がする。",1,0,,396,1,128878,756,0,https://x.com/Un4v5s8bgsVk9Xp/status/1559131822012780551,cdn.syndication.twimg.com/tweet-result,x_syndication_api_unauthenticated,2026-08-27T13:49:24.700610+00:00,5
1559492843135123456,2022-08-16T10:50:42.000Z,2022-08-16T10:50:42.436000+00:00,1528978792617611264,Un4v5s8bgsVk9Xp,1,ja,"色の仕事…。立ってやるしかないのだが
枠線も立って引くしかない状況。
10分同じ姿勢が無理なのでウロウロ
するしかない。しかない。","色の仕事…。立ってやるしかないのだが
枠線も立って引くしかない状況。
10分同じ姿勢が無理なのでウロウロ
するしかない。しかない。",1,0,,,0,147570,1688,0,https://x.com/Un4v5s8bgsVk9Xp/status/1559492843135123456,cdn.syndication.twimg.com/tweet-result,x_syndication_api_unauthenticated,2026-08-27T13:49:25.693509+00:00,9
1559834881164656640,2022-08-17T09:29:50.000Z,2022-08-17T09:29:50.657000+00:00,1528978792617611264,Un4v5s8bgsVk9Xp,1,ja,ウロウロしています。,ウロウロしています。,1,0,,,0,135492,1335,0,https://x.com/Un4v5s8bgsVk9Xp/status/1559834881164656640,cdn.syndication.twimg.com/tweet-result,x_syndication_api_unauthenticated,2026-08-27T13:49:26.694393+00:00,6
1561717862984609792,2022-08-22T14:12:08.000Z,2022-08-22T14:12:08.507000+00:00,1528978792617611264,Un4v5s8bgsVk9Xp,1,ja,"5分くらいだけど机に向かって
ペン入れした。","5分くらいだけど机に向かって
ペン入れした。",1,0,,,0,173981,1675,0,https://x.com/Un4v5s8bgsVk9Xp/status/1561717862984609792,cdn.syndication.twimg.com/tweet-result,x_syndication_api_unauthenticated,2026-08-27T13:49:27.677799+00:00,5
1562166909079916545,2022-08-23T19:56:29.000Z,2022-08-23T19:56:29.439000+00:00,1528978792617611264,Un4v5s8bgsVk9Xp,1,ja,"No393…リテイクのリテイク指定完了。
No394…背景効果原稿返却。オレの
　　　　加筆中。
No395…返却待ち。
No396…返却待ち。
No397…返却待ち。
No398…オレの枠線フキダシ背景指定
　　　　作成完了。背景効果返却待ち。
No399…オレの枠線フキダシ背景効果
　　　　指定作成中。","No393…リテイクのリテイク指定完了。
No394…背景効果原稿返却。オレの
　　　　加筆中。
No395…返却待ち。
No396…返却待ち。
No397…返却待ち。
No398…オレの枠線フキダシ背景指定
　　　　作成完了。背景効果返却待ち。
No399…オレの枠線フキダシ背景効果
　　　　指定作成中。",1,0,,393 394 395 396 397 398 399,7,134150,1017,0,https://x.com/Un4v5s8bgsVk9Xp/status/1562166909079916545,cdn.syndication.twimg.com/tweet-result,x_syndication_api_unauthenticated,2026-08-27T13:49:28.669300+00:00,11
1562516238323986433,2022-08-24T19:04:36.000Z,2022-08-24T19:04:36.021000+00:00,1528978792617611264,Un4v5s8bgsVk9Xp,1,ja,"No394…オレの加筆、リテイク指定
　　　　完了。返却待ち。

単行本の修正指定作成中。","No394…オレの加筆、リテイク指定
　　　　完了。返却待ち。

単行本の修正指定作成中。",1,0,,394,1,103395,553,0,https://x.com/Un4v5s8bgsVk9Xp/status/1562516238323986433,cdn.syndication.twimg.com/tweet-result,x_syndication_api_unauthenticated,2026-08-27T13:49:29.755785+00:00,11
1562559782434660352,2022-08-24T21:57:37.000Z,2022-08-24T21:57:37.746000+00:00,1528978792617611264,Un4v5s8bgsVk9Xp,1,ja,"単行本用の修正指示作成完了。
オレの加筆修正中。","単行本用の修正指示作成完了。
オレの加筆修正中。",1,0,,,0,123324,719,0,https://x.com/Un4v5s8bgsVk9Xp/status/1562559782434660352,cdn.syndication.twimg.com/tweet-result,x_syndication_api_unauthenticated,2026-08-27T13:49:30.721959+00:00,8
1564349677008433152,2022-08-29T20:30:01.000Z,2022-08-29T20:30:01.867000+00:00,1528978792617611264,Un4v5s8bgsVk9Xp,1,ja,"No399…背景効果指定完了。返却待ち。
No400…オレの指定作成待ち。

スタッフを増員する事にしました。
筆代わりのミリペン死ぬ程遅い。

#公募はしておりません","No399…背景効果指定完了。返却待ち。
No400…オレの指定作成待ち。

スタッフを増員する事にしました。
筆代わりのミリペン死ぬ程遅い。

#公募はしておりません",1,0,,399 400,2,109678,792,0,https://x.com/Un4v5s8bgsVk9Xp/status/1564349677008433152,cdn.syndication.twimg.com/tweet-result,x_syndication_api_unauthenticated,2026-08-27T13:49:31.858879+00:00,59
1565239663832760320,2022-09-01T07:26:31.000Z,2022-09-01T07:26:31.261000+00:00,1528978792617611264,Un4v5s8bgsVk9Xp,1,ja,"取り敢えず、次の10話分あと9話。

No400…指定作成完了。返却待ち。

単行本用表紙制作中。
単行本原稿加筆修正中。 https://t.co/gvz4wcLEPk","取り敢えず、次の10話分あと9話。

No400…指定作成完了。返却待ち。

単行本用表紙制作中。
単行本原稿加筆修正中。",1,1,https://pbs.twimg.com/media/FbjZKXYVsAAjxOE.jpg,400,1,140357,780,0,https://x.com/Un4v5s8bgsVk9Xp/status/1565239663832760320,cdn.syndication.twimg.com/tweet-result,x_syndication_api_unauthenticated,2026-08-27T13:49:32.862607+00:00,12
1565535285445701633,2022-09-02T03:01:12.000Z,2022-09-02T03:01:12.946000+00:00,1528978792617611264,Un4v5s8bgsVk9Xp,1,ja,"No393…リテイクのリテイク返却待ち。
No394…リテイク返却待ち。
No395…背景効果返却待ち。
No396…背景効果返却待ち。
No397…背景効果返却待ち。
No398…背景効果返却待ち。
No399…背景効果返却待ち。
No400…背景効果返却待ち。 https://t.co/ziaivy5u4S","No393…リテイクのリテイク返却待ち。
No394…リテイク返却待ち。
No395…背景効果返却待ち。
No396…背景効果返却待ち。
No397…背景効果返却待ち。
No398…背景効果返却待ち。
No399…背景効果返却待ち。
No400…背景効果返却待ち。",1,1,https://pbs.twimg.com/media/Fbnl-GXUIAEL1E_.jpg,393 394 395 396 397 398 399 400,8,123019,566,0,https://x.com/Un4v5s8bgsVk9Xp/status/1565535285445701633,cdn.syndication.twimg.com/tweet-result,x_syndication_api_unauthenticated,2026-08-27T13:49:33.867312+00:00,2
1565901913752686592,2022-09-03T03:18:03.000Z,2022-09-03T03:18:03.946000+00:00,1528978792617611264,Un4v5s8bgsVk9Xp,1,zxx,https://t.co/kX9mqcdAkj,,0,1,https://pbs.twimg.com/media/FbszcQ8UEAE4In8.jpg,,0,134955,489,0,https://x.com/Un4v5s8bgsVk9Xp/status/1565901913752686592,cdn.syndication.twimg.com/tweet-result,x_syndication_api_unauthenticated,2026-08-27T13:49:34.879707+00:00,5
1566280525488148480,2022-09-04T04:22:32.000Z,2022-09-04T04:22:32.018000+00:00,1528978792617611264,Un4v5s8bgsVk9Xp,1,zxx,https://t.co/ebSMdj8cdt,,0,1,https://pbs.twimg.com/media/FbyL0Z6VUAAuIhf.jpg,,0,133082,477,0,https://x.com/Un4v5s8bgsVk9Xp/status/1566280525488148480,cdn.syndication.twimg.com/tweet-result,x_syndication_api_unauthenticated,2026-08-27T13:49:35.879984+00:00,4
1566646872483065856,2022-09-05T04:38:15.000Z,2022-09-05T04:38:15.948000+00:00,1528978792617611264,Un4v5s8bgsVk9Xp,1,ja,単行本作業見開き一枚除いて完了。 https://t.co/1zXWGupsIR,単行本作業見開き一枚除いて完了。,1,1,https://pbs.twimg.com/media/Fb3ZA-bVsAE-qvr.jpg,,0,141822,555,0,https://x.com/Un4v5s8bgsVk9Xp/status/1566646872483065856,cdn.syndication.twimg.com/tweet-result,x_syndication_api_unauthenticated,2026-08-27T13:49:36.879275+00:00,11
1567022602799165441,2022-09-06T05:31:17.000Z,2022-09-06T05:31:17.036000+00:00,1528978792617611264,Un4v5s8bgsVk9Xp,1,ja,見開き加筆中。 https://t.co/pMEnC4LLK3,見開き加筆中。,1,1,https://pbs.twimg.com/media/Fb8anYPagAAv5x8.jpg,,0,113357,435,0,https://x.com/Un4v5s8bgsVk9Xp/status/1567022602799165441,cdn.syndication.twimg.com/tweet-result,x_syndication_api_unauthenticated,2026-08-27T13:49:37.871302+00:00,4
1567411407754506240,2022-09-07T07:16:15.000Z,2022-09-07T07:16:15.361000+00:00,1528978792617611264,Un4v5s8bgsVk9Xp,1,ja,"単行本作業完了。
No393…完了。
No394…オレのフキダシ描き忘れ。
　　　　来週再取り込み予定。
No395…オレの人物、背景に合わせる
　　　　部分の加筆中。 https://t.co/4263KBekZp","単行本作業完了。
No393…完了。
No394…オレのフキダシ描き忘れ。
　　　　来週再取り込み予定。
No395…オレの人物、背景に合わせる
　　　　部分の加筆中。",1,1,https://pbs.twimg.com/media/FcCQSOJaAAIl3qS.jpg,393 394 395,3,113285,434,0,https://x.com/Un4v5s8bgsVk9Xp/status/1567411407754506240,cdn.syndication.twimg.com/tweet-result,x_syndication_api_unauthenticated,2026-08-27T13:49:38.861756+00:00,5
1567779456605114370,2022-09-08T07:38:45.000Z,2022-09-08T07:38:45.045000+00:00,1528978792617611264,Un4v5s8bgsVk9Xp,1,ja,定位置Wi-Fi繋がらんくなった。 https://t.co/r5fZPPEoik,定位置Wi-Fi繋がらんくなった。,1,1,https://pbs.twimg.com/media/FcHfC-yaAAEmUtU.jpg,,0,114747,439,0,https://x.com/Un4v5s8bgsVk9Xp/status/1567779456605114370,cdn.syndication.twimg.com/tweet-result,x_syndication_api_unauthenticated,2026-08-27T13:49:39.883380+00:00,2
1568203247898460161,2022-09-09T11:42:44.000Z,2022-09-09T11:42:44.763000+00:00,1528978792617611264,Un4v5s8bgsVk9Xp,1,zxx,https://t.co/EFd0xQOzLD,,0,1,https://pbs.twimg.com/media/FcNgiUhaQAIzcVe.jpg,,0,115740,398,0,https://x.com/Un4v5s8bgsVk9Xp/status/1568203247898460161,cdn.syndication.twimg.com/tweet-result,x_syndication_api_unauthenticated,2026-08-27T13:49:40.888867+00:00,2
1568446675064324098,2022-09-10T03:50:02.000Z,2022-09-10T03:50:02.322000+00:00,1528978792617611264,Un4v5s8bgsVk9Xp,1,ja,"No395…加筆、リテイク指示作成完了。
　　　　返却待ち。
No 397…台詞清書中。
No398…加筆中。 https://t.co/0dVMOWQlB4","No395…加筆、リテイク指示作成完了。
　　　　返却待ち。
No 397…台詞清書中。
No398…加筆中。",1,1,https://pbs.twimg.com/media/FcQ96JZaIAE68zl.jpg,395 397 398,3,105010,423,0,https://x.com/Un4v5s8bgsVk9Xp/status/1568446675064324098,cdn.syndication.twimg.com/tweet-result,x_syndication_api_unauthenticated,2026-08-27T13:49:41.892481+00:00,2
1568856569747755009,2022-09-11T06:58:48.000Z,2022-09-11T06:58:48.830000+00:00,1528978792617611264,Un4v5s8bgsVk9Xp,1,zxx,https://t.co/OMzBJtiw2H,,0,1,https://pbs.twimg.com/media/FcWyuXwaUAA1ZSI.jpg,,0,113267,319,0,https://x.com/Un4v5s8bgsVk9Xp/status/1568856569747755009,cdn.syndication.twimg.com/tweet-result,x_syndication_api_unauthenticated,2026-08-27T13:49:42.890772+00:00,2
1569235741808664576,2022-09-12T08:05:30.000Z,2022-09-12T08:05:30.494000+00:00,1528978792617611264,Un4v5s8bgsVk9Xp,1,zxx,https://t.co/WgtbwsYjRo,,0,1,https://pbs.twimg.com/media/FccLjzEaAAIz_dG.jpg,,0,110880,320,0,https://x.com/Un4v5s8bgsVk9Xp/status/1569235741808664576,cdn.syndication.twimg.com/tweet-result,x_syndication_api_unauthenticated,2026-08-27T13:49:43.871452+00:00,2
1569645044940046336,2022-09-13T11:11:55.000Z,2022-09-13T11:11:55.965000+00:00,1528978792617611264,Un4v5s8bgsVk9Xp,1,ja,No394…完成。 https://t.co/l7Pml8GQPS,No394…完成。,1,1,https://pbs.twimg.com/media/Fch_zfhaIAITZRw.jpg,394,1,127322,523,0,https://x.com/Un4v5s8bgsVk9Xp/status/1569645044940046336,cdn.syndication.twimg.com/tweet-result,x_syndication_api_unauthenticated,2026-08-27T13:49:44.860851+00:00,2
1569976965670801411,2022-09-14T09:10:52.000Z,2022-09-14T09:10:52.034000+00:00,1528978792617611264,Un4v5s8bgsVk9Xp,1,ja,扉模索中。 https://t.co/XRjqAMatYP,扉模索中。,1,1,https://pbs.twimg.com/media/FcmtuLvaIAEA_RY.jpg,,0,104713,321,0,https://x.com/Un4v5s8bgsVk9Xp/status/1569976965670801411,cdn.syndication.twimg.com/tweet-result,x_syndication_api_unauthenticated,2026-08-27T13:49:45.858981+00:00,4
1570364532605984770,2022-09-15T10:50:55.000Z,2022-09-15T10:50:55.192000+00:00,1528978792617611264,Un4v5s8bgsVk9Xp,1,ja,No397…台詞清書完了。 https://t.co/oaYi3iHwfL,No397…台詞清書完了。,1,1,https://pbs.twimg.com/media/FcsOMO1acAA9vaZ.jpg,397,1,105396,344,0,https://x.com/Un4v5s8bgsVk9Xp/status/1570364532605984770,cdn.syndication.twimg.com/tweet-result,x_syndication_api_unauthenticated,2026-08-27T13:49:46.864953+00:00,3
1570735068150394881,2022-09-16T11:23:17.000Z,2022-09-16T11:23:17.750000+00:00,1528978792617611264,Un4v5s8bgsVk9Xp,1,ja,画材どっか逝った。 https://t.co/8gCu3eTtz3,画材どっか逝った。,1,1,https://pbs.twimg.com/media/FcxfNS1agAIJVPN.jpg,,0,109097,429,0,https://x.com/Un4v5s8bgsVk9Xp/status/1570735068150394881,cdn.syndication.twimg.com/tweet-result,x_syndication_api_unauthenticated,2026-08-27T13:49:47.884408+00:00,2
1571060822352494592,2022-09-17T08:57:43.000Z,2022-09-17T08:57:43.604000+00:00,1528978792617611264,Un4v5s8bgsVk9Xp,1,zxx,https://t.co/snYuWhEOH0,,0,1,https://pbs.twimg.com/media/Fc2HfEWakAAI75I.jpg,,0,99687,354,0,https://x.com/Un4v5s8bgsVk9Xp/status/1571060822352494592,cdn.syndication.twimg.com/tweet-result,x_syndication_api_unauthenticated,2026-08-27T13:49:48.871397+00:00,3
1571408244450684931,2022-09-18T07:58:15.000Z,2022-09-18T07:58:15.487000+00:00,1528978792617611264,Un4v5s8bgsVk9Xp,1,zxx,https://t.co/uJeAagPkd9,,0,1,https://pbs.twimg.com/media/Fc7DbqEakAEkR0o.jpg,,0,116488,445,0,https://x.com/Un4v5s8bgsVk9Xp/status/1571408244450684931,cdn.syndication.twimg.com/tweet-result,x_syndication_api_unauthenticated,2026-08-27T13:49:49.878794+00:00,4
1571722358100234240,2022-09-19T04:46:26.000Z,2022-09-19T04:46:26.017000+00:00,1528978792617611264,Un4v5s8bgsVk9Xp,1,zxx,https://t.co/kTgXunZT1E,,0,1,https://pbs.twimg.com/media/Fc_hJYUaMAAxGVA.jpg,,0,112260,393,0,https://x.com/Un4v5s8bgsVk9Xp/status/1571722358100234240,cdn.syndication.twimg.com/tweet-result,x_syndication_api_unauthenticated,2026-08-27T13:49:50.861913+00:00,16
1572135300050329603,2022-09-20T08:07:19.000Z,2022-09-20T08:07:19.050000+00:00,1528978792617611264,Un4v5s8bgsVk9Xp,1,ja,"取り敢えず、次はあと8話。

No395…完成。
No398…台詞清書完了。
表紙カラー完了。 https://t.co/DzYuVjhHTj","取り敢えず、次はあと8話。

No395…完成。
No398…台詞清書完了。
表紙カラー完了。",1,1,https://pbs.twimg.com/media/FdFYuHaaAAEHNub.jpg,395 398,2,126799,497,0,https://x.com/Un4v5s8bgsVk9Xp/status/1572135300050329603,cdn.syndication.twimg.com/tweet-result,x_syndication_api_unauthenticated,2026-08-27T13:49:51.860516+00:00,6
1572428421187371008,2022-09-21T03:32:04.000Z,2022-09-21T03:32:04.575000+00:00,1528978792617611264,Un4v5s8bgsVk9Xp,1,zxx,https://t.co/xcwAgFo4He,,0,1,https://pbs.twimg.com/media/FdJjTGZakAIWgj0.jpg,,0,103601,336,0,https://x.com/Un4v5s8bgsVk9Xp/status/1572428421187371008,cdn.syndication.twimg.com/tweet-result,x_syndication_api_unauthenticated,2026-08-27T13:49:52.836980+00:00,3
1572812396757852160,2022-09-22T04:57:51.000Z,2022-09-22T04:57:51.485000+00:00,1528978792617611264,Un4v5s8bgsVk9Xp,1,zxx,https://t.co/PEVeitXUEX,,0,1,https://pbs.twimg.com/media/FdPAh2lUUAAl_oH.jpg,,0,110015,388,0,https://x.com/Un4v5s8bgsVk9Xp/status/1572812396757852160,cdn.syndication.twimg.com/tweet-result,x_syndication_api_unauthenticated,2026-08-27T13:49:53.838643+00:00,2
1573236757432336384,2022-09-23T09:04:06.000Z,2022-09-23T09:04:06.954000+00:00,1528978792617611264,Un4v5s8bgsVk9Xp,1,zxx,https://t.co/CMwUv4O9xs,,0,1,https://pbs.twimg.com/media/FdVCewvUcAA1iBK.jpg,,0,101662,254,0,https://x.com/Un4v5s8bgsVk9Xp/status/1573236757432336384,cdn.syndication.twimg.com/tweet-result,x_syndication_api_unauthenticated,2026-08-27T13:49:54.845702+00:00,2
1573549188888993792,2022-09-24T05:45:36.000Z,2022-09-24T05:45:36.418000+00:00,1528978792617611264,Un4v5s8bgsVk9Xp,1,zxx,https://t.co/5lP0aBhVjo,,0,1,https://pbs.twimg.com/media/FdZepChUYAA_Dt9.jpg,,0,109409,314,0,https://x.com/Un4v5s8bgsVk9Xp/status/1573549188888993792,cdn.syndication.twimg.com/tweet-result,x_syndication_api_unauthenticated,2026-08-27T13:49:55.849091+00:00,2
1574001223505567744,2022-09-25T11:41:49.000Z,2022-09-25T11:41:49.869000+00:00,1528978792617611264,Un4v5s8bgsVk9Xp,1,zxx,https://t.co/hgL1Vm2BM7,,0,1,https://pbs.twimg.com/media/Fdf5xD3UYAAn0jS.jpg,,0,103737,270,0,https://x.com/Un4v5s8bgsVk9Xp/status/1574001223505567744,cdn.syndication.twimg.com/tweet-result,x_syndication_api_unauthenticated,2026-08-27T13:49:56.851020+00:00,2
1574326539394592768,2022-09-26T09:14:31.000Z,2022-09-26T09:14:31.221000+00:00,1528978792617611264,Un4v5s8bgsVk9Xp,1,zxx,https://t.co/6Xx4ZFD4et,,0,1,https://pbs.twimg.com/media/FdkhogJVIAECOHq.jpg,,0,107610,270,0,https://x.com/Un4v5s8bgsVk9Xp/status/1574326539394592768,cdn.syndication.twimg.com/tweet-result,x_syndication_api_unauthenticated,2026-08-27T13:49:57.842720+00:00,2
1575098686904111104,2022-09-28T12:22:45.000Z,2022-09-28T12:22:45.533000+00:00,1528978792617611264,Un4v5s8bgsVk9Xp,1,zxx,https://t.co/Mm7LcxWYFw,,0,1,https://pbs.twimg.com/media/Fdvf6C0VQAAtIr2.jpg,,0,111259,372,0,https://x.com/Un4v5s8bgsVk9Xp/status/1575098686904111104,cdn.syndication.twimg.com/tweet-result,x_syndication_api_unauthenticated,2026-08-27T13:49:58.846598+00:00,5
1576177741103124481,2022-10-01T11:50:32.000Z,2022-10-01T11:50:32.102000+00:00,1528978792617611264,Un4v5s8bgsVk9Xp,1,zxx,https://t.co/p7QG1jZuZF,,0,1,https://pbs.twimg.com/media/Fd-1TOGVUAEYxyj.jpg,,0,155658,764,0,https://x.com/Un4v5s8bgsVk9Xp/status/1576177741103124481,cdn.syndication.twimg.com/tweet-result,x_syndication_api_unauthenticated,2026-08-27T13:49:59.854259+00:00,6
1578589655104393218,2022-10-08T03:34:37.000Z,2022-10-08T03:34:37.211000+00:00,1528978792617611264,Un4v5s8bgsVk9Xp,1,ja,取り敢えず、次はあと7話。 https://t.co/qWrE1E878j,取り敢えず、次はあと7話。,1,1,https://pbs.twimg.com/media/FehG7FnVUAAB3ZM.jpg,,0,164633,724,0,https://x.com/Un4v5s8bgsVk9Xp/status/1578589655104393218,cdn.syndication.twimg.com/tweet-result,x_syndication_api_unauthenticated,2026-08-27T13:50:00.866206+00:00,8
1579463294104240129,2022-10-10T13:26:08.000Z,2022-10-10T13:26:08.980000+00:00,1528978792617611264,Un4v5s8bgsVk9Xp,1,zxx,https://t.co/ldydwXkLB6,,0,1,https://pbs.twimg.com/media/FethflDUAAEIArF.jpg,,0,150849,596,0,https://x.com/Un4v5s8bgsVk9Xp/status/1579463294104240129,cdn.syndication.twimg.com/tweet-result,x_syndication_api_unauthenticated,2026-08-27T13:50:01.876227+00:00,8
1580088990060814337,2022-10-12T06:52:26.000Z,2022-10-12T06:52:26.521000+00:00,1528978792617611264,Un4v5s8bgsVk9Xp,1,ja,No399…台詞清書完了。 https://t.co/ZZFIs9duay,No399…台詞清書完了。,1,1,https://pbs.twimg.com/media/Fe2aj4LVUAAuLzX.jpg,399,1,126761,457,0,https://x.com/Un4v5s8bgsVk9Xp/status/1580088990060814337,cdn.syndication.twimg.com/tweet-result,x_syndication_api_unauthenticated,2026-08-27T13:50:02.881563+00:00,4
1580398998141009920,2022-10-13T03:24:18.000Z,2022-10-13T03:24:18.207000+00:00,1528978792617611264,Un4v5s8bgsVk9Xp,1,ja,No400…台詞清書完了。 https://t.co/RRurg03lWy,No400…台詞清書完了。,1,1,https://pbs.twimg.com/media/Fe60gxGUUAAZktM.jpg,400,1,111802,441,0,https://x.com/Un4v5s8bgsVk9Xp/status/1580398998141009920,cdn.syndication.twimg.com/tweet-result,x_syndication_api_unauthenticated,2026-08-27T13:50:03.912130+00:00,8
1580904454253002753,2022-10-14T12:52:48.000Z,2022-10-14T12:52:48.335000+00:00,1528978792617611264,Un4v5s8bgsVk9Xp,1,zxx,https://t.co/gcLJhJnh2E,,0,1,https://pbs.twimg.com/media/FfCAOHAVIAAlhmS.jpg,,0,99447,320,0,https://x.com/Un4v5s8bgsVk9Xp/status/1580904454253002753,cdn.syndication.twimg.com/tweet-result,x_syndication_api_unauthenticated,2026-08-27T13:50:04.917314+00:00,4
1581202157696475136,2022-10-15T08:35:46.000Z,2022-10-15T08:35:46.367000+00:00,1528978792617611264,Un4v5s8bgsVk9Xp,1,zxx,https://t.co/Cn7Ze76E6I,,0,1,https://pbs.twimg.com/media/FfGO-y4UcAEH71v.jpg,,0,94420,286,0,https://x.com/Un4v5s8bgsVk9Xp/status/1581202157696475136,cdn.syndication.twimg.com/tweet-result,x_syndication_api_unauthenticated,2026-08-27T13:50:05.908727+00:00,5
1581536532912959488,2022-10-16T06:44:27.000Z,2022-10-16T06:44:27.631000+00:00,1528978792617611264,Un4v5s8bgsVk9Xp,1,ja,No397…加筆中。終わらない。 https://t.co/wTYL5kdn8b,No397…加筆中。終わらない。,1,1,https://pbs.twimg.com/media/FfK_F5sVsAA_kdh.jpg,397,1,239852,1161,0,https://x.com/Un4v5s8bgsVk9Xp/status/1581536532912959488,cdn.syndication.twimg.com/tweet-result,x_syndication_api_unauthenticated,2026-08-27T13:50:06.927473+00:00,29
1581974777991831552,2022-10-17T11:45:53.000Z,2022-10-17T11:45:53.400000+00:00,1528978792617611264,Un4v5s8bgsVk9Xp,1,ja,"No397…加筆中。予定外じゃがしかたが　　　　　　　
　　　　ない。 https://t.co/21zOhrmPzf","No397…加筆中。予定外じゃがしかたが　　　　　　　
　　　　ない。",1,1,https://pbs.twimg.com/media/FfRNrJlVQAAQ9rJ.jpg,397,1,119522,373,0,https://x.com/Un4v5s8bgsVk9Xp/status/1581974777991831552,cdn.syndication.twimg.com/tweet-result,x_syndication_api_unauthenticated,2026-08-27T13:50:07.910921+00:00,10
1581991102738944000,2022-10-17T12:50:45.000Z,2022-10-17T12:50:45.523000+00:00,1528978792617611264,Un4v5s8bgsVk9Xp,1,ja,加筆中。こうなった。 https://t.co/Z9roK3UwvB,加筆中。こうなった。,1,1,https://pbs.twimg.com/media/FfRchaWUcAErtdU.jpg,,0,181464,852,0,https://x.com/Un4v5s8bgsVk9Xp/status/1581991102738944000,cdn.syndication.twimg.com/tweet-result,x_syndication_api_unauthenticated,2026-08-27T13:50:08.898351+00:00,9
1582396129526046721,2022-10-18T15:40:11.000Z,2022-10-18T15:40:11.434000+00:00,1528978792617611264,Un4v5s8bgsVk9Xp,1,ja,"No396…完成。
No397…加筆完了。リテイク返却待ち。

No398〜400…作業細分化に移行。
　　　　　　　　
半デジタル化でコピー用紙の消費量
と事務作業が5倍に増えた。

↓1話分。これで30%くらい。 https://t.co/lgbFcCuTbU","No396…完成。
No397…加筆完了。リテイク返却待ち。

No398〜400…作業細分化に移行。
　　　　　　　　
半デジタル化でコピー用紙の消費量
と事務作業が5倍に増えた。

↓1話分。これで30%くらい。",1,1,https://pbs.twimg.com/media/FfXM5FMVsAADxsx.jpg,396 397 398,3,144554,1208,0,https://x.com/Un4v5s8bgsVk9Xp/status/1582396129526046721,cdn.syndication.twimg.com/tweet-result,x_syndication_api_unauthenticated,2026-08-27T13:50:09.920085+00:00,9
1587670953567219712,2022-11-02T05:00:27.000Z,2022-11-02T05:00:27.487000+00:00,1528978792617611264,Un4v5s8bgsVk9Xp,1,ja,No397…完了。,No397…完了。,1,0,,397,1,105914,821,0,https://x.com/Un4v5s8bgsVk9Xp/status/1587670953567219712,cdn.syndication.twimg.com/tweet-result,x_syndication_api_unauthenticated,2026-08-27T13:50:10.923629+00:00,5
1590019736498475008,2022-11-08T16:33:40.000Z,2022-11-08T16:33:40.976000+00:00,1528978792617611264,Un4v5s8bgsVk9Xp,1,ja,"No398…たった1コマのリテイク待ちで
　　　　完成1週間延びるシステム笑
　　　　15日完了予定。","No398…たった1コマのリテイク待ちで
　　　　完成1週間延びるシステム笑
　　　　15日完了予定。",1,0,,398,1,85131,691,0,https://x.com/Un4v5s8bgsVk9Xp/status/1590019736498475008,cdn.syndication.twimg.com/tweet-result,x_syndication_api_unauthenticated,2026-08-27T13:50:11.902717+00:00,5
1592478507267141634,2022-11-15T11:23:57.000Z,2022-11-15T11:23:57.609000+00:00,1528978792617611264,Un4v5s8bgsVk9Xp,1,ja,"No388.399…完成。

No395.1ページ目の4コマ目と
6コマ目、生原稿にはちゃんと
人物が入っているので脳内で
合成していただけたら幸いです。 https://t.co/R2XMQXKmGT","No388.399…完成。

No395.1ページ目の4コマ目と
6コマ目、生原稿にはちゃんと
人物が入っているので脳内で
合成していただけたら幸いです。",1,1,https://pbs.twimg.com/media/FhmewfXVQAA6fb9.jpg,388 395,2,128536,803,0,https://x.com/Un4v5s8bgsVk9Xp/status/1592478507267141634,cdn.syndication.twimg.com/tweet-result,x_syndication_api_unauthenticated,2026-08-27T13:50:12.911151+00:00,15
1595010063181254656,2022-11-22T11:03:27.000Z,2022-11-22T11:03:27.573000+00:00,1528978792617611264,Un4v5s8bgsVk9Xp,1,ja,"No400…完成。

半デジタル化での作業細分化は
作画外に費やす時間が多すぎて
完全に失敗でした。

模索中。","No400…完成。

半デジタル化での作業細分化は
作画外に費やす時間が多すぎて
完全に失敗でした。

模索中。",1,0,,400,1,89494,1484,0,https://x.com/Un4v5s8bgsVk9Xp/status/1595010063181254656,cdn.syndication.twimg.com/tweet-result,x_syndication_api_unauthenticated,2026-08-27T13:50:13.908211+00:00,12
1633699912083996672,2023-03-09T05:23:06.000Z,2023-03-09T05:23:06.374000+00:00,1528978792617611264,Un4v5s8bgsVk9Xp,1,ja,"No.401完成。

制作体制は固まっていませんが、
机での作業時間が少しずつ
増えて来ただけでも嬉しい。 https://t.co/q5vdUqIAFF","No.401完成。

制作体制は固まっていませんが、
机での作業時間が少しずつ
増えて来ただけでも嬉しい。",1,1,https://pbs.twimg.com/media/FqwRaOBakAAfGA_.jpg,401,1,281958,6010,0,https://x.com/Un4v5s8bgsVk9Xp/status/1633699912083996672,cdn.syndication.twimg.com/tweet-result,x_syndication_api_unauthenticated,2026-08-27T13:50:14.931716+00:00,159
1708518238878068943,2023-10-01T16:24:25.000Z,2023-10-01T16:24:25.539000+00:00,1528978792617611264,Un4v5s8bgsVk9Xp,1,en,Start over https://t.co/KfTTq3P3aX,Start over,1,1,https://pbs.twimg.com/media/F7XgSByasAAS3bq.jpg,,0,445400,10398,0,https://x.com/Un4v5s8bgsVk9Xp/status/1708518238878068943,cdn.syndication.twimg.com/tweet-result,x_syndication_api_unauthenticated,2026-08-27T13:50:15.948163+00:00,34
1785548977439752662,2024-05-01T05:57:04.000Z,2024-05-01T05:57:04.774000+00:00,1528978792617611264,Un4v5s8bgsVk9Xp,1,ja,"No405、やっております。

ムーン・ヒーリング・エスカレーション！ https://t.co/53YDvetlDo","No405、やっております。

ムーン・ヒーリング・エスカレーション！",1,1,https://pbs.twimg.com/media/GMeLVMAbMAEwihV.jpg,405,1,327283,6389,0,https://x.com/Un4v5s8bgsVk9Xp/status/1785548977439752662,cdn.syndication.twimg.com/tweet-result,x_syndication_api_unauthenticated,2026-08-27T13:50:16.937508+00:00,39
1785895428573319488,2024-05-02T04:53:45.000Z,2024-05-02T04:53:45.161000+00:00,1528978792617611264,Un4v5s8bgsVk9Xp,1,zxx,https://t.co/TjAO1dn00n,,0,1,https://pbs.twimg.com/media/GMjGbPmaQAA-wnM.jpg,,0,277121,3090,0,https://x.com/Un4v5s8bgsVk9Xp/status/1785895428573319488,cdn.syndication.twimg.com/tweet-result,x_syndication_api_unauthenticated,2026-08-27T13:50:17.938710+00:00,15
1786271534228951329,2024-05-03T05:48:15.000Z,2024-05-03T05:48:15.737000+00:00,1528978792617611264,Un4v5s8bgsVk9Xp,1,zxx,https://t.co/hWJ2r6Xejf,,0,1,https://pbs.twimg.com/media/GMocfbPbAAACT5G.jpg,,0,223527,2452,0,https://x.com/Un4v5s8bgsVk9Xp/status/1786271534228951329,cdn.syndication.twimg.com/tweet-result,x_syndication_api_unauthenticated,2026-08-27T13:50:18.925890+00:00,8
1786653489306972278,2024-05-04T07:06:00.000Z,2024-05-04T07:06:00.924000+00:00,1528978792617611264,Un4v5s8bgsVk9Xp,1,zxx,https://t.co/rWyBzjAw7t,,0,1,https://pbs.twimg.com/media/GMt34NgbcAAv36F.jpg,,0,222473,2083,0,https://x.com/Un4v5s8bgsVk9Xp/status/1786653489306972278,cdn.syndication.twimg.com/tweet-result,x_syndication_api_unauthenticated,2026-08-27T13:50:19.916515+00:00,13
1786998395732988294,2024-05-05T05:56:33.000Z,2024-05-05T05:56:33.024000+00:00,1528978792617611264,Un4v5s8bgsVk9Xp,1,zxx,https://t.co/mMReB7gwZs,,0,1,https://pbs.twimg.com/media/GMyxkaya8AAuwoU.jpg,,0,241336,2249,0,https://x.com/Un4v5s8bgsVk9Xp/status/1786998395732988294,cdn.syndication.twimg.com/tweet-result,x_syndication_api_unauthenticated,2026-08-27T13:50:20.941281+00:00,9
1787384568330301456,2024-05-06T07:31:03.000Z,2024-05-06T07:31:03.746000+00:00,1528978792617611264,Un4v5s8bgsVk9Xp,1,zxx,https://t.co/ePVu2QNZJt,,0,1,https://pbs.twimg.com/media/GM4QyUkacAAa81I.jpg,,0,224636,2002,0,https://x.com/Un4v5s8bgsVk9Xp/status/1787384568330301456,cdn.syndication.twimg.com/tweet-result,x_syndication_api_unauthenticated,2026-08-27T13:50:21.905254+00:00,10
1787755312801333609,2024-05-07T08:04:16.000Z,2024-05-07T08:04:16.116000+00:00,1528978792617611264,Un4v5s8bgsVk9Xp,1,ja,No.405、ペン入れ完了。 https://t.co/tvbdbRlPvh,No.405、ペン入れ完了。,1,1,https://pbs.twimg.com/media/GM9h-ztaYAAY9cP.jpg,405,1,199481,1851,0,https://x.com/Un4v5s8bgsVk9Xp/status/1787755312801333609,cdn.syndication.twimg.com/tweet-result,x_syndication_api_unauthenticated,2026-08-27T13:50:23.261597+00:00,8
1788098963050213680,2024-05-08T06:49:48.000Z,2024-05-08T06:49:48.720000+00:00,1528978792617611264,Un4v5s8bgsVk9Xp,1,ja,No.406、開始。 https://t.co/l8TtmiLO2L,No.406、開始。,1,1,https://pbs.twimg.com/media/GNCah2SacAEAqOh.jpg,406,1,195787,1701,0,https://x.com/Un4v5s8bgsVk9Xp/status/1788098963050213680,cdn.syndication.twimg.com/tweet-result,x_syndication_api_unauthenticated,2026-08-27T13:50:24.261244+00:00,11
1788466465072640148,2024-05-09T07:10:08.000Z,2024-05-09T07:10:08.030000+00:00,1528978792617611264,Un4v5s8bgsVk9Xp,1,zxx,https://t.co/Xd1rEpw3Vo,,0,1,https://pbs.twimg.com/media/GNHoxTMbcAAzZnY.jpg,,0,176851,1304,0,https://x.com/Un4v5s8bgsVk9Xp/status/1788466465072640148,cdn.syndication.twimg.com/tweet-result,x_syndication_api_unauthenticated,2026-08-27T13:50:25.240314+00:00,3
1788817836695331294,2024-05-10T06:26:21.000Z,2024-05-10T06:26:21.553000+00:00,1528978792617611264,Un4v5s8bgsVk9Xp,1,zxx,https://t.co/74ktxVju8S,,0,1,https://pbs.twimg.com/media/GNMoVxBbwAAFPb4.jpg,,0,181626,1257,0,https://x.com/Un4v5s8bgsVk9Xp/status/1788817836695331294,cdn.syndication.twimg.com/tweet-result,x_syndication_api_unauthenticated,2026-08-27T13:50:26.217325+00:00,3
1789177140182999182,2024-05-11T06:14:06.000Z,2024-05-11T06:14:06.180000+00:00,1528978792617611264,Un4v5s8bgsVk9Xp,1,ja,"頼んでないウーバー玄関前に
置かれるの怖すぎる https://t.co/gVgD0qgCcr","頼んでないウーバー玄関前に
置かれるの怖すぎる",1,1,https://pbs.twimg.com/media/GNRvIAKacAAWaqb.jpg,,0,190423,1410,0,https://x.com/Un4v5s8bgsVk9Xp/status/1789177140182999182,cdn.syndication.twimg.com/tweet-result,x_syndication_api_unauthenticated,2026-08-27T13:50:27.199309+00:00,9
1789536557353087288,2024-05-12T06:02:17.000Z,2024-05-12T06:02:17.911000+00:00,1528978792617611264,Un4v5s8bgsVk9Xp,1,zxx,https://t.co/l41GidCz5j,,0,1,https://pbs.twimg.com/media/GNW2AdrbkAALctK.jpg,,0,169099,1120,0,https://x.com/Un4v5s8bgsVk9Xp/status/1789536557353087288,cdn.syndication.twimg.com/tweet-result,x_syndication_api_unauthenticated,2026-08-27T13:50:28.202681+00:00,3
1789900213731078521,2024-05-13T06:07:20.000Z,2024-05-13T06:07:20.348000+00:00,1528978792617611264,Un4v5s8bgsVk9Xp,1,ja,No.406、ペン入れ完了。 https://t.co/4UOB9z65Py,No.406、ペン入れ完了。,1,1,https://pbs.twimg.com/media/GNcAwI4awAEatnA.jpg,406,1,162071,1270,0,https://x.com/Un4v5s8bgsVk9Xp/status/1789900213731078521,cdn.syndication.twimg.com/tweet-result,x_syndication_api_unauthenticated,2026-08-27T13:50:29.227280+00:00,4
1790278987656360051,2024-05-14T07:12:27.000Z,2024-05-14T07:12:27.089000+00:00,1528978792617611264,Un4v5s8bgsVk9Xp,1,ja,No.407開始 https://t.co/YxG8CbaHSi,No.407開始,1,1,https://pbs.twimg.com/media/GNhZPvNaAAALy41.jpg,407,1,155673,1209,0,https://x.com/Un4v5s8bgsVk9Xp/status/1790278987656360051,cdn.syndication.twimg.com/tweet-result,x_syndication_api_unauthenticated,2026-08-27T13:50:30.242572+00:00,6
1790651329960087686,2024-05-15T07:52:00.000Z,2024-05-15T07:52:00.412000+00:00,1528978792617611264,Un4v5s8bgsVk9Xp,1,zxx,https://t.co/ohlugjqDPX,,0,1,https://pbs.twimg.com/media/GNmr4K4acAE1V-S.jpg,,0,141884,1032,0,https://x.com/Un4v5s8bgsVk9Xp/status/1790651329960087686,cdn.syndication.twimg.com/tweet-result,x_syndication_api_unauthenticated,2026-08-27T13:50:31.230076+00:00,1
1790999903046599157,2024-05-16T06:57:06.000Z,2024-05-16T06:57:06.712000+00:00,1528978792617611264,Un4v5s8bgsVk9Xp,1,zxx,https://t.co/9NVKPfYtBX,,0,1,https://pbs.twimg.com/media/GNro5-tbcAAmaEh.jpg,,0,142826,1022,0,https://x.com/Un4v5s8bgsVk9Xp/status/1790999903046599157,cdn.syndication.twimg.com/tweet-result,x_syndication_api_unauthenticated,2026-08-27T13:50:32.238715+00:00,2
1791354446531695090,2024-05-17T06:25:56.000Z,2024-05-17T06:25:56.466000+00:00,1528978792617611264,Un4v5s8bgsVk9Xp,1,zxx,https://t.co/mbHGXFE2tB,,0,1,https://pbs.twimg.com/media/GNwrXNka0AA-mwB.jpg,,0,129057,877,0,https://x.com/Un4v5s8bgsVk9Xp/status/1791354446531695090,cdn.syndication.twimg.com/tweet-result,x_syndication_api_unauthenticated,2026-08-27T13:50:33.217721+00:00,3
1791710356399919274,2024-05-18T06:00:11.000Z,2024-05-18T06:00:11.991000+00:00,1528978792617611264,Un4v5s8bgsVk9Xp,1,ja,"また誤配。
宛名頼りに本当の依頼主を探して
ご飯届ける時間謎過ぎる。

#迅速に誤配対応マニュアル作ってください出前代行業者の上の方
#三度目です
#次はもう知らん https://t.co/Wf3OgwTKgP","また誤配。
宛名頼りに本当の依頼主を探して
ご飯届ける時間謎過ぎる。

#迅速に誤配対応マニュアル作ってください出前代行業者の上の方
#三度目です
#次はもう知らん",1,1,https://pbs.twimg.com/media/GN1vDG_bIAAX2qu.jpg,,0,118067,920,0,https://x.com/Un4v5s8bgsVk9Xp/status/1791710356399919274,cdn.syndication.twimg.com/tweet-result,x_syndication_api_unauthenticated,2026-08-27T13:50:34.214311+00:00,3
1792102974116044826,2024-05-19T08:00:19.000Z,2024-05-19T08:00:19.349000+00:00,1528978792617611264,Un4v5s8bgsVk9Xp,1,ja,No.407 ペン入れ完了。 https://t.co/XLT8VD6E8v,No.407 ペン入れ完了。,1,1,https://pbs.twimg.com/media/GN7UHT9a4AAJ3pB.jpg,407,1,127251,914,0,https://x.com/Un4v5s8bgsVk9Xp/status/1792102974116044826,cdn.syndication.twimg.com/tweet-result,x_syndication_api_unauthenticated,2026-08-27T13:50:35.228828+00:00,4
1792465299880693916,2024-05-20T08:00:04.000Z,2024-05-20T08:00:04.543000+00:00,1528978792617611264,Un4v5s8bgsVk9Xp,1,ja,No.408、開始。 https://t.co/XPUkwnpe5y,No.408、開始。,1,1,https://pbs.twimg.com/media/GOAdrxrbcAAIQns.jpg,408,1,123143,954,0,https://x.com/Un4v5s8bgsVk9Xp/status/1792465299880693916,cdn.syndication.twimg.com/tweet-result,x_syndication_api_unauthenticated,2026-08-27T13:50:36.224633+00:00,6
1792827789370110105,2024-05-21T08:00:28.000Z,2024-05-21T08:00:28.772000+00:00,1528978792617611264,Un4v5s8bgsVk9Xp,1,zxx,https://t.co/kzwD1lA0gv,,0,1,https://pbs.twimg.com/media/GOFnXwHb0AAwYjz.jpg,,0,119708,829,0,https://x.com/Un4v5s8bgsVk9Xp/status/1792827789370110105,cdn.syndication.twimg.com/tweet-result,x_syndication_api_unauthenticated,2026-08-27T13:50:37.214063+00:00,3
1793190105412153752,2024-05-22T08:00:11.000Z,2024-05-22T08:00:11.648000+00:00,1528978792617611264,Un4v5s8bgsVk9Xp,1,zxx,https://t.co/N5CB8XWa24,,0,1,https://pbs.twimg.com/media/GOKw4vya8AAw1Vj.jpg,,0,113847,739,0,https://x.com/Un4v5s8bgsVk9Xp/status/1793190105412153752,cdn.syndication.twimg.com/tweet-result,x_syndication_api_unauthenticated,2026-08-27T13:50:38.216165+00:00,1
1793249714126897478,2024-05-22T11:57:03.000Z,2024-05-22T11:57:03.473000+00:00,1528978792617611264,Un4v5s8bgsVk9Xp,1,zxx,https://t.co/ARm2IBqQ6Z,,0,1,https://pbs.twimg.com/media/GOLnF6nawAE1yDK.jpg,,0,151678,1241,0,https://x.com/Un4v5s8bgsVk9Xp/status/1793249714126897478,cdn.syndication.twimg.com/tweet-result,x_syndication_api_unauthenticated,2026-08-27T13:50:39.211647+00:00,3
1793552523011469780,2024-05-23T08:00:18.000Z,2024-05-23T08:00:18.737000+00:00,1528978792617611264,Un4v5s8bgsVk9Xp,1,zxx,https://t.co/rJUWt5B3r9,,0,1,https://pbs.twimg.com/media/GOP6esSbkAAziWz.jpg,,0,103753,555,0,https://x.com/Un4v5s8bgsVk9Xp/status/1793552523011469780,cdn.syndication.twimg.com/tweet-result,x_syndication_api_unauthenticated,2026-08-27T13:50:40.224096+00:00,1
1793555431778115725,2024-05-23T08:11:52.000Z,2024-05-23T08:11:52.241000+00:00,1528978792617611264,Un4v5s8bgsVk9Xp,1,ja,"なんか出てきた笑。
青色が印刷に出ない事も
知らなかった新人の頃の。

#原画展番外編 https://t.co/HiuWc76IC4","なんか出てきた笑。
青色が印刷に出ない事も
知らなかった新人の頃の。

#原画展番外編",1,1,https://pbs.twimg.com/media/GOP9JPPa8AEB6gH.jpg,,0,146375,1185,0,https://x.com/Un4v5s8bgsVk9Xp/status/1793555431778115725,cdn.syndication.twimg.com/tweet-result,x_syndication_api_unauthenticated,2026-08-27T13:50:41.209846+00:00,6
1793914960952861172,2024-05-24T08:00:30.000Z,2024-05-24T08:00:30.676000+00:00,1528978792617611264,Un4v5s8bgsVk9Xp,1,zxx,https://t.co/rgQMk9al27,,0,1,https://pbs.twimg.com/media/GOVEGAma0AAF2-5.jpg,,0,104672,558,0,https://x.com/Un4v5s8bgsVk9Xp/status/1793914960952861172,cdn.syndication.twimg.com/tweet-result,x_syndication_api_unauthenticated,2026-08-27T13:50:42.217303+00:00,2
1793924065021063600,2024-05-24T08:36:41.000Z,2024-05-24T08:36:41.255000+00:00,1528978792617611264,Un4v5s8bgsVk9Xp,1,ja,"今でもたまに聞く。
35年くらい前の落書き。 https://t.co/6fLom6XT0M","今でもたまに聞く。
35年くらい前の落書き。",1,1,https://pbs.twimg.com/media/GOVMaxXa4AE4vfI.jpg,,0,127397,852,0,https://x.com/Un4v5s8bgsVk9Xp/status/1793924065021063600,cdn.syndication.twimg.com/tweet-result,x_syndication_api_unauthenticated,2026-08-27T13:50:43.213029+00:00,9
1794277256837374185,2024-05-25T08:00:08.000Z,2024-05-25T08:00:08.746000+00:00,1528978792617611264,Un4v5s8bgsVk9Xp,1,zxx,https://t.co/UrJ3lysmcH,,0,1,https://pbs.twimg.com/media/GOaNpOOagAEPkWA.jpg,,0,101849,523,0,https://x.com/Un4v5s8bgsVk9Xp/status/1794277256837374185,cdn.syndication.twimg.com/tweet-result,x_syndication_api_unauthenticated,2026-08-27T13:50:44.351543+00:00,1
1794284922355789914,2024-05-25T08:30:36.000Z,2024-05-25T08:30:36.348000+00:00,1528978792617611264,Un4v5s8bgsVk9Xp,1,ja,"カラー原稿の場合はコピーに
色を塗っていたので、生原稿は
こんな形で残っています。

ちなみに昨日の5人はUP-BEATでした。 https://t.co/fOpGn1aNJU","カラー原稿の場合はコピーに
色を塗っていたので、生原稿は
こんな形で残っています。

ちなみに昨日の5人はUP-BEATでした。",1,2,https://pbs.twimg.com/media/GOaUny4bwAAIILI.jpg https://pbs.twimg.com/media/GOaUny3aYAAtrwE.jpg,,0,156589,1044,0,https://x.com/Un4v5s8bgsVk9Xp/status/1794284922355789914,cdn.syndication.twimg.com/tweet-result,x_syndication_api_unauthenticated,2026-08-27T13:50:45.346554+00:00,11
1794639662889439474,2024-05-26T08:00:13.000Z,2024-05-26T08:00:13.082000+00:00,1528978792617611264,Un4v5s8bgsVk9Xp,1,ja,"No.408、ペン入れ完了。
No.409、開始。 https://t.co/Fagig52WH3","No.408、ペン入れ完了。
No.409、開始。",1,1,https://pbs.twimg.com/media/GOfXQf2bMAA9Suj.jpg,408 409,2,106622,677,0,https://x.com/Un4v5s8bgsVk9Xp/status/1794639662889439474,cdn.syndication.twimg.com/tweet-result,x_syndication_api_unauthenticated,2026-08-27T13:50:46.363159+00:00,1
1794645017879044526,2024-05-26T08:21:29.000Z,2024-05-26T08:21:29.811000+00:00,1528978792617611264,Un4v5s8bgsVk9Xp,1,ja,ちょっと何言ってるかわからない。 https://t.co/dx9I7bOfGE,ちょっと何言ってるかわからない。,1,1,https://pbs.twimg.com/media/GOfcIKzaIAAwpHn.jpg,,0,85500,504,0,https://x.com/Un4v5s8bgsVk9Xp/status/1794645017879044526,cdn.syndication.twimg.com/tweet-result,x_syndication_api_unauthenticated,2026-08-27T13:50:47.352638+00:00,9
1795002105037733940,2024-05-27T08:00:26.000Z,2024-05-27T08:00:26.024000+00:00,1528978792617611264,Un4v5s8bgsVk9Xp,1,ja,"文字数多くて台詞入れ永遠に終わらない。

#自業自得 https://t.co/yOTtsFWS7t","文字数多くて台詞入れ永遠に終わらない。

#自業自得",1,1,https://pbs.twimg.com/media/GOkg4x4bAAA26JR.jpg,,0,104588,845,0,https://x.com/Un4v5s8bgsVk9Xp/status/1795002105037733940,cdn.syndication.twimg.com/tweet-result,x_syndication_api_unauthenticated,2026-08-27T13:50:48.362279+00:00,4
1795015895884193978,2024-05-27T08:55:14.000Z,2024-05-27T08:55:14.018000+00:00,1528978792617611264,Un4v5s8bgsVk9Xp,1,zxx,https://t.co/pbD5NY71Pf,,0,1,https://pbs.twimg.com/media/GOktb15aAAAtUGk.jpg,,0,89843,582,0,https://x.com/Un4v5s8bgsVk9Xp/status/1795015895884193978,cdn.syndication.twimg.com/tweet-result,x_syndication_api_unauthenticated,2026-08-27T13:50:49.348166+00:00,13
1795364445029597344,2024-05-28T08:00:14.000Z,2024-05-28T08:00:14.610000+00:00,1528978792617611264,Un4v5s8bgsVk9Xp,1,zxx,https://t.co/GsEIr1FkVz,,0,1,https://pbs.twimg.com/media/GOpqcOcaEAA_-Kp.jpg,,0,99005,510,0,https://x.com/Un4v5s8bgsVk9Xp/status/1795364445029597344,cdn.syndication.twimg.com/tweet-result,x_syndication_api_unauthenticated,2026-08-27T13:50:50.345235+00:00,2
1795377328509669788,2024-05-28T08:51:26.000Z,2024-05-28T08:51:26.271000+00:00,1528978792617611264,Un4v5s8bgsVk9Xp,1,ja,"デビューしてからは落書きに
日付け入れるようにしてるから
大学生の頃だと思う。 https://t.co/yc1mDqEwkc","デビューしてからは落書きに
日付け入れるようにしてるから
大学生の頃だと思う。",1,1,https://pbs.twimg.com/media/GOp2KHObcAAn1ik.jpg,,0,97342,468,0,https://x.com/Un4v5s8bgsVk9Xp/status/1795377328509669788,cdn.syndication.twimg.com/tweet-result,x_syndication_api_unauthenticated,2026-08-27T13:50:51.349942+00:00,9
1795726834904289495,2024-05-29T08:00:15.000Z,2024-05-29T08:00:15.089000+00:00,1528978792617611264,Un4v5s8bgsVk9Xp,1,zxx,https://t.co/6bgqCG6Vrl,,0,1,https://pbs.twimg.com/media/GOu0CUGbIAEQVS9.jpg,,0,102355,534,0,https://x.com/Un4v5s8bgsVk9Xp/status/1795726834904289495,cdn.syndication.twimg.com/tweet-result,x_syndication_api_unauthenticated,2026-08-27T13:50:52.358562+00:00,1
1795737253144379689,2024-05-29T08:41:38.000Z,2024-05-29T08:41:38.991000+00:00,1528978792617611264,Un4v5s8bgsVk9Xp,1,zxx,https://t.co/NyjakFvjYp,,0,1,https://pbs.twimg.com/media/GOu9grRa8AA8cF7.jpg,,0,245203,1092,0,https://x.com/Un4v5s8bgsVk9Xp/status/1795737253144379689,cdn.syndication.twimg.com/tweet-result,x_syndication_api_unauthenticated,2026-08-27T13:50:53.357412+00:00,6
1796089191438447033,2024-05-30T08:00:07.000Z,2024-05-30T08:00:07.619000+00:00,1528978792617611264,Un4v5s8bgsVk9Xp,1,zxx,https://t.co/EBr9we5hqA,,0,1,https://pbs.twimg.com/media/GOz9mDjaEAAOJQM.jpg,,0,107162,610,0,https://x.com/Un4v5s8bgsVk9Xp/status/1796089191438447033,cdn.syndication.twimg.com/tweet-result,x_syndication_api_unauthenticated,2026-08-27T13:50:54.360363+00:00,1
1796126794719895863,2024-05-30T10:29:32.000Z,2024-05-30T10:29:32.940000+00:00,1528978792617611264,Un4v5s8bgsVk9Xp,1,zxx,https://t.co/eMJsFcOLdV,,0,1,https://pbs.twimg.com/media/GO0fx21aQAAnc7C.jpg,,0,237429,1192,0,https://x.com/Un4v5s8bgsVk9Xp/status/1796126794719895863,cdn.syndication.twimg.com/tweet-result,x_syndication_api_unauthenticated,2026-08-27T13:50:55.358909+00:00,3
1796452021056545038,2024-05-31T08:01:52.000Z,2024-05-31T08:01:52.941000+00:00,1528978792617611264,Un4v5s8bgsVk9Xp,1,zxx,https://t.co/Q5YzqBW8pd,,0,1,https://pbs.twimg.com/media/GO5HlmAbgAAYRUs.jpg,,0,111812,633,0,https://x.com/Un4v5s8bgsVk9Xp/status/1796452021056545038,cdn.syndication.twimg.com/tweet-result,x_syndication_api_unauthenticated,2026-08-27T13:50:56.370667+00:00,1
1796517064666137032,2024-05-31T12:20:20.000Z,2024-05-31T12:20:20.546000+00:00,1528978792617611264,Un4v5s8bgsVk9Xp,1,zxx,https://t.co/ndnsR1ceJG,,0,1,https://pbs.twimg.com/media/GO6CvgRbIAAguoK.jpg,,0,202657,924,0,https://x.com/Un4v5s8bgsVk9Xp/status/1796517064666137032,cdn.syndication.twimg.com/tweet-result,x_syndication_api_unauthenticated,2026-08-27T13:50:57.367653+00:00,12
1796814838930530361,2024-06-01T08:03:35.000Z,2024-06-01T08:03:35.463000+00:00,1528978792617611264,Un4v5s8bgsVk9Xp,1,ja,"No.409、ペン入れ完了。
No.410、開始。

舞台って良いね。 https://t.co/POwaSVsZYr","No.409、ペン入れ完了。
No.410、開始。

舞台って良いね。",1,1,https://pbs.twimg.com/media/GO-RjNEbUAAN53Y.jpg,409 410,2,119402,714,0,https://x.com/Un4v5s8bgsVk9Xp/status/1796814838930530361,cdn.syndication.twimg.com/tweet-result,x_syndication_api_unauthenticated,2026-08-27T13:50:58.365508+00:00,3
1796824355005206711,2024-06-01T08:41:24.000Z,2024-06-01T08:41:24.272000+00:00,1528978792617611264,Un4v5s8bgsVk9Xp,1,zxx,https://t.co/1a4G9VM0Of,,0,1,https://pbs.twimg.com/media/GO-aN71aMAAOwK-.jpg,,0,377736,1343,0,https://x.com/Un4v5s8bgsVk9Xp/status/1796824355005206711,cdn.syndication.twimg.com/tweet-result,x_syndication_api_unauthenticated,2026-08-27T13:50:59.375578+00:00,3
1797197820585497053,2024-06-02T09:25:25.000Z,2024-06-02T09:25:25.405000+00:00,1528978792617611264,Un4v5s8bgsVk9Xp,1,zxx,https://t.co/5D19FhwQuT,,0,1,https://pbs.twimg.com/media/GPDt4xubwAA-dKG.jpg,,0,103611,490,0,https://x.com/Un4v5s8bgsVk9Xp/status/1797197820585497053,cdn.syndication.twimg.com/tweet-result,x_syndication_api_unauthenticated,2026-08-27T13:51:00.393828+00:00,2
1797235656940540335,2024-06-02T11:55:46.000Z,2024-06-02T11:55:46.295000+00:00,1528978792617611264,Un4v5s8bgsVk9Xp,1,zxx,https://t.co/eSFYaLrzZ4,,0,1,https://pbs.twimg.com/media/GPEQTAmaMAASw98.jpg,,0,225732,785,0,https://x.com/Un4v5s8bgsVk9Xp/status/1797235656940540335,cdn.syndication.twimg.com/tweet-result,x_syndication_api_unauthenticated,2026-08-27T13:51:01.392426+00:00,10
1797538778439090611,2024-06-03T08:00:16.000Z,2024-06-03T08:00:16.092000+00:00,1528978792617611264,Un4v5s8bgsVk9Xp,1,zxx,https://t.co/mrHjes2ICN,,0,1,https://pbs.twimg.com/media/GPIj_F3bUAAocxZ.jpg,,0,204482,1381,0,https://x.com/Un4v5s8bgsVk9Xp/status/1797538778439090611,cdn.syndication.twimg.com/tweet-result,x_syndication_api_unauthenticated,2026-08-27T13:51:02.379449+00:00,14
1797558564116165098,2024-06-03T09:18:53.000Z,2024-06-03T09:18:53.365000+00:00,1528978792617611264,Un4v5s8bgsVk9Xp,1,zxx,https://t.co/9ufc5NoPSM,,0,1,https://pbs.twimg.com/media/GPI1-k_bEAAWNhZ.jpg,,0,202840,689,0,https://x.com/Un4v5s8bgsVk9Xp/status/1797558564116165098,cdn.syndication.twimg.com/tweet-result,x_syndication_api_unauthenticated,2026-08-27T13:51:03.368021+00:00,11
1797901236098023911,2024-06-04T08:00:32.000Z,2024-06-04T08:00:32.732000+00:00,1528978792617611264,Un4v5s8bgsVk9Xp,1,zxx,https://t.co/7FBQ4bdUfa,,0,1,https://pbs.twimg.com/media/GPNto-TbcAAMEKn.jpg,,0,105147,510,0,https://x.com/Un4v5s8bgsVk9Xp/status/1797901236098023911,cdn.syndication.twimg.com/tweet-result,x_syndication_api_unauthenticated,2026-08-27T13:51:04.364133+00:00,1
1797930703407263899,2024-06-04T09:57:38.000Z,2024-06-04T09:57:38.286000+00:00,1528978792617611264,Un4v5s8bgsVk9Xp,1,zxx,https://t.co/j3HJ2ma5Oi,,0,1,https://pbs.twimg.com/media/GPOIbTxbcAA9lil.jpg,,0,242551,1062,0,https://x.com/Un4v5s8bgsVk9Xp/status/1797930703407263899,cdn.syndication.twimg.com/tweet-result,x_syndication_api_unauthenticated,2026-08-27T13:51:05.335681+00:00,10
1798263559031501158,2024-06-05T08:00:17.000Z,2024-06-05T08:00:17.251000+00:00,1528978792617611264,Un4v5s8bgsVk9Xp,1,zxx,https://t.co/iEeOuxwyhX,,0,1,https://pbs.twimg.com/media/GPS3LHEbgAAZzA6.jpg,,0,113135,459,0,https://x.com/Un4v5s8bgsVk9Xp/status/1798263559031501158,cdn.syndication.twimg.com/tweet-result,x_syndication_api_unauthenticated,2026-08-27T13:58:59.261181+00:00,1
1798281414670250400,2024-06-05T09:11:14.000Z,2024-06-05T09:11:14.367000+00:00,1528978792617611264,Un4v5s8bgsVk9Xp,1,zxx,https://t.co/YMN2twSwjZ,,0,1,https://pbs.twimg.com/media/GPTHZS6bQAARW6C.jpg,,0,262542,1063,0,https://x.com/Un4v5s8bgsVk9Xp/status/1798281414670250400,cdn.syndication.twimg.com/tweet-result,x_syndication_api_unauthenticated,2026-08-27T13:51:06.355028+00:00,12
1798626376557498622,2024-06-06T08:01:59.000Z,2024-06-06T08:01:59.690000+00:00,1528978792617611264,Un4v5s8bgsVk9Xp,1,zxx,https://t.co/wi9TUtZTPB,,0,1,https://pbs.twimg.com/media/GPYBJp2bgAAa78x.jpg,,0,103814,488,0,https://x.com/Un4v5s8bgsVk9Xp/status/1798626376557498622,cdn.syndication.twimg.com/tweet-result,x_syndication_api_unauthenticated,2026-08-27T13:51:07.348968+00:00,3
1798661926345637997,2024-06-06T10:23:15.000Z,2024-06-06T10:23:15.420000+00:00,1528978792617611264,Un4v5s8bgsVk9Xp,1,zxx,https://t.co/I5lOIHmC4Q,,0,1,https://pbs.twimg.com/media/GPYhepqbAAA3B51.jpg,,0,298945,1241,0,https://x.com/Un4v5s8bgsVk9Xp/status/1798661926345637997,cdn.syndication.twimg.com/tweet-result,x_syndication_api_unauthenticated,2026-08-27T13:51:08.348337+00:00,11
1798988560256864617,2024-06-07T08:01:11.000Z,2024-06-07T08:01:11.013000+00:00,1528978792617611264,Un4v5s8bgsVk9Xp,1,zxx,https://t.co/b92s64EsYO,,0,1,https://pbs.twimg.com/media/GPdKjwFbIAAqJEP.jpg,,0,95966,539,0,https://x.com/Un4v5s8bgsVk9Xp/status/1798988560256864617,cdn.syndication.twimg.com/tweet-result,x_syndication_api_unauthenticated,2026-08-27T13:51:09.363359+00:00,3
1799042887172379083,2024-06-07T11:37:03.000Z,2024-06-07T11:37:03.559000+00:00,1528978792617611264,Un4v5s8bgsVk9Xp,1,ja,"No.410、ペン入れ完了。

No.405台詞入れ完了。
　　　　背景制作中。
No.411、開始。 https://t.co/Qpnd3s231Z","No.410、ペン入れ完了。

No.405台詞入れ完了。
　　　　背景制作中。
No.411、開始。",1,1,https://pbs.twimg.com/media/GPd78spbAAA4H_p.jpg,405 410 411,3,206206,1129,0,https://x.com/Un4v5s8bgsVk9Xp/status/1799042887172379083,cdn.syndication.twimg.com/tweet-result,x_syndication_api_unauthenticated,2026-08-27T13:51:10.369829+00:00,16
1799350843986350568,2024-06-08T08:00:46.000Z,2024-06-08T08:00:46.185000+00:00,1528978792617611264,Un4v5s8bgsVk9Xp,1,zxx,https://t.co/Z3RQCPadvj,,0,1,https://pbs.twimg.com/media/GPiUBxcaMAAJ31i.jpg,,0,94287,563,0,https://x.com/Un4v5s8bgsVk9Xp/status/1799350843986350568,cdn.syndication.twimg.com/tweet-result,x_syndication_api_unauthenticated,2026-08-27T13:51:11.383221+00:00,3
1799408670562009560,2024-06-08T11:50:33.000Z,2024-06-08T11:50:33.115000+00:00,1528978792617611264,Un4v5s8bgsVk9Xp,1,ja,No.406、指定完了。 https://t.co/OHbuDr0Bkf,No.406、指定完了。,1,1,https://pbs.twimg.com/media/GPjIoxVaoAAnAqx.jpg,406,1,100249,498,0,https://x.com/Un4v5s8bgsVk9Xp/status/1799408670562009560,cdn.syndication.twimg.com/tweet-result,x_syndication_api_unauthenticated,2026-08-27T13:51:12.368300+00:00,1
1799770247752503341,2024-06-09T11:47:19.000Z,2024-06-09T11:47:19.835000+00:00,1528978792617611264,Un4v5s8bgsVk9Xp,1,zxx,https://t.co/jdmQxdjUTw,,0,1,https://pbs.twimg.com/media/GPoRf1qbsAAE8bG.jpg,,0,92974,583,0,https://x.com/Un4v5s8bgsVk9Xp/status/1799770247752503341,cdn.syndication.twimg.com/tweet-result,x_syndication_api_unauthenticated,2026-08-27T13:51:13.345527+00:00,3
1799787799794835594,2024-06-09T12:57:04.000Z,2024-06-09T12:57:04.568000+00:00,1528978792617611264,Un4v5s8bgsVk9Xp,1,ja,"寝過ごしました。
すごく良い夢見た。 https://t.co/qX4cH1LFpV","寝過ごしました。
すごく良い夢見た。",1,1,https://pbs.twimg.com/media/GPohafaboAAFDeZ.jpg,,0,168772,932,0,https://x.com/Un4v5s8bgsVk9Xp/status/1799787799794835594,cdn.syndication.twimg.com/tweet-result,x_syndication_api_unauthenticated,2026-08-27T13:51:14.348639+00:00,17
1800075528600428979,2024-06-10T08:00:24.000Z,2024-06-10T08:00:24.461000+00:00,1528978792617611264,Un4v5s8bgsVk9Xp,1,zxx,https://t.co/r7zDM3mmKA,,0,1,https://pbs.twimg.com/media/GPsnHClbIAARmUz.jpg,,0,100659,528,0,https://x.com/Un4v5s8bgsVk9Xp/status/1800075528600428979,cdn.syndication.twimg.com/tweet-result,x_syndication_api_unauthenticated,2026-08-27T13:51:15.339439+00:00,3
1800167155327230169,2024-06-10T14:04:29.000Z,2024-06-10T14:04:29.975000+00:00,1528978792617611264,Un4v5s8bgsVk9Xp,1,ja,"No.406台詞入れ、
6時間やっても終わらない笑。 https://t.co/k5T3oJmcCM","No.406台詞入れ、
6時間やっても終わらない笑。",1,1,https://pbs.twimg.com/media/GPt6erVbcAAmC6p.jpg,406,1,157592,795,0,https://x.com/Un4v5s8bgsVk9Xp/status/1800167155327230169,cdn.syndication.twimg.com/tweet-result,x_syndication_api_unauthenticated,2026-08-27T13:51:16.347042+00:00,11
1800437900758389133,2024-06-11T08:00:20.000Z,2024-06-11T08:00:20.716000+00:00,1528978792617611264,Un4v5s8bgsVk9Xp,1,ja,No.406、台詞入れ完了。 https://t.co/iyrHafym6S,No.406、台詞入れ完了。,1,1,https://pbs.twimg.com/media/GPxwtVDacAAaRad.jpg,406,1,92561,446,0,https://x.com/Un4v5s8bgsVk9Xp/status/1800437900758389133,cdn.syndication.twimg.com/tweet-result,x_syndication_api_unauthenticated,2026-08-27T13:51:17.399044+00:00,6
1800497805502620009,2024-06-11T11:58:23.000Z,2024-06-11T11:58:23.120000+00:00,1528978792617611264,Un4v5s8bgsVk9Xp,1,zxx,https://t.co/1pz6oQxiHP,,0,1,https://pbs.twimg.com/media/GPynNR0bYAA1x02.jpg,,0,170565,723,0,https://x.com/Un4v5s8bgsVk9Xp/status/1800497805502620009,cdn.syndication.twimg.com/tweet-result,x_syndication_api_unauthenticated,2026-08-27T13:51:18.396144+00:00,6
1800800295573971089,2024-06-12T08:00:22.000Z,2024-06-12T08:00:22.373000+00:00,1528978792617611264,Un4v5s8bgsVk9Xp,1,zxx,https://t.co/U8irzpm5vx,,0,1,https://pbs.twimg.com/media/GP26UZ4aYAA9cyF.jpg,,0,84645,378,0,https://x.com/Un4v5s8bgsVk9Xp/status/1800800295573971089,cdn.syndication.twimg.com/tweet-result,x_syndication_api_unauthenticated,2026-08-27T13:51:19.391628+00:00,2
1800837214533996652,2024-06-12T10:27:04.000Z,2024-06-12T10:27:04.539000+00:00,1528978792617611264,Un4v5s8bgsVk9Xp,1,zxx,https://t.co/pv1nn9JIl8,,0,1,https://pbs.twimg.com/media/GP3b5VgacAA64r1.jpg,,0,136997,430,0,https://x.com/Un4v5s8bgsVk9Xp/status/1800837214533996652,cdn.syndication.twimg.com/tweet-result,x_syndication_api_unauthenticated,2026-08-27T13:51:20.386041+00:00,3
1800839087932526761,2024-06-12T10:34:31.000Z,2024-06-12T10:34:31.192000+00:00,1528978792617611264,Un4v5s8bgsVk9Xp,1,ja,"失敗してもいいように。
そこのデジタル世代、
笑わないように。 https://t.co/7trYIzvpDl","失敗してもいいように。
そこのデジタル世代、
笑わないように。",1,1,https://pbs.twimg.com/media/GP3djSxbcAAdWNo.jpg,,0,139307,650,0,https://x.com/Un4v5s8bgsVk9Xp/status/1800839087932526761,cdn.syndication.twimg.com/tweet-result,x_syndication_api_unauthenticated,2026-08-27T13:51:21.383392+00:00,10
1801162627944722613,2024-06-13T08:00:09.000Z,2024-06-13T08:00:09.142000+00:00,1528978792617611264,Un4v5s8bgsVk9Xp,1,zxx,https://t.co/cXSbgOGdX2,,0,1,https://pbs.twimg.com/media/GP8D24pbsAAwwQ8.jpg,,0,93162,377,0,https://x.com/Un4v5s8bgsVk9Xp/status/1801162627944722613,cdn.syndication.twimg.com/tweet-result,x_syndication_api_unauthenticated,2026-08-27T13:51:22.365675+00:00,3
1801239618127647228,2024-06-13T13:06:05.000Z,2024-06-13T13:06:05.032000+00:00,1528978792617611264,Un4v5s8bgsVk9Xp,1,zxx,https://t.co/uCv4je8Dey,,0,1,https://pbs.twimg.com/media/GP9J3umbMAAAaD-.jpg,,0,207776,1326,0,https://x.com/Un4v5s8bgsVk9Xp/status/1801239618127647228,cdn.syndication.twimg.com/tweet-result,x_syndication_api_unauthenticated,2026-08-27T13:51:23.368941+00:00,14
1801580857658065042,2024-06-14T11:42:02.000Z,2024-06-14T11:42:02.876000+00:00,1528978792617611264,Un4v5s8bgsVk9Xp,1,ja,No.411、人物ペン入れ完了。 https://t.co/KfYkF21Kkk,No.411、人物ペン入れ完了。,1,1,https://pbs.twimg.com/media/GQCAO9ybEAITjce.jpg,411,1,93415,604,0,https://x.com/Un4v5s8bgsVk9Xp/status/1801580857658065042,cdn.syndication.twimg.com/tweet-result,x_syndication_api_unauthenticated,2026-08-27T13:51:24.370123+00:00,5
1801895727276109991,2024-06-15T08:33:13.000Z,2024-06-15T08:33:13.643000+00:00,1528978792617611264,Un4v5s8bgsVk9Xp,1,ja,"カラーの仕事、制作中。
No.412、開始。
No.407、指定　台詞入れ進行中。 https://t.co/hAFj8BmAK1","カラーの仕事、制作中。
No.412、開始。
No.407、指定　台詞入れ進行中。",1,1,https://pbs.twimg.com/media/GQGemy8asAAKrqi.jpg,407 412,2,86907,536,0,https://x.com/Un4v5s8bgsVk9Xp/status/1801895727276109991,cdn.syndication.twimg.com/tweet-result,x_syndication_api_unauthenticated,2026-08-27T13:51:25.389962+00:00,14
1802262597712089162,2024-06-16T08:51:02.000Z,2024-06-16T08:51:02.371000+00:00,1528978792617611264,Un4v5s8bgsVk9Xp,1,ja,カラーの仕事、継続中。 https://t.co/TqdCnOO0yP,カラーの仕事、継続中。,1,1,https://pbs.twimg.com/media/GQLsQ4ibkAAJW0q.jpg,,0,82399,462,0,https://x.com/Un4v5s8bgsVk9Xp/status/1802262597712089162,cdn.syndication.twimg.com/tweet-result,x_syndication_api_unauthenticated,2026-08-27T13:51:26.451703+00:00,1
1802334141784203348,2024-06-16T13:35:19.000Z,2024-06-16T13:35:19.807000+00:00,1528978792617611264,Un4v5s8bgsVk9Xp,1,ja,"カラーの仕事、完了。

元気もらった頑張る。 https://t.co/B2KAuf1AeG","カラーの仕事、完了。

元気もらった頑張る。",1,1,https://pbs.twimg.com/media/GQMtVmPbUAAz9rn.jpg,,0,209082,1071,0,https://x.com/Un4v5s8bgsVk9Xp/status/1802334141784203348,cdn.syndication.twimg.com/tweet-result,x_syndication_api_unauthenticated,2026-08-27T13:51:27.431369+00:00,3
1802612319396168016,2024-06-17T08:00:42.000Z,2024-06-17T08:00:42.518000+00:00,1528978792617611264,Un4v5s8bgsVk9Xp,1,zxx,https://t.co/sHJ71vI7Mb,,0,1,https://pbs.twimg.com/media/GQQqWATa8AAK0YC.jpg,,0,82337,420,0,https://x.com/Un4v5s8bgsVk9Xp/status/1802612319396168016,cdn.syndication.twimg.com/tweet-result,x_syndication_api_unauthenticated,2026-08-27T13:51:28.409484+00:00,3
1802665606199803994,2024-06-17T11:32:27.000Z,2024-06-17T11:32:27.082000+00:00,1528978792617611264,Un4v5s8bgsVk9Xp,1,zxx,https://t.co/vziO9ZZ5Ga,,0,1,https://pbs.twimg.com/media/GQRazzkaAAAxluM.jpg,,0,122239,547,0,https://x.com/Un4v5s8bgsVk9Xp/status/1802665606199803994,cdn.syndication.twimg.com/tweet-result,x_syndication_api_unauthenticated,2026-08-27T13:51:29.423635+00:00,1
1802985026558320957,2024-06-18T08:41:42.000Z,2024-06-18T08:41:42.830000+00:00,1528978792617611264,Un4v5s8bgsVk9Xp,1,zxx,https://t.co/lWZysbkrCm,,0,1,https://pbs.twimg.com/media/GQV9Tv7aAAAl9qY.jpg,,0,80995,448,0,https://x.com/Un4v5s8bgsVk9Xp/status/1802985026558320957,cdn.syndication.twimg.com/tweet-result,x_syndication_api_unauthenticated,2026-08-27T13:59:00.262846+00:00,1
1803337143743664338,2024-06-19T08:00:54.000Z,2024-06-19T08:00:54.109000+00:00,1528978792617611264,Un4v5s8bgsVk9Xp,1,zxx,https://t.co/Ox4kIVjnI5,,0,1,https://pbs.twimg.com/media/GQa9imuaIAITJ2-.jpg,,0,79267,386,0,https://x.com/Un4v5s8bgsVk9Xp/status/1803337143743664338,cdn.syndication.twimg.com/tweet-result,x_syndication_api_unauthenticated,2026-08-27T13:51:30.416401+00:00,2
1803394314233663704,2024-06-19T11:48:04.000Z,2024-06-19T11:48:04.616000+00:00,1528978792617611264,Un4v5s8bgsVk9Xp,1,zxx,https://t.co/BRtpd9Pega,,0,1,https://pbs.twimg.com/media/GQbxjUsaIAAhdo5.jpg,,0,117075,513,0,https://x.com/Un4v5s8bgsVk9Xp/status/1803394314233663704,cdn.syndication.twimg.com/tweet-result,x_syndication_api_unauthenticated,2026-08-27T13:51:31.383465+00:00,5
1803699785347768718,2024-06-20T08:01:54.000Z,2024-06-20T08:01:54.605000+00:00,1528978792617611264,Un4v5s8bgsVk9Xp,1,zxx,https://t.co/4Axs03tcpr,,0,1,https://pbs.twimg.com/media/GQgHY1wbIAAi2Np.jpg,,0,79821,410,0,https://x.com/Un4v5s8bgsVk9Xp/status/1803699785347768718,cdn.syndication.twimg.com/tweet-result,x_syndication_api_unauthenticated,2026-08-27T13:51:32.353392+00:00,3
1803755471377219814,2024-06-20T11:43:11.000Z,2024-06-20T11:43:11.189000+00:00,1528978792617611264,Un4v5s8bgsVk9Xp,1,zxx,https://t.co/rbNsSwdFoH,,0,1,https://pbs.twimg.com/media/GQg6CWna0AEMHEp.jpg,,0,121440,490,0,https://x.com/Un4v5s8bgsVk9Xp/status/1803755471377219814,cdn.syndication.twimg.com/tweet-result,x_syndication_api_unauthenticated,2026-08-27T13:51:33.356758+00:00,7
1804061999074284017,2024-06-21T08:01:13.000Z,2024-06-21T08:01:13.087000+00:00,1528978792617611264,Un4v5s8bgsVk9Xp,1,zxx,https://t.co/I3NaoBK51X,,0,1,https://pbs.twimg.com/media/GQlQ0lqbgAAJBDJ.jpg,,0,75521,363,0,https://x.com/Un4v5s8bgsVk9Xp/status/1804061999074284017,cdn.syndication.twimg.com/tweet-result,x_syndication_api_unauthenticated,2026-08-27T13:51:34.430199+00:00,1
1804110838887850221,2024-06-21T11:15:17.000Z,2024-06-21T11:15:17.406000+00:00,1528978792617611264,Un4v5s8bgsVk9Xp,1,zxx,https://t.co/tGixUqyyHD,,0,1,https://pbs.twimg.com/media/GQl9PRYbQAAxG6H.jpg,,0,292583,1057,0,https://x.com/Un4v5s8bgsVk9Xp/status/1804110838887850221,cdn.syndication.twimg.com/tweet-result,x_syndication_api_unauthenticated,2026-08-27T13:51:35.425871+00:00,2
1804424248049700901,2024-06-22T08:00:39.000Z,2024-06-22T08:00:39.973000+00:00,1528978792617611264,Un4v5s8bgsVk9Xp,1,zxx,https://t.co/YSCZh4K1lH,,0,1,https://pbs.twimg.com/media/GQqaSQ5akAE-qpM.jpg,,0,77357,362,0,https://x.com/Un4v5s8bgsVk9Xp/status/1804424248049700901,cdn.syndication.twimg.com/tweet-result,x_syndication_api_unauthenticated,2026-08-27T13:51:36.417965+00:00,1
1804449791382020492,2024-06-22T09:42:09.000Z,2024-06-22T09:42:09.978000+00:00,1528978792617611264,Un4v5s8bgsVk9Xp,1,zxx,https://t.co/OF46cGbr0n,,0,1,https://pbs.twimg.com/media/GQqxgtKbIAAtmtv.jpg,,0,120945,496,0,https://x.com/Un4v5s8bgsVk9Xp/status/1804449791382020492,cdn.syndication.twimg.com/tweet-result,x_syndication_api_unauthenticated,2026-08-27T13:51:37.415385+00:00,3
1804787165458489444,2024-06-23T08:02:46.000Z,2024-06-23T08:02:46.226000+00:00,1528978792617611264,Un4v5s8bgsVk9Xp,1,ja,"No.412、人物ペン入れ完了。
No.413、開始。 https://t.co/WwbewWuOhk","No.412、人物ペン入れ完了。
No.413、開始。",1,1,https://pbs.twimg.com/media/GQvkW3ZbIAAJ42h.jpg,412 413,2,81770,480,0,https://x.com/Un4v5s8bgsVk9Xp/status/1804787165458489444,cdn.syndication.twimg.com/tweet-result,x_syndication_api_unauthenticated,2026-08-27T13:51:38.394477+00:00,1
1804820940913582571,2024-06-23T10:16:58.000Z,2024-06-23T10:16:58.922000+00:00,1528978792617611264,Un4v5s8bgsVk9Xp,1,ja,"絵を描くのに飽きて
別の絵を描くとか久しぶりです https://t.co/ZRAHMJE7Nc","絵を描くのに飽きて
別の絵を描くとか久しぶりです",1,1,https://pbs.twimg.com/media/GQwDE00bwAARZla.jpg,,0,98746,808,0,https://x.com/Un4v5s8bgsVk9Xp/status/1804820940913582571,cdn.syndication.twimg.com/tweet-result,x_syndication_api_unauthenticated,2026-08-27T13:51:39.384963+00:00,5
1805149366791049565,2024-06-24T08:02:01.000Z,2024-06-24T08:02:01.753000+00:00,1528978792617611264,Un4v5s8bgsVk9Xp,1,zxx,https://t.co/Wpvkox5eZS,,0,1,https://pbs.twimg.com/media/GQ0txaxbMAAyiJJ.jpg,,0,72541,449,0,https://x.com/Un4v5s8bgsVk9Xp/status/1805149366791049565,cdn.syndication.twimg.com/tweet-result,x_syndication_api_unauthenticated,2026-08-27T13:51:40.385089+00:00,5
1805188182574850098,2024-06-24T10:36:16.000Z,2024-06-24T10:36:16.157000+00:00,1528978792617611264,Un4v5s8bgsVk9Xp,1,ja,当時の狂気が出せない。 https://t.co/DGQsCndmI0,当時の狂気が出せない。,1,1,https://pbs.twimg.com/media/GQ1RE_4aIAEkjTg.jpg,,0,107725,697,0,https://x.com/Un4v5s8bgsVk9Xp/status/1805188182574850098,cdn.syndication.twimg.com/tweet-result,x_syndication_api_unauthenticated,2026-08-27T13:51:41.372130+00:00,10
1805517941452292310,2024-06-25T08:26:36.000Z,2024-06-25T08:26:36.800000+00:00,1528978792617611264,Un4v5s8bgsVk9Xp,1,zxx,https://t.co/siDoh3shub,,0,1,https://pbs.twimg.com/media/GQ58_rqaQAAOmlE.jpg,,0,75643,376,0,https://x.com/Un4v5s8bgsVk9Xp/status/1805517941452292310,cdn.syndication.twimg.com/tweet-result,x_syndication_api_unauthenticated,2026-08-27T13:51:42.365281+00:00,3
1805557906429165596,2024-06-25T11:05:25.000Z,2024-06-25T11:05:25.193000+00:00,1528978792617611264,Un4v5s8bgsVk9Xp,1,zxx,https://t.co/PtU72rIWDv,,0,1,https://pbs.twimg.com/media/GQ6hVzxbwAAa3II.jpg,,0,117157,517,0,https://x.com/Un4v5s8bgsVk9Xp/status/1805557906429165596,cdn.syndication.twimg.com/tweet-result,x_syndication_api_unauthenticated,2026-08-27T13:51:43.439690+00:00,1
1805873828775817614,2024-06-26T08:00:46.000Z,2024-06-26T08:00:46.950000+00:00,1528978792617611264,Un4v5s8bgsVk9Xp,1,zxx,https://t.co/vk6bkiMiui,,0,1,https://pbs.twimg.com/media/GQ_AosfbwAAjhcA.jpg,,0,73377,401,0,https://x.com/Un4v5s8bgsVk9Xp/status/1805873828775817614,cdn.syndication.twimg.com/tweet-result,x_syndication_api_unauthenticated,2026-08-27T13:51:44.435266+00:00,2
1805941576918819074,2024-06-26T12:29:59.000Z,2024-06-26T12:29:59.366000+00:00,1528978792617611264,Un4v5s8bgsVk9Xp,1,zxx,https://t.co/pTv6c4WLQj,,0,1,https://pbs.twimg.com/media/GQ_-SfzbwAA5wV9.jpg,,0,92478,375,0,https://x.com/Un4v5s8bgsVk9Xp/status/1805941576918819074,cdn.syndication.twimg.com/tweet-result,x_syndication_api_unauthenticated,2026-08-27T13:51:45.415896+00:00,3
1806236277743976470,2024-06-27T08:01:01.000Z,2024-06-27T08:01:01.518000+00:00,1528978792617611264,Un4v5s8bgsVk9Xp,1,zxx,https://t.co/MF4hAg5rsR,,0,1,https://pbs.twimg.com/media/GREKUNabcAAdMrr.jpg,,0,73419,433,0,https://x.com/Un4v5s8bgsVk9Xp/status/1806236277743976470,cdn.syndication.twimg.com/tweet-result,x_syndication_api_unauthenticated,2026-08-27T13:51:46.415177+00:00,1
1806282788271952085,2024-06-27T11:05:50.000Z,2024-06-27T11:05:50.492000+00:00,1528978792617611264,Un4v5s8bgsVk9Xp,1,zxx,https://t.co/CDSFaQyLl4,,0,1,https://pbs.twimg.com/media/GRE0mFfbcAEIvZ7.jpg,,0,91697,339,0,https://x.com/Un4v5s8bgsVk9Xp/status/1806282788271952085,cdn.syndication.twimg.com/tweet-result,x_syndication_api_unauthenticated,2026-08-27T13:51:47.415965+00:00,3
1806598842818970067,2024-06-28T08:01:43.000Z,2024-06-28T08:01:43.768000+00:00,1528978792617611264,Un4v5s8bgsVk9Xp,1,zxx,https://t.co/mnkK4wNdXq,,0,1,https://pbs.twimg.com/media/GRJUEV7b0AA4niW.jpg,,0,70916,328,0,https://x.com/Un4v5s8bgsVk9Xp/status/1806598842818970067,cdn.syndication.twimg.com/tweet-result,x_syndication_api_unauthenticated,2026-08-27T13:51:48.417728+00:00,1
1806670555355189615,2024-06-28T12:46:41.000Z,2024-06-28T12:46:41.369000+00:00,1528978792617611264,Un4v5s8bgsVk9Xp,1,zxx,https://t.co/eoj6CClCqF,,0,1,https://pbs.twimg.com/media/GRKVSRMboAAf_kt.jpg,,0,108087,387,0,https://x.com/Un4v5s8bgsVk9Xp/status/1806670555355189615,cdn.syndication.twimg.com/tweet-result,x_syndication_api_unauthenticated,2026-08-27T13:51:49.416703+00:00,4
1806963818188468235,2024-06-29T08:12:00.000Z,2024-06-29T08:12:00.677000+00:00,1528978792617611264,Un4v5s8bgsVk9Xp,1,ja,No.413、人物ペン入れ完了。 https://t.co/cvgm2ohDXb,No.413、人物ペン入れ完了。,1,1,https://pbs.twimg.com/media/GROgAyHaMAA6USX.jpg,413,1,71017,380,0,https://x.com/Un4v5s8bgsVk9Xp/status/1806963818188468235,cdn.syndication.twimg.com/tweet-result,x_syndication_api_unauthenticated,2026-08-27T13:51:50.411629+00:00,2
1806984902426169513,2024-06-29T09:35:47.000Z,2024-06-29T09:35:47.551000+00:00,1528978792617611264,Un4v5s8bgsVk9Xp,1,ja,ジリリン♪ジリリン♪ https://t.co/LKLTPxNwEv,ジリリン♪ジリリン♪,1,1,https://pbs.twimg.com/media/GROzLx3a0AAtveO.jpg,,0,121766,567,0,https://x.com/Un4v5s8bgsVk9Xp/status/1806984902426169513,cdn.syndication.twimg.com/tweet-result,x_syndication_api_unauthenticated,2026-08-27T13:51:51.414571+00:00,6
1807324203546444177,2024-06-30T08:04:03.000Z,2024-06-30T08:04:03.242000+00:00,1528978792617611264,Un4v5s8bgsVk9Xp,1,ja,No.414、ペン入れ開始。 https://t.co/ku7duFLHhy,No.414、ペン入れ開始。,1,1,https://pbs.twimg.com/media/GRTnxrKbwAAGLF5.jpg,414,1,74309,420,0,https://x.com/Un4v5s8bgsVk9Xp/status/1807324203546444177,cdn.syndication.twimg.com/tweet-result,x_syndication_api_unauthenticated,2026-08-27T13:51:52.454406+00:00,1
1807352100143473112,2024-06-30T09:54:54.000Z,2024-06-30T09:54:54.309000+00:00,1528978792617611264,Un4v5s8bgsVk9Xp,1,zxx,https://t.co/PGUtnYctoV,,0,1,https://pbs.twimg.com/media/GRUBI1faMAAPQ6L.jpg,,0,178841,784,0,https://x.com/Un4v5s8bgsVk9Xp/status/1807352100143473112,cdn.syndication.twimg.com/tweet-result,x_syndication_api_unauthenticated,2026-08-27T13:51:53.578723+00:00,9
1807686257998438618,2024-07-01T08:02:43.000Z,2024-07-01T08:02:43.750000+00:00,1528978792617611264,Un4v5s8bgsVk9Xp,1,zxx,https://t.co/vXFQNB6Onh,,0,1,https://pbs.twimg.com/media/GRYxESvaQAAXSO7.jpg,,0,67737,385,0,https://x.com/Un4v5s8bgsVk9Xp/status/1807686257998438618,cdn.syndication.twimg.com/tweet-result,x_syndication_api_unauthenticated,2026-08-27T13:51:54.585729+00:00,1
1807735601418191006,2024-07-01T11:18:48.000Z,2024-07-01T11:18:48.138000+00:00,1528978792617611264,Un4v5s8bgsVk9Xp,1,ja,"No.407、台詞入れ完了。

カラー制作中。　正確には、やらなきゃと
思いつつNo.414原稿に逃避中。 https://t.co/lxhxhUn4rv","No.407、台詞入れ完了。

カラー制作中。　正確には、やらなきゃと
思いつつNo.414原稿に逃避中。",1,1,https://pbs.twimg.com/media/GRZd8mDbIAAYF5x.jpg,407 414,2,86920,420,0,https://x.com/Un4v5s8bgsVk9Xp/status/1807735601418191006,cdn.syndication.twimg.com/tweet-result,x_syndication_api_unauthenticated,2026-08-27T13:51:55.582665+00:00,3
1808048338589089854,2024-07-02T08:01:30.000Z,2024-07-02T08:01:30.490000+00:00,1528978792617611264,Un4v5s8bgsVk9Xp,1,ja,"カラー完了。コメント諸々完了。

No.408、台詞入れ進行中。 https://t.co/tUwDm4Z74p","カラー完了。コメント諸々完了。

No.408、台詞入れ進行中。",1,1,https://pbs.twimg.com/media/GRd6YBGb0AEZOyn.jpg,408,1,75392,451,0,https://x.com/Un4v5s8bgsVk9Xp/status/1808048338589089854,cdn.syndication.twimg.com/tweet-result,x_syndication_api_unauthenticated,2026-08-27T13:51:56.585790+00:00,7
1808101122328219828,2024-07-02T11:31:15.000Z,2024-07-02T11:31:15.114000+00:00,1528978792617611264,Un4v5s8bgsVk9Xp,1,zxx,https://t.co/TRBfU44Ohj,,0,1,https://pbs.twimg.com/media/GReqYiFb0AA-KCU.jpg,,0,91778,435,0,https://x.com/Un4v5s8bgsVk9Xp/status/1808101122328219828,cdn.syndication.twimg.com/tweet-result,x_syndication_api_unauthenticated,2026-08-27T13:51:57.613731+00:00,3
1808412582673543479,2024-07-03T08:08:53.000Z,2024-07-03T08:08:53.047000+00:00,1528978792617611264,Un4v5s8bgsVk9Xp,1,zxx,https://t.co/BSWEtuAMJZ,,0,1,https://pbs.twimg.com/media/GRjFp5paAAA3EJH.jpg,,0,70480,399,0,https://x.com/Un4v5s8bgsVk9Xp/status/1808412582673543479,cdn.syndication.twimg.com/tweet-result,x_syndication_api_unauthenticated,2026-08-27T13:51:58.607463+00:00,2
1808470754931171460,2024-07-03T12:00:02.000Z,2024-07-03T12:00:02.394000+00:00,1528978792617611264,Un4v5s8bgsVk9Xp,1,zxx,https://t.co/diqfEW99Cm,,0,1,https://pbs.twimg.com/media/GRj6j-saIAEDMAK.jpg,,0,130614,543,0,https://x.com/Un4v5s8bgsVk9Xp/status/1808470754931171460,cdn.syndication.twimg.com/tweet-result,x_syndication_api_unauthenticated,2026-08-27T13:51:59.656674+00:00,15
1808773443313414560,2024-07-04T08:02:48.000Z,2024-07-04T08:02:48.928000+00:00,1528978792617611264,Un4v5s8bgsVk9Xp,1,ja,"No.407、指定書完了。

No.408、台詞入れ.指定書作成中。 https://t.co/lKUwE5uLNU","No.407、指定書完了。

No.408、台詞入れ.指定書作成中。",1,1,https://pbs.twimg.com/media/GRoN26VbMAIAtKc.jpg,407 408,2,68067,499,0,https://x.com/Un4v5s8bgsVk9Xp/status/1808773443313414560,cdn.syndication.twimg.com/tweet-result,x_syndication_api_unauthenticated,2026-08-27T13:52:00.646209+00:00,1
1808824172191363436,2024-07-04T11:24:23.000Z,2024-07-04T11:24:23.635000+00:00,1528978792617611264,Un4v5s8bgsVk9Xp,1,zxx,https://t.co/meLphi6wLX,,0,1,https://pbs.twimg.com/media/GRo7_iIaUAATnDX.jpg,,0,106870,629,0,https://x.com/Un4v5s8bgsVk9Xp/status/1808824172191363436,cdn.syndication.twimg.com/tweet-result,x_syndication_api_unauthenticated,2026-08-27T13:52:01.630649+00:00,3
1809146020481372306,2024-07-05T08:43:18.000Z,2024-07-05T08:43:18.247000+00:00,1528978792617611264,Un4v5s8bgsVk9Xp,1,zxx,https://t.co/zRFP1bATx4,,0,1,https://pbs.twimg.com/media/GRtgtx6aAAAVzDD.jpg,,0,64686,321,0,https://x.com/Un4v5s8bgsVk9Xp/status/1809146020481372306,cdn.syndication.twimg.com/tweet-result,x_syndication_api_unauthenticated,2026-08-27T13:52:02.618458+00:00,2
1809200403084677200,2024-07-05T12:19:24.000Z,2024-07-05T12:19:24.070000+00:00,1528978792617611264,Un4v5s8bgsVk9Xp,1,zxx,https://t.co/gSZqvR1pjR,,0,1,https://pbs.twimg.com/media/GRuSLJCaQAAx4cm.jpg,,0,143516,637,0,https://x.com/Un4v5s8bgsVk9Xp/status/1809200403084677200,cdn.syndication.twimg.com/tweet-result,x_syndication_api_unauthenticated,2026-08-27T13:52:03.611365+00:00,5
1809506580653830258,2024-07-06T08:36:02.000Z,2024-07-06T08:36:02.491000+00:00,1528978792617611264,Un4v5s8bgsVk9Xp,1,ja,"No.408、台詞入れ完了。
　　　　　指示書作成完了。

No.409、台詞入れ進行中。
　　　　　指示書作成中。 https://t.co/xZgFGYjb8J","No.408、台詞入れ完了。
　　　　　指示書作成完了。

No.409、台詞入れ進行中。
　　　　　指示書作成中。",1,1,https://pbs.twimg.com/media/GRyopFsacAAGBsi.jpg,408 409,2,66949,380,0,https://x.com/Un4v5s8bgsVk9Xp/status/1809506580653830258,cdn.syndication.twimg.com/tweet-result,x_syndication_api_unauthenticated,2026-08-27T13:52:04.608671+00:00,1
1809551429457310084,2024-07-06T11:34:15.000Z,2024-07-06T11:34:15.279000+00:00,1528978792617611264,Un4v5s8bgsVk9Xp,1,zxx,https://t.co/cK220YIO0r,,0,1,https://pbs.twimg.com/media/GRzRbn8b0AA8SB8.jpg,,0,91102,374,0,https://x.com/Un4v5s8bgsVk9Xp/status/1809551429457310084,cdn.syndication.twimg.com/tweet-result,x_syndication_api_unauthenticated,2026-08-27T13:52:05.613885+00:00,3
1809902608343286011,2024-07-07T10:49:42.000Z,2024-07-07T10:49:42.850000+00:00,1528978792617611264,Un4v5s8bgsVk9Xp,1,zxx,https://t.co/QWNveyNzds,,0,1,https://pbs.twimg.com/media/GR4Q0__aEAA2vgw.jpg,,0,65268,353,0,https://x.com/Un4v5s8bgsVk9Xp/status/1809902608343286011,cdn.syndication.twimg.com/tweet-result,x_syndication_api_unauthenticated,2026-08-27T13:52:06.788169+00:00,1
1809919979640483905,2024-07-07T11:58:44.000Z,2024-07-07T11:58:44.490000+00:00,1528978792617611264,Un4v5s8bgsVk9Xp,1,zxx,https://t.co/wqoHQ5AKIU,,0,1,https://pbs.twimg.com/media/GR4goFwawAAMwh7.jpg,,0,286511,1687,0,https://x.com/Un4v5s8bgsVk9Xp/status/1809919979640483905,cdn.syndication.twimg.com/tweet-result,x_syndication_api_unauthenticated,2026-08-27T13:52:07.803112+00:00,23
1810223091412615191,2024-07-08T08:03:11.000Z,2024-07-08T08:03:11.968000+00:00,1528978792617611264,Un4v5s8bgsVk9Xp,1,ja,No.409、台詞入れ完了。 https://t.co/WKxDcGP5Hc,No.409、台詞入れ完了。,1,1,https://pbs.twimg.com/media/GR80Tf7a0AA-TMm.jpg,409,1,66534,380,0,https://x.com/Un4v5s8bgsVk9Xp/status/1810223091412615191,cdn.syndication.twimg.com/tweet-result,x_syndication_api_unauthenticated,2026-08-27T13:52:08.811836+00:00,1
1810270404361195758,2024-07-08T11:11:12.000Z,2024-07-08T11:11:12.254000+00:00,1528978792617611264,Un4v5s8bgsVk9Xp,1,zxx,https://t.co/2af7cGgUwW,,0,1,https://pbs.twimg.com/media/GR9fVgba8AAbCdI.jpg,,0,82317,319,0,https://x.com/Un4v5s8bgsVk9Xp/status/1810270404361195758,cdn.syndication.twimg.com/tweet-result,x_syndication_api_unauthenticated,2026-08-27T13:52:09.795615+00:00,1
1810586451555287478,2024-07-09T08:07:03.000Z,2024-07-09T08:07:03.777000+00:00,1528978792617611264,Un4v5s8bgsVk9Xp,1,zxx,https://t.co/trOphxk5Us,,0,1,https://pbs.twimg.com/media/GSB-x6vbAAAmsum.jpg,,0,64255,309,0,https://x.com/Un4v5s8bgsVk9Xp/status/1810586451555287478,cdn.syndication.twimg.com/tweet-result,x_syndication_api_unauthenticated,2026-08-27T13:52:10.797872+00:00,2
1810635015652610210,2024-07-09T11:20:02.000Z,2024-07-09T11:20:02.360000+00:00,1528978792617611264,Un4v5s8bgsVk9Xp,1,zxx,https://t.co/CDPLFEjtYV,,0,1,https://pbs.twimg.com/media/GSCq8jsbEAEdq1Z.jpg,,0,99147,415,0,https://x.com/Un4v5s8bgsVk9Xp/status/1810635015652610210,cdn.syndication.twimg.com/tweet-result,x_syndication_api_unauthenticated,2026-08-27T13:52:11.789531+00:00,3
1810947358655705229,2024-07-10T08:01:10.000Z,2024-07-10T08:01:10.735000+00:00,1528978792617611264,Un4v5s8bgsVk9Xp,1,zxx,https://t.co/PCY2BYiKjv,,0,1,https://pbs.twimg.com/media/GSHHBR3aUAMdUwG.jpg,,0,63058,344,0,https://x.com/Un4v5s8bgsVk9Xp/status/1810947358655705229,cdn.syndication.twimg.com/tweet-result,x_syndication_api_unauthenticated,2026-08-27T13:52:12.760957+00:00,2
1810995321079472380,2024-07-10T11:11:45.000Z,2024-07-10T11:11:45.868000+00:00,1528978792617611264,Un4v5s8bgsVk9Xp,1,zxx,https://t.co/wuV4O92D7p,,0,1,https://pbs.twimg.com/media/GSHypHgaUAAHn1M.jpg,,0,58783,400,0,https://x.com/Un4v5s8bgsVk9Xp/status/1810995321079472380,cdn.syndication.twimg.com/tweet-result,x_syndication_api_unauthenticated,2026-08-27T13:52:13.771092+00:00,2
1811359609363296486,2024-07-11T11:19:18.000Z,2024-07-11T11:19:18.963000+00:00,1528978792617611264,Un4v5s8bgsVk9Xp,1,ja,No.415、ペン入れ開始。 https://t.co/48uypjSwdr,No.415、ペン入れ開始。,1,1,https://pbs.twimg.com/media/GSM99QObwAA4UM9.jpg,415,1,64494,471,0,https://x.com/Un4v5s8bgsVk9Xp/status/1811359609363296486,cdn.syndication.twimg.com/tweet-result,x_syndication_api_unauthenticated,2026-08-27T13:52:14.884011+00:00,2
1811402349354856520,2024-07-11T14:09:08.000Z,2024-07-11T14:09:08.971000+00:00,1528978792617611264,Un4v5s8bgsVk9Xp,1,zxx,https://t.co/7uTRgzUuoq,,0,1,https://pbs.twimg.com/media/GSNk1HLaAAAYapZ.jpg,,0,101961,607,0,https://x.com/Un4v5s8bgsVk9Xp/status/1811402349354856520,cdn.syndication.twimg.com/tweet-result,x_syndication_api_unauthenticated,2026-08-27T13:52:15.878013+00:00,5
1811672073313607994,2024-07-12T08:00:56.000Z,2024-07-12T08:00:56.174000+00:00,1528978792617611264,Un4v5s8bgsVk9Xp,1,zxx,https://t.co/5TPCvA6keV,,0,1,https://pbs.twimg.com/media/GSRaIzmagAAM-iI.jpg,,0,62281,388,0,https://x.com/Un4v5s8bgsVk9Xp/status/1811672073313607994,cdn.syndication.twimg.com/tweet-result,x_syndication_api_unauthenticated,2026-08-27T13:59:01.267508+00:00,1
1811723086066323863,2024-07-12T11:23:38.000Z,2024-07-12T11:23:38.562000+00:00,1528978792617611264,Un4v5s8bgsVk9Xp,1,zxx,https://t.co/ux2G7lgO96,,0,1,https://pbs.twimg.com/media/GSSIiXeagAIU_Xh.jpg,,0,113396,599,0,https://x.com/Un4v5s8bgsVk9Xp/status/1811723086066323863,cdn.syndication.twimg.com/tweet-result,x_syndication_api_unauthenticated,2026-08-27T13:52:16.878605+00:00,1
1812039691157324227,2024-07-13T08:21:43.000Z,2024-07-13T08:21:43.098000+00:00,1528978792617611264,Un4v5s8bgsVk9Xp,1,zxx,https://t.co/pb94qPskCM,,0,1,https://pbs.twimg.com/media/GSWofIiWEAAYeN3.jpg,,0,63566,334,0,https://x.com/Un4v5s8bgsVk9Xp/status/1812039691157324227,cdn.syndication.twimg.com/tweet-result,x_syndication_api_unauthenticated,2026-08-27T13:59:02.269914+00:00,1
1812094156149494211,2024-07-13T11:58:08.000Z,2024-07-13T11:58:08.564000+00:00,1528978792617611264,Un4v5s8bgsVk9Xp,1,zxx,https://t.co/funCepT7Dh,,0,1,https://pbs.twimg.com/media/GSXaBTJW0AAeInj.jpg,,0,121689,563,0,https://x.com/Un4v5s8bgsVk9Xp/status/1812094156149494211,cdn.syndication.twimg.com/tweet-result,x_syndication_api_unauthenticated,2026-08-27T13:52:17.878425+00:00,1
1812419869390029241,2024-07-14T09:32:24.000Z,2024-07-14T09:32:24.652000+00:00,1528978792617611264,Un4v5s8bgsVk9Xp,1,zxx,https://t.co/HLfcfhz3hN,,0,1,https://pbs.twimg.com/media/GScCQbLXgAASkzB.jpg,,0,66756,308,0,https://x.com/Un4v5s8bgsVk9Xp/status/1812419869390029241,cdn.syndication.twimg.com/tweet-result,x_syndication_api_unauthenticated,2026-08-27T13:59:03.296899+00:00,1
1812421516320977273,2024-07-14T09:38:57.000Z,2024-07-14T09:38:57.311000+00:00,1528978792617611264,Un4v5s8bgsVk9Xp,1,zxx,https://t.co/SnU8CGqHND,,0,2,https://pbs.twimg.com/media/GScDwPBXgAAg9L9.jpg https://pbs.twimg.com/media/GScDwPGW4AAMnvL.jpg,,0,51736,264,0,https://x.com/Un4v5s8bgsVk9Xp/status/1812421516320977273,cdn.syndication.twimg.com/tweet-result,x_syndication_api_unauthenticated,2026-08-27T13:52:18.900220+00:00,2
1812759219067818266,2024-07-15T08:00:51.000Z,2024-07-15T08:00:51.920000+00:00,1528978792617611264,Un4v5s8bgsVk9Xp,1,zxx,https://t.co/mdj6VQjCkH,,0,1,https://pbs.twimg.com/media/GSg25OCWUAEtcXy.jpg,,0,65653,437,0,https://x.com/Un4v5s8bgsVk9Xp/status/1812759219067818266,cdn.syndication.twimg.com/tweet-result,x_syndication_api_unauthenticated,2026-08-27T13:52:19.907495+00:00,2
1812815567503647036,2024-07-15T11:44:46.000Z,2024-07-15T11:44:46.434000+00:00,1528978792617611264,Un4v5s8bgsVk9Xp,1,zxx,https://t.co/rLLKzBW4hJ,,0,1,https://pbs.twimg.com/media/GShqJKJaoAAZUGB.jpg,,0,152560,980,0,https://x.com/Un4v5s8bgsVk9Xp/status/1812815567503647036,cdn.syndication.twimg.com/tweet-result,x_syndication_api_unauthenticated,2026-08-27T13:52:20.922107+00:00,5
1813121614911009153,2024-07-16T08:00:53.000Z,2024-07-16T08:00:53.822000+00:00,1528978792617611264,Un4v5s8bgsVk9Xp,1,zxx,https://t.co/jCWFFLIvqp,,0,1,https://pbs.twimg.com/media/GSmAfkxbIAEdAva.jpg,,0,62106,453,0,https://x.com/Un4v5s8bgsVk9Xp/status/1813121614911009153,cdn.syndication.twimg.com/tweet-result,x_syndication_api_unauthenticated,2026-08-27T13:52:21.914365+00:00,3
1813159799070335298,2024-07-16T10:32:37.000Z,2024-07-16T10:32:37.635000+00:00,1528978792617611264,Un4v5s8bgsVk9Xp,1,zxx,https://t.co/Fw9nibrGl2,,0,1,https://pbs.twimg.com/media/GSmjOH_bIAEzH-p.jpg,,0,128066,1294,0,https://x.com/Un4v5s8bgsVk9Xp/status/1813159799070335298,cdn.syndication.twimg.com/tweet-result,x_syndication_api_unauthenticated,2026-08-27T13:52:22.903640+00:00,9
1813485171863351313,2024-07-17T08:05:32.000Z,2024-07-17T08:05:32.554000+00:00,1528978792617611264,Un4v5s8bgsVk9Xp,1,zxx,https://t.co/rBTrQNqAwv,,0,1,https://pbs.twimg.com/media/GSrLJXJbYAAmIL2.jpg,,0,63082,475,0,https://x.com/Un4v5s8bgsVk9Xp/status/1813485171863351313,cdn.syndication.twimg.com/tweet-result,x_syndication_api_unauthenticated,2026-08-27T13:52:23.879765+00:00,1
1813543475453075530,2024-07-17T11:57:13.000Z,2024-07-17T11:57:13.213000+00:00,1528978792617611264,Un4v5s8bgsVk9Xp,1,zxx,https://t.co/K1QmQzXtIa,,0,1,https://pbs.twimg.com/media/GSsAK8gacAAHir7.jpg,,0,115147,897,0,https://x.com/Un4v5s8bgsVk9Xp/status/1813543475453075530,cdn.syndication.twimg.com/tweet-result,x_syndication_api_unauthenticated,2026-08-27T13:52:24.898017+00:00,7
1813850761631293931,2024-07-18T08:18:15.000Z,2024-07-18T08:18:15.947000+00:00,1528978792617611264,Un4v5s8bgsVk9Xp,1,ja,No.415、人物ペン入れ完了。 https://t.co/Ev0yCfnjfq,No.415、人物ペン入れ完了。,1,1,https://pbs.twimg.com/media/GSwXpeibsAA5WuM.jpg,415,1,62851,558,0,https://x.com/Un4v5s8bgsVk9Xp/status/1813850761631293931,cdn.syndication.twimg.com/tweet-result,x_syndication_api_unauthenticated,2026-08-27T13:59:04.298049+00:00,1
1813899259953172729,2024-07-18T11:30:58.000Z,2024-07-18T11:30:58.848000+00:00,1528978792617611264,Un4v5s8bgsVk9Xp,1,zxx,https://t.co/z6L0wLb7BO,,0,1,https://pbs.twimg.com/media/GSxDwQcasAApsK0.jpg,,0,172337,1054,0,https://x.com/Un4v5s8bgsVk9Xp/status/1813899259953172729,cdn.syndication.twimg.com/tweet-result,x_syndication_api_unauthenticated,2026-08-27T13:52:25.900416+00:00,3
1814213000309387322,2024-07-19T08:17:40.000Z,2024-07-19T08:17:40.378000+00:00,1528978792617611264,Un4v5s8bgsVk9Xp,1,ja,No.416、人物ペン入れ開始。 https://t.co/qSprMzjPYq,No.416、人物ペン入れ開始。,1,1,https://pbs.twimg.com/media/GS1hGqVacAAZ89Q.jpg,416,1,60529,463,0,https://x.com/Un4v5s8bgsVk9Xp/status/1814213000309387322,cdn.syndication.twimg.com/tweet-result,x_syndication_api_unauthenticated,2026-08-27T13:52:26.904351+00:00,6
1814274778473373700,2024-07-19T12:23:09.000Z,2024-07-19T12:23:09.440000+00:00,1528978792617611264,Un4v5s8bgsVk9Xp,1,zxx,https://t.co/I7VXkLqdvw,,0,1,https://pbs.twimg.com/media/GS2ZSqZbMAAZ2C1.jpg,,0,57012,287,0,https://x.com/Un4v5s8bgsVk9Xp/status/1814274778473373700,cdn.syndication.twimg.com/tweet-result,x_syndication_api_unauthenticated,2026-08-27T13:52:27.909510+00:00,1
1814572154119463163,2024-07-20T08:04:49.000Z,2024-07-20T08:04:49.319000+00:00,1528978792617611264,Un4v5s8bgsVk9Xp,1,zxx,https://t.co/UDXnZpis6L,,0,1,https://pbs.twimg.com/media/GS6nwNsbIAEUewy.jpg,,0,59423,547,0,https://x.com/Un4v5s8bgsVk9Xp/status/1814572154119463163,cdn.syndication.twimg.com/tweet-result,x_syndication_api_unauthenticated,2026-08-27T13:52:28.905283+00:00,2
1814619700581834851,2024-07-20T11:13:45.000Z,2024-07-20T11:13:45.279000+00:00,1528978792617611264,Un4v5s8bgsVk9Xp,1,zxx,https://t.co/b7mTX7PJUn,,0,1,https://pbs.twimg.com/media/GS7S_zLbIAA2NRr.jpg,,0,103253,659,0,https://x.com/Un4v5s8bgsVk9Xp/status/1814619700581834851,cdn.syndication.twimg.com/tweet-result,x_syndication_api_unauthenticated,2026-08-27T13:52:29.883713+00:00,2
1814934744771272834,2024-07-21T08:05:37.000Z,2024-07-21T08:05:37.667000+00:00,1528978792617611264,Un4v5s8bgsVk9Xp,1,zxx,https://t.co/qIIfWIYl6S,,0,1,https://pbs.twimg.com/media/GS_xhyybIAQTOh2.jpg,,0,60971,548,0,https://x.com/Un4v5s8bgsVk9Xp/status/1814934744771272834,cdn.syndication.twimg.com/tweet-result,x_syndication_api_unauthenticated,2026-08-27T13:59:05.275871+00:00,1
1814991039922655518,2024-07-21T11:49:19.000Z,2024-07-21T11:49:19.477000+00:00,1528978792617611264,Un4v5s8bgsVk9Xp,1,ja,No.410、台詞入れ完了。 https://t.co/NnzxT57SIx,No.410、台詞入れ完了。,1,1,https://pbs.twimg.com/media/GTAkunWbcAAt4ZF.jpg,410,1,95109,634,0,https://x.com/Un4v5s8bgsVk9Xp/status/1814991039922655518,cdn.syndication.twimg.com/tweet-result,x_syndication_api_unauthenticated,2026-08-27T13:52:30.937949+00:00,6
1815084425652408599,2024-07-21T18:00:24.000Z,2024-07-21T18:00:24.370000+00:00,1528978792617611264,Un4v5s8bgsVk9Xp,1,ja,No409、背景指定書作成完了。 https://t.co/7tszRv7LDK,No409、背景指定書作成完了。,1,1,https://pbs.twimg.com/media/GTB5qSOaAAAGXrG.jpg,409,1,162393,1016,0,https://x.com/Un4v5s8bgsVk9Xp/status/1815084425652408599,cdn.syndication.twimg.com/tweet-result,x_syndication_api_unauthenticated,2026-08-27T13:52:31.919108+00:00,13
1815296394288357729,2024-07-22T08:02:41.000Z,2024-07-22T08:02:41.631000+00:00,1528978792617611264,Un4v5s8bgsVk9Xp,1,zxx,https://t.co/hAMV71EHdM,,0,1,https://pbs.twimg.com/media/GTE6coTaMAAwlDU.jpg,,0,61263,458,0,https://x.com/Un4v5s8bgsVk9Xp/status/1815296394288357729,cdn.syndication.twimg.com/tweet-result,x_syndication_api_unauthenticated,2026-08-27T13:52:32.933442+00:00,2
1815315720768745747,2024-07-22T09:19:29.000Z,2024-07-22T09:19:29.423000+00:00,1528978792617611264,Un4v5s8bgsVk9Xp,1,ja,No.410、背景指定書作成完了。 https://t.co/wrzcDYC6vr,No.410、背景指定書作成完了。,1,1,https://pbs.twimg.com/media/GTFMBhMbUAAyvme.jpg,410,1,151444,1529,0,https://x.com/Un4v5s8bgsVk9Xp/status/1815315720768745747,cdn.syndication.twimg.com/tweet-result,x_syndication_api_unauthenticated,2026-08-27T13:52:33.947980+00:00,9
1815665065259114815,2024-07-23T08:27:39.000Z,2024-07-23T08:27:39.640000+00:00,1528978792617611264,Un4v5s8bgsVk9Xp,1,zxx,https://t.co/yAFKLsYgwi,,0,1,https://pbs.twimg.com/media/GTKJv8jbUAAl-Ag.jpg,,0,59637,471,0,https://x.com/Un4v5s8bgsVk9Xp/status/1815665065259114815,cdn.syndication.twimg.com/tweet-result,x_syndication_api_unauthenticated,2026-08-27T13:59:06.269846+00:00,1
1815720565904191809,2024-07-23T12:08:12.000Z,2024-07-23T12:08:12.025000+00:00,1528978792617611264,Un4v5s8bgsVk9Xp,1,ja,No.402、最終加筆中。 https://t.co/173k9SaBUx,No.402、最終加筆中。,1,1,https://pbs.twimg.com/media/GTK8OgwaYAAtCLw.jpg,402,1,130595,1014,0,https://x.com/Un4v5s8bgsVk9Xp/status/1815720565904191809,cdn.syndication.twimg.com/tweet-result,x_syndication_api_unauthenticated,2026-08-27T13:59:07.267663+00:00,1
1815738453956710864,2024-07-23T13:19:16.000Z,2024-07-23T13:19:16.869000+00:00,1528978792617611264,Un4v5s8bgsVk9Xp,1,ja,No.402、完成。 https://t.co/jBMC7b30f5,No.402、完成。,1,1,https://pbs.twimg.com/media/GTLMfyyaYAAPqyP.jpg,402,1,62365,567,0,https://x.com/Un4v5s8bgsVk9Xp/status/1815738453956710864,cdn.syndication.twimg.com/tweet-result,x_syndication_api_unauthenticated,2026-08-27T13:52:34.955118+00:00,4
1815744842288480493,2024-07-23T13:44:39.000Z,2024-07-23T13:44:39.966000+00:00,1528978792617611264,Un4v5s8bgsVk9Xp,1,ja,No.403、最終加筆中。 https://t.co/QdAqOc6hli,No.403、最終加筆中。,1,1,https://pbs.twimg.com/media/GTLSTqEawAAt0vE.jpg,403,1,144807,1407,0,https://x.com/Un4v5s8bgsVk9Xp/status/1815744842288480493,cdn.syndication.twimg.com/tweet-result,x_syndication_api_unauthenticated,2026-08-27T13:52:35.942733+00:00,5
1815800382028947551,2024-07-23T17:25:21.000Z,2024-07-23T17:25:21.672000+00:00,1528978792617611264,Un4v5s8bgsVk9Xp,1,ja,"No.403、完成。
やっぱりトーン貼り楽しい。 https://t.co/76Mt2WKRDo","No.403、完成。
やっぱりトーン貼り楽しい。",1,1,https://pbs.twimg.com/media/GTMEzg0aMAAu8Pp.jpg,403,1,110332,1098,0,https://x.com/Un4v5s8bgsVk9Xp/status/1815800382028947551,cdn.syndication.twimg.com/tweet-result,x_syndication_api_unauthenticated,2026-08-27T13:52:36.955427+00:00,7
1816020810106282298,2024-07-24T08:01:15.000Z,2024-07-24T08:01:15.821000+00:00,1528978792617611264,Un4v5s8bgsVk9Xp,1,ja,No.404、最終加筆中。 https://t.co/PC596khHAI,No.404、最終加筆中。,1,1,https://pbs.twimg.com/media/GTPNTEsbEAAuqZE.jpg,404,1,65515,577,0,https://x.com/Un4v5s8bgsVk9Xp/status/1816020810106282298,cdn.syndication.twimg.com/tweet-result,x_syndication_api_unauthenticated,2026-08-27T13:59:08.263312+00:00,1
1816102624497725593,2024-07-24T13:26:21.000Z,2024-07-24T13:26:21.892000+00:00,1528978792617611264,Un4v5s8bgsVk9Xp,1,zxx,https://t.co/AeLEBo61my,,0,1,https://pbs.twimg.com/media/GTQXtIXaYAMDF9E.jpg,,0,162269,1379,0,https://x.com/Un4v5s8bgsVk9Xp/status/1816102624497725593,cdn.syndication.twimg.com/tweet-result,x_syndication_api_unauthenticated,2026-08-27T13:52:37.962574+00:00,1
1816383027968405535,2024-07-25T08:00:35.000Z,2024-07-25T08:00:35.289000+00:00,1528978792617611264,Un4v5s8bgsVk9Xp,1,zxx,https://t.co/0siyqZcw55,,0,1,https://pbs.twimg.com/media/GTUWu8kaYAEmO4u.jpg,,0,58445,702,0,https://x.com/Un4v5s8bgsVk9Xp/status/1816383027968405535,cdn.syndication.twimg.com/tweet-result,x_syndication_api_unauthenticated,2026-08-27T13:52:39.044357+00:00,4
1816443366999285898,2024-07-25T12:00:21.000Z,2024-07-25T12:00:21.235000+00:00,1528978792617611264,Un4v5s8bgsVk9Xp,1,zxx,https://t.co/eFkDf7pvkX,,0,1,https://pbs.twimg.com/media/GTVNnBrbAAE1BGB.jpg,,0,115021,1078,0,https://x.com/Un4v5s8bgsVk9Xp/status/1816443366999285898,cdn.syndication.twimg.com/tweet-result,x_syndication_api_unauthenticated,2026-08-27T13:52:40.027944+00:00,8
1816745938922405924,2024-07-26T08:02:40.000Z,2024-07-26T08:02:40.003000+00:00,1528978792617611264,Un4v5s8bgsVk9Xp,1,zxx,https://t.co/xnCEwg4vTB,,0,1,https://pbs.twimg.com/media/GTZgzEPbwAA6D1m.jpg,,0,57091,682,0,https://x.com/Un4v5s8bgsVk9Xp/status/1816745938922405924,cdn.syndication.twimg.com/tweet-result,x_syndication_api_unauthenticated,2026-08-27T13:59:09.255564+00:00,1
1816759835356254574,2024-07-26T08:57:53.000Z,2024-07-26T08:57:53.171000+00:00,1528978792617611264,Un4v5s8bgsVk9Xp,1,ja,No.404、完成。 https://t.co/CKxyZjz2Lf,No.404、完成。,1,1,https://pbs.twimg.com/media/GTZtb09bYAAK3m3.jpg,404,1,125533,1352,0,https://x.com/Un4v5s8bgsVk9Xp/status/1816759835356254574,cdn.syndication.twimg.com/tweet-result,x_syndication_api_unauthenticated,2026-08-27T13:52:41.012455+00:00,1
1817110985448259798,2024-07-27T08:13:13.000Z,2024-07-27T08:13:13.877000+00:00,1528978792617611264,Un4v5s8bgsVk9Xp,1,ja,"ネーム、原稿、カラー、
台詞入れ、指示書作成
同時進行中。 https://t.co/sAw5MsSzgc","ネーム、原稿、カラー、
台詞入れ、指示書作成
同時進行中。",1,1,https://pbs.twimg.com/media/GTeszh2agAEnqom.jpg,,0,58680,529,0,https://x.com/Un4v5s8bgsVk9Xp/status/1817110985448259798,cdn.syndication.twimg.com/tweet-result,x_syndication_api_unauthenticated,2026-08-27T13:59:10.244139+00:00,1
1817170859867652406,2024-07-27T12:11:09.000Z,2024-07-27T12:11:09.051000+00:00,1528978792617611264,Un4v5s8bgsVk9Xp,1,zxx,https://t.co/Fu2CEzAQGC,,0,1,https://pbs.twimg.com/media/GTfjQsMb0AAmT9t.jpg,,0,134028,864,0,https://x.com/Un4v5s8bgsVk9Xp/status/1817170859867652406,cdn.syndication.twimg.com/tweet-result,x_syndication_api_unauthenticated,2026-08-27T13:52:42.007228+00:00,1
1817474591658586607,2024-07-28T08:18:04.000Z,2024-07-28T08:18:04.353000+00:00,1528978792617611264,Un4v5s8bgsVk9Xp,1,zxx,https://t.co/VDPBYg4CL3,,0,1,https://pbs.twimg.com/media/GTj3gOdbQAArjC1.jpg,,0,56302,415,0,https://x.com/Un4v5s8bgsVk9Xp/status/1817474591658586607,cdn.syndication.twimg.com/tweet-result,x_syndication_api_unauthenticated,2026-08-27T13:59:11.323754+00:00,1
1817534075084865875,2024-07-28T12:14:26.000Z,2024-07-28T12:14:26.307000+00:00,1528978792617611264,Un4v5s8bgsVk9Xp,1,zxx,https://t.co/Bd4n4SSGDg,,0,1,https://pbs.twimg.com/media/GTktmsdaEAA9IVL.jpg,,0,85420,581,0,https://x.com/Un4v5s8bgsVk9Xp/status/1817534075084865875,cdn.syndication.twimg.com/tweet-result,x_syndication_api_unauthenticated,2026-08-27T13:52:43.036365+00:00,1
1817833700547273164,2024-07-29T08:05:02.000Z,2024-07-29T08:05:02.584000+00:00,1528978792617611264,Un4v5s8bgsVk9Xp,1,zxx,https://t.co/dyG4rLgZZl,,0,1,https://pbs.twimg.com/media/GTo-HQCaEAAgoTT.jpg,,0,57711,424,0,https://x.com/Un4v5s8bgsVk9Xp/status/1817833700547273164,cdn.syndication.twimg.com/tweet-result,x_syndication_api_unauthenticated,2026-08-27T13:59:12.324053+00:00,1
1817882737765990683,2024-07-29T11:19:53.968000+00:00,2024-07-29T11:19:53.968000+00:00,,,0,,,,0,0,,,0,,,0,https://x.com/i/status/1817882737765990683,cdn.syndication.twimg.com/tweet-result,x_syndication_api_unauthenticated,2026-08-27T13:52:44.029062+00:00,1
1818196050169217461,2024-07-30T08:04:53.000Z,2024-07-30T08:04:53.466000+00:00,1528978792617611264,Un4v5s8bgsVk9Xp,1,zxx,https://t.co/41DmTNrEj9,,0,1,https://pbs.twimg.com/media/GTuHqt1a0AApcu7.jpg,,0,56222,435,0,https://x.com/Un4v5s8bgsVk9Xp/status/1818196050169217461,cdn.syndication.twimg.com/tweet-result,x_syndication_api_unauthenticated,2026-08-27T13:59:13.320845+00:00,1
1818263260392808635,2024-07-30T12:31:57.000Z,2024-07-30T12:31:57.632000+00:00,1528978792617611264,Un4v5s8bgsVk9Xp,1,zxx,https://t.co/IgokkAcW00,,0,1,https://pbs.twimg.com/media/GTvEy2vb0AAPPEq.jpg,,0,57054,346,0,https://x.com/Un4v5s8bgsVk9Xp/status/1818263260392808635,cdn.syndication.twimg.com/tweet-result,x_syndication_api_unauthenticated,2026-08-27T13:52:45.050042+00:00,5
1818575364769431741,2024-07-31T09:12:09.000Z,2024-07-31T09:12:09.114000+00:00,1528978792617611264,Un4v5s8bgsVk9Xp,1,ja,No.416、人物ペン入れ完了。 https://t.co/1Yc1RI2h5S,No.416、人物ペン入れ完了。,1,1,https://pbs.twimg.com/media/GTzgpyAbwAIRrX8.jpg,416,1,57564,457,0,https://x.com/Un4v5s8bgsVk9Xp/status/1818575364769431741,cdn.syndication.twimg.com/tweet-result,x_syndication_api_unauthenticated,2026-08-27T13:59:14.332158+00:00,1
1818610833964056593,2024-07-31T11:33:05.000Z,2024-07-31T11:33:05.629000+00:00,1528978792617611264,Un4v5s8bgsVk9Xp,1,zxx,https://t.co/1tXm2hQPmw,,0,1,https://pbs.twimg.com/media/GT0A6YxakAA2LvW.jpg,,0,75673,552,0,https://x.com/Un4v5s8bgsVk9Xp/status/1818610833964056593,cdn.syndication.twimg.com/tweet-result,x_syndication_api_unauthenticated,2026-08-27T13:52:46.049852+00:00,6
1818921294332936581,2024-08-01T08:06:45.000Z,2024-08-01T08:06:45.149000+00:00,1528978792617611264,Un4v5s8bgsVk9Xp,1,ja,No.417、人物ペン入れ開始。 https://t.co/e57uQXx38y,No.417、人物ペン入れ開始。,1,1,https://pbs.twimg.com/media/GT4bRgHbwAI6g_f.jpg,417,1,60542,487,0,https://x.com/Un4v5s8bgsVk9Xp/status/1818921294332936581,cdn.syndication.twimg.com/tweet-result,x_syndication_api_unauthenticated,2026-08-27T13:52:47.051605+00:00,4
1819282115009380402,2024-08-02T08:00:31.000Z,2024-08-02T08:00:31.502000+00:00,1528978792617611264,Un4v5s8bgsVk9Xp,1,zxx,https://t.co/n0bqBVxmDw,,0,1,https://pbs.twimg.com/media/GT9jb1aWQAA_tON.jpg,,0,58625,378,0,https://x.com/Un4v5s8bgsVk9Xp/status/1819282115009380402,cdn.syndication.twimg.com/tweet-result,x_syndication_api_unauthenticated,2026-08-27T13:59:15.336301+00:00,1
1819645880905224671,2024-08-03T08:06:00.000Z,2024-08-03T08:06:00.050000+00:00,1528978792617611264,Un4v5s8bgsVk9Xp,1,zxx,https://t.co/3FqRPeB8eL,,0,1,https://pbs.twimg.com/media/GUCuSDiaMAA0VQs.jpg,,0,59225,357,0,https://x.com/Un4v5s8bgsVk9Xp/status/1819645880905224671,cdn.syndication.twimg.com/tweet-result,x_syndication_api_unauthenticated,2026-08-27T13:59:16.312415+00:00,1
1820007259818352688,2024-08-04T08:01:59.000Z,2024-08-04T08:01:59.497000+00:00,1528978792617611264,Un4v5s8bgsVk9Xp,1,zxx,https://t.co/QMM3Ia7dsm,,0,1,https://pbs.twimg.com/media/GUH29EyasAAVo50.jpg,,0,60627,373,0,https://x.com/Un4v5s8bgsVk9Xp/status/1820007259818352688,cdn.syndication.twimg.com/tweet-result,x_syndication_api_unauthenticated,2026-08-27T13:59:17.304932+00:00,1
1820380125768331689,2024-08-05T08:43:37.000Z,2024-08-05T08:43:37.667000+00:00,1528978792617611264,Un4v5s8bgsVk9Xp,1,zxx,https://t.co/pIxlrvjhz5,,0,1,https://pbs.twimg.com/media/GUNKErRbwAEc6Lq.jpg,,0,61674,360,0,https://x.com/Un4v5s8bgsVk9Xp/status/1820380125768331689,cdn.syndication.twimg.com/tweet-result,x_syndication_api_unauthenticated,2026-08-27T13:52:48.057210+00:00,3
1820754308746600934,2024-08-06T09:30:29.000Z,2024-08-06T09:30:29.841000+00:00,1528978792617611264,Un4v5s8bgsVk9Xp,1,zxx,https://t.co/G12QPNCX6s,,0,1,https://pbs.twimg.com/media/GUSeY12W0AA5922.jpg,,0,60582,327,0,https://x.com/Un4v5s8bgsVk9Xp/status/1820754308746600934,cdn.syndication.twimg.com/tweet-result,x_syndication_api_unauthenticated,2026-08-27T13:59:18.262199+00:00,1
1821094894129307742,2024-08-07T08:03:51.000Z,2024-08-07T08:03:51.724000+00:00,1528978792617611264,Un4v5s8bgsVk9Xp,1,zxx,https://t.co/B0M05Hw1B8,,0,1,https://pbs.twimg.com/media/GUXUJlQa8AUgu8V.jpg,,0,60156,352,0,https://x.com/Un4v5s8bgsVk9Xp/status/1821094894129307742,cdn.syndication.twimg.com/tweet-result,x_syndication_api_unauthenticated,2026-08-27T13:52:49.078190+00:00,1
1821474816077254935,2024-08-08T09:13:32.000Z,2024-08-08T09:13:32.175000+00:00,1528978792617611264,Un4v5s8bgsVk9Xp,1,zxx,https://t.co/GLcjXXfm2y,,0,1,https://pbs.twimg.com/media/GUctsE0aIAA0ZlP.jpg,,0,57216,375,0,https://x.com/Un4v5s8bgsVk9Xp/status/1821474816077254935,cdn.syndication.twimg.com/tweet-result,x_syndication_api_unauthenticated,2026-08-27T13:59:19.268721+00:00,1
1821819211624391128,2024-08-09T08:02:02.000Z,2024-08-09T08:02:02.472000+00:00,1528978792617611264,Un4v5s8bgsVk9Xp,1,zxx,https://t.co/ppQqobbhC0,,0,1,https://pbs.twimg.com/media/GUhm6dVa8AIwZiC.jpg,,0,56758,342,0,https://x.com/Un4v5s8bgsVk9Xp/status/1821819211624391128,cdn.syndication.twimg.com/tweet-result,x_syndication_api_unauthenticated,2026-08-27T13:52:50.065274+00:00,2
1822190708452893045,2024-08-10T08:38:14.000Z,2024-08-10T08:38:14.218000+00:00,1528978792617611264,Un4v5s8bgsVk9Xp,1,zxx,https://t.co/tkrdd0PvpQ,,0,1,https://pbs.twimg.com/media/GUm4ySNaUAAnThn.jpg,,0,57326,306,0,https://x.com/Un4v5s8bgsVk9Xp/status/1822190708452893045,cdn.syndication.twimg.com/tweet-result,x_syndication_api_unauthenticated,2026-08-27T13:59:20.263626+00:00,1
1822565040462942210,2024-08-11T09:25:41.000Z,2024-08-11T09:25:41.924000+00:00,1528978792617611264,Un4v5s8bgsVk9Xp,1,zxx,https://t.co/isbn2Dygn0,,0,1,https://pbs.twimg.com/media/GUsNPhsbQAAITqM.jpg,,0,62148,367,0,https://x.com/Un4v5s8bgsVk9Xp/status/1822565040462942210,cdn.syndication.twimg.com/tweet-result,x_syndication_api_unauthenticated,2026-08-27T13:59:21.253689+00:00,1
1822921067813572827,2024-08-12T09:00:25.000Z,2024-08-12T09:00:25.459000+00:00,1528978792617611264,Un4v5s8bgsVk9Xp,1,ja,ここ数日腰の機嫌が良くない https://t.co/aI44ZErzY9,ここ数日腰の機嫌が良くない,1,1,https://pbs.twimg.com/media/GUxRC9kbAAEvRzb.jpg,,0,71249,1566,0,https://x.com/Un4v5s8bgsVk9Xp/status/1822921067813572827,cdn.syndication.twimg.com/tweet-result,x_syndication_api_unauthenticated,2026-08-27T13:52:51.083183+00:00,14
1823271123489812566,2024-08-13T08:11:25.000Z,2024-08-13T08:11:25.236000+00:00,1528978792617611264,Un4v5s8bgsVk9Xp,1,zxx,https://t.co/O1pT5SCbel,,0,1,https://pbs.twimg.com/media/GU2Pa11a0AAFUIo.jpg,,0,58750,414,0,https://x.com/Un4v5s8bgsVk9Xp/status/1823271123489812566,cdn.syndication.twimg.com/tweet-result,x_syndication_api_unauthenticated,2026-08-27T13:52:52.090910+00:00,3
1823645373308535190,2024-08-14T08:58:33.000Z,2024-08-14T08:58:33.346000+00:00,1528978792617611264,Un4v5s8bgsVk9Xp,1,zxx,https://t.co/tMRbfGIZXt,,0,1,https://pbs.twimg.com/media/GU7jzKta4AE7irI.jpg,,0,60188,359,0,https://x.com/Un4v5s8bgsVk9Xp/status/1823645373308535190,cdn.syndication.twimg.com/tweet-result,x_syndication_api_unauthenticated,2026-08-27T13:59:22.299629+00:00,1
1823994863806828636,2024-08-15T08:07:18.000Z,2024-08-15T08:07:18.374000+00:00,1528978792617611264,Un4v5s8bgsVk9Xp,1,zxx,https://t.co/FDgiuWy5X7,,0,1,https://pbs.twimg.com/media/GVAhqLia4AAcD1X.jpg,,0,58404,315,0,https://x.com/Un4v5s8bgsVk9Xp/status/1823994863806828636,cdn.syndication.twimg.com/tweet-result,x_syndication_api_unauthenticated,2026-08-27T13:52:53.113126+00:00,1
1824398106655342705,2024-08-16T10:49:38.000Z,2024-08-16T10:49:38.961000+00:00,1528978792617611264,Un4v5s8bgsVk9Xp,1,ja,No.417、人物ペン入れ完了。 https://t.co/CjJH62ufxg,No.417、人物ペン入れ完了。,1,1,https://pbs.twimg.com/media/GVGQaC0aEAUs6f0.jpg,417,1,60562,414,0,https://x.com/Un4v5s8bgsVk9Xp/status/1824398106655342705,cdn.syndication.twimg.com/tweet-result,x_syndication_api_unauthenticated,2026-08-27T13:59:23.290024+00:00,1
1824753854551920752,2024-08-17T10:23:15.000Z,2024-08-17T10:23:15.869000+00:00,1528978792617611264,Un4v5s8bgsVk9Xp,1,ja,No.418、ペン入れ開始。 https://t.co/ZoFuZTWXkh,No.418、ペン入れ開始。,1,1,https://pbs.twimg.com/media/GVLT9GVaoAAozn4.jpg,418,1,60238,394,0,https://x.com/Un4v5s8bgsVk9Xp/status/1824753854551920752,cdn.syndication.twimg.com/tweet-result,x_syndication_api_unauthenticated,2026-08-27T13:59:24.285782+00:00,1
1825081134868283791,2024-08-18T08:03:45.000Z,2024-08-18T08:03:45.577000+00:00,1528978792617611264,Un4v5s8bgsVk9Xp,1,zxx,https://t.co/eQ7CfJtR14,,0,1,https://pbs.twimg.com/media/GVP9neOawAAhMw4.jpg,,0,58559,300,0,https://x.com/Un4v5s8bgsVk9Xp/status/1825081134868283791,cdn.syndication.twimg.com/tweet-result,x_syndication_api_unauthenticated,2026-08-27T13:59:25.298878+00:00,1
1825492550997934220,2024-08-19T11:18:34.000Z,2024-08-19T11:18:34.826000+00:00,1528978792617611264,Un4v5s8bgsVk9Xp,1,zxx,https://t.co/1tG6OdUu1d,,0,1,https://pbs.twimg.com/media/GVVzy_DakAAr7Yy.jpg,,0,64433,501,0,https://x.com/Un4v5s8bgsVk9Xp/status/1825492550997934220,cdn.syndication.twimg.com/tweet-result,x_syndication_api_unauthenticated,2026-08-27T13:52:54.114474+00:00,10
1825809560046809595,2024-08-20T08:18:15.000Z,2024-08-20T08:18:15.673000+00:00,1528978792617611264,Un4v5s8bgsVk9Xp,1,zxx,https://t.co/2WLwSCzAFS,,0,1,https://pbs.twimg.com/media/GVaUHVBaMAAMVBX.jpg,,0,60871,351,0,https://x.com/Un4v5s8bgsVk9Xp/status/1825809560046809595,cdn.syndication.twimg.com/tweet-result,x_syndication_api_unauthenticated,2026-08-27T13:59:26.397213+00:00,1
1826169801531863275,2024-08-21T08:09:43.000Z,2024-08-21T08:09:43.936000+00:00,1528978792617611264,Un4v5s8bgsVk9Xp,1,zxx,https://t.co/27dPwes8ZN,,0,1,https://pbs.twimg.com/media/GVfbvC6agAAdICJ.jpg,,0,61107,340,0,https://x.com/Un4v5s8bgsVk9Xp/status/1826169801531863275,cdn.syndication.twimg.com/tweet-result,x_syndication_api_unauthenticated,2026-08-27T13:52:55.131520+00:00,2
1826540225738539468,2024-08-22T08:41:39.000Z,2024-08-22T08:41:39.949000+00:00,1528978792617611264,Un4v5s8bgsVk9Xp,1,zxx,https://t.co/2YxxP6EqYN,,0,1,https://pbs.twimg.com/media/GVksprZbgAEfmeo.jpg,,0,59883,291,0,https://x.com/Un4v5s8bgsVk9Xp/status/1826540225738539468,cdn.syndication.twimg.com/tweet-result,x_syndication_api_unauthenticated,2026-08-27T13:59:27.384187+00:00,1
1826892826421989629,2024-08-23T08:02:46.000Z,2024-08-23T08:02:46.503000+00:00,1528978792617611264,Un4v5s8bgsVk9Xp,1,zxx,https://t.co/lwON45jnJn,,0,1,https://pbs.twimg.com/media/GVptVpDagAAleGr.jpg,,0,58885,287,0,https://x.com/Un4v5s8bgsVk9Xp/status/1826892826421989629,cdn.syndication.twimg.com/tweet-result,x_syndication_api_unauthenticated,2026-08-27T13:59:28.385915+00:00,1
1827297359690395824,2024-08-24T10:50:14.000Z,2024-08-24T10:50:14.750000+00:00,1528978792617611264,Un4v5s8bgsVk9Xp,1,zxx,https://t.co/LvjmHi1g6k,,0,1,https://pbs.twimg.com/media/GVvdQfia8AAkM8K.jpg,,0,60256,343,0,https://x.com/Un4v5s8bgsVk9Xp/status/1827297359690395824,cdn.syndication.twimg.com/tweet-result,x_syndication_api_unauthenticated,2026-08-27T13:59:29.463017+00:00,1
1827619471848304826,2024-08-25T08:10:12.000Z,2024-08-25T08:10:12.273000+00:00,1528978792617611264,Un4v5s8bgsVk9Xp,1,zxx,https://t.co/7GDFI9pGMJ,,0,1,https://pbs.twimg.com/media/GV0COJ-a8AE_Xu5.jpg,,0,58864,302,0,https://x.com/Un4v5s8bgsVk9Xp/status/1827619471848304826,cdn.syndication.twimg.com/tweet-result,x_syndication_api_unauthenticated,2026-08-27T13:59:30.474517+00:00,1
1827981905326977056,2024-08-26T08:10:23.000Z,2024-08-26T08:10:23.148000+00:00,1528978792617611264,Un4v5s8bgsVk9Xp,1,zxx,https://t.co/KUbGvOUkCZ,,0,1,https://pbs.twimg.com/media/GV5L2daXoAAfk_2.jpg,,0,58264,308,0,https://x.com/Un4v5s8bgsVk9Xp/status/1827981905326977056,cdn.syndication.twimg.com/tweet-result,x_syndication_api_unauthenticated,2026-08-27T13:59:31.482045+00:00,1
1828342600266649952,2024-08-27T08:03:39.000Z,2024-08-27T08:03:39.523000+00:00,1528978792617611264,Un4v5s8bgsVk9Xp,1,zxx,https://t.co/S76vjvIK66,,0,1,https://pbs.twimg.com/media/GV-T5qHaoAE5AUJ.jpg,,0,64484,369,0,https://x.com/Un4v5s8bgsVk9Xp/status/1828342600266649952,cdn.syndication.twimg.com/tweet-result,x_syndication_api_unauthenticated,2026-08-27T13:52:56.122492+00:00,10
1828709144938909918,2024-08-28T08:20:10.000Z,2024-08-28T08:20:10.583000+00:00,1528978792617611264,Un4v5s8bgsVk9Xp,1,ja,"便座に座ってて腰やった。
カラーは途中。
寝ながらネームやります。 https://t.co/Akblk8DHfO","便座に座ってて腰やった。
カラーは途中。
寝ながらネームやります。",1,1,https://pbs.twimg.com/media/GWDhRe6WwAASbBI.jpg,,0,65363,972,0,https://x.com/Un4v5s8bgsVk9Xp/status/1828709144938909918,cdn.syndication.twimg.com/tweet-result,x_syndication_api_unauthenticated,2026-08-27T13:52:57.115700+00:00,10
1829139891244151067,2024-08-29T12:51:48.000Z,2024-08-29T12:51:48.505000+00:00,1528978792617611264,Un4v5s8bgsVk9Xp,1,ja,"トイレに行くの憂鬱すぎて
食事キャンセル中。 https://t.co/4YlioB113K","トイレに行くの憂鬱すぎて
食事キャンセル中。",1,1,https://pbs.twimg.com/media/GWJpB8sW4AAN3Yp.jpg,,0,260689,1768,0,https://x.com/Un4v5s8bgsVk9Xp/status/1829139891244151067,cdn.syndication.twimg.com/tweet-result,x_syndication_api_unauthenticated,2026-08-27T13:52:58.095062+00:00,7
1829533880967405945,2024-08-30T14:57:22.000Z,2024-08-30T14:57:22.975000+00:00,1528978792617611264,Un4v5s8bgsVk9Xp,1,ja,ネームに夢中で日課忘れてた。 https://t.co/1VMNqlWaSr,ネームに夢中で日課忘れてた。,1,1,https://pbs.twimg.com/media/GWPPXCGa0AAXXA3.jpg,,0,76638,524,0,https://x.com/Un4v5s8bgsVk9Xp/status/1829533880967405945,cdn.syndication.twimg.com/tweet-result,x_syndication_api_unauthenticated,2026-08-27T13:59:32.639070+00:00,1
1829837078714024304,2024-08-31T11:02:10.000Z,2024-08-31T11:02:10.951000+00:00,1528978792617611264,Un4v5s8bgsVk9Xp,1,ja,"施術してもらい、だいぶ回復。

どうやらカラー制作中の姿勢が
今回の腰痛の原因らしい。
白黒原稿の場合と体勢が微妙に
違うの、指摘されて初めて自覚した。

やっぱカラー嫌い。 https://t.co/lR4m4VKNeh","施術してもらい、だいぶ回復。

どうやらカラー制作中の姿勢が
今回の腰痛の原因らしい。
白黒原稿の場合と体勢が微妙に
違うの、指摘されて初めて自覚した。

やっぱカラー嫌い。",1,1,https://pbs.twimg.com/media/GWTjFtcbQAAHoZG.jpg,,0,86975,849,0,https://x.com/Un4v5s8bgsVk9Xp/status/1829837078714024304,cdn.syndication.twimg.com/tweet-result,x_syndication_api_unauthenticated,2026-08-27T13:52:59.111657+00:00,9
1830200690305597638,2024-09-01T11:07:02.000Z,2024-09-01T11:07:02.710000+00:00,1528978792617611264,Un4v5s8bgsVk9Xp,1,ja,"2話分ネーム進んだ。
念の為もう少し椅子に座るのは
控えてネームやる。

カラー中断中で鬱。 https://t.co/M6hHs2skzE","2話分ネーム進んだ。
念の為もう少し椅子に座るのは
控えてネームやる。

カラー中断中で鬱。",1,1,https://pbs.twimg.com/media/GWYt05Ya0AADpZ7.jpg,,0,85231,739,0,https://x.com/Un4v5s8bgsVk9Xp/status/1830200690305597638,cdn.syndication.twimg.com/tweet-result,x_syndication_api_unauthenticated,2026-08-27T13:59:33.655462+00:00,1
1830541172475043912,2024-09-02T09:39:59.000Z,2024-09-02T09:39:59.985000+00:00,1528978792617611264,Un4v5s8bgsVk9Xp,1,ja,"脊髄辺りの骨が終盤のジェンガみたいに
頼りなく崩れそうな感覚のなかカラーを
再開。完了が先か崩壊が先か、明日の
ポストをお楽しみに。(腰痛ハイ)

#神宮テンション https://t.co/vb03iIBmiL","脊髄辺りの骨が終盤のジェンガみたいに
頼りなく崩れそうな感覚のなかカラーを
再開。完了が先か崩壊が先か、明日の
ポストをお楽しみに。(腰痛ハイ)

#神宮テンション",1,1,https://pbs.twimg.com/media/GWdjfZTa0AAnpF8.jpg,,0,73435,1148,0,https://x.com/Un4v5s8bgsVk9Xp/status/1830541172475043912,cdn.syndication.twimg.com/tweet-result,x_syndication_api_unauthenticated,2026-08-27T13:53:00.122757+00:00,12
1830900447047037252,2024-09-03T09:27:37.000Z,2024-09-03T09:27:37.718000+00:00,1528978792617611264,Un4v5s8bgsVk9Xp,1,ja,"おかげさまで編集さんに
カラー原稿を渡せました。

温かい励ましやお気遣いの
言葉、気持ちから力をいただき
ました。ありがとうございます。

腰はちゃんと悪化しました。 https://t.co/AnQiHSs0zN","おかげさまで編集さんに
カラー原稿を渡せました。

温かい励ましやお気遣いの
言葉、気持ちから力をいただき
ました。ありがとうございます。

腰はちゃんと悪化しました。",1,1,https://pbs.twimg.com/media/GWiqPkbaoAAxGpP.jpg,,0,355696,3662,0,https://x.com/Un4v5s8bgsVk9Xp/status/1830900447047037252,cdn.syndication.twimg.com/tweet-result,x_syndication_api_unauthenticated,2026-08-27T13:53:01.191835+00:00,16
1831346039175188725,2024-09-04T14:58:15.000Z,2024-09-04T14:58:15.160000+00:00,1528978792617611264,Un4v5s8bgsVk9Xp,1,ja,"更新間に合った。
もう1話分ネームが上がり、
話数的にきりが良いとこまで
きたので明日から原稿に
戻ろうと思います。 https://t.co/Zg67ZlKwWL","更新間に合った。
もう1話分ネームが上がり、
話数的にきりが良いとこまで
きたので明日から原稿に
戻ろうと思います。",1,1,https://pbs.twimg.com/media/GWo_gvVasAAD6Hm.jpg,,0,89678,1139,0,https://x.com/Un4v5s8bgsVk9Xp/status/1831346039175188725,cdn.syndication.twimg.com/tweet-result,x_syndication_api_unauthenticated,2026-08-27T13:59:34.656229+00:00,2
1831648845610283430,2024-09-05T11:01:29.000Z,2024-09-05T11:01:29.840000+00:00,1528978792617611264,Un4v5s8bgsVk9Xp,1,zxx,https://t.co/jjkqGMiXBG,,0,2,https://pbs.twimg.com/media/GWtS6V2XIAAGjLZ.jpg https://pbs.twimg.com/media/GWtS6V7WkAAKJAd.jpg,,0,90459,704,0,https://x.com/Un4v5s8bgsVk9Xp/status/1831648845610283430,cdn.syndication.twimg.com/tweet-result,x_syndication_api_unauthenticated,2026-08-27T13:53:02.197108+00:00,6
1831980618533732490,2024-09-06T08:59:50.000Z,2024-09-06T08:59:50.669000+00:00,1528978792617611264,Un4v5s8bgsVk9Xp,1,zxx,https://t.co/V21ioVF7h9,,0,1,https://pbs.twimg.com/media/GWyAqGtbYAA05iE.jpg,,0,62435,448,0,https://x.com/Un4v5s8bgsVk9Xp/status/1831980618533732490,cdn.syndication.twimg.com/tweet-result,x_syndication_api_unauthenticated,2026-08-27T13:53:03.201272+00:00,2
1832380555985646004,2024-09-07T11:29:03.000Z,2024-09-07T11:29:03.188000+00:00,1528978792617611264,Un4v5s8bgsVk9Xp,1,zxx,https://t.co/1N89n0GiG5,,0,1,https://pbs.twimg.com/media/GW3sZLKa8AEmBUM.jpg,,0,60062,424,0,https://x.com/Un4v5s8bgsVk9Xp/status/1832380555985646004,cdn.syndication.twimg.com/tweet-result,x_syndication_api_unauthenticated,2026-08-27T13:53:04.193906+00:00,2
1832721423561060572,2024-09-08T10:03:32.000Z,2024-09-08T10:03:32.351000+00:00,1528978792617611264,Un4v5s8bgsVk9Xp,1,ja,No.418、人物ペン入れ完了。 https://t.co/eJneoGk3DH,No.418、人物ペン入れ完了。,1,1,https://pbs.twimg.com/media/GW8iaziaYAAI4zO.jpg,418,1,63082,406,0,https://x.com/Un4v5s8bgsVk9Xp/status/1832721423561060572,cdn.syndication.twimg.com/tweet-result,x_syndication_api_unauthenticated,2026-08-27T13:53:05.176331+00:00,1
1833056800805151041,2024-09-09T08:16:12.000Z,2024-09-09T08:16:12.517000+00:00,1528978792617611264,Un4v5s8bgsVk9Xp,1,ja,No.419、人物ペン入れ開始。 https://t.co/VrmK069lLI,No.419、人物ペン入れ開始。,1,1,https://pbs.twimg.com/media/GXBTbS0aIAAoBlj.jpg,419,1,61233,442,0,https://x.com/Un4v5s8bgsVk9Xp/status/1833056800805151041,cdn.syndication.twimg.com/tweet-result,x_syndication_api_unauthenticated,2026-08-27T13:53:06.158824+00:00,2
1833426874980306991,2024-09-10T08:46:45.000Z,2024-09-10T08:46:45.076000+00:00,1528978792617611264,Un4v5s8bgsVk9Xp,1,zxx,https://t.co/33Dn9h9qtd,,0,1,https://pbs.twimg.com/media/GXGkBN8bEAEHgkD.jpg,,0,58762,356,0,https://x.com/Un4v5s8bgsVk9Xp/status/1833426874980306991,cdn.syndication.twimg.com/tweet-result,x_syndication_api_unauthenticated,2026-08-27T13:53:07.203540+00:00,1
1833780260783223177,2024-09-11T08:10:58.000Z,2024-09-11T08:10:58.817000+00:00,1528978792617611264,Un4v5s8bgsVk9Xp,1,ja,"夜中に散歩してたら　いきなり
ぶつかってきて何も言わずに
姿を消した。

数日前は全身黄緑でカマ持った
奴に同じ事された。東京ヤバい。 https://t.co/tAU5iwca4L","夜中に散歩してたら　いきなり
ぶつかってきて何も言わずに
姿を消した。

数日前は全身黄緑でカマ持った
奴に同じ事された。東京ヤバい。",1,2,https://pbs.twimg.com/media/GXLlbKlaEAEdqDh.jpg https://pbs.twimg.com/media/GXLlbKkbUAAulWX.jpg,,0,134267,1181,0,https://x.com/Un4v5s8bgsVk9Xp/status/1833780260783223177,cdn.syndication.twimg.com/tweet-result,x_syndication_api_unauthenticated,2026-08-27T13:53:08.198795+00:00,7
1834174699338858589,2024-09-12T10:18:20.000Z,2024-09-12T10:18:20.297000+00:00,1528978792617611264,Un4v5s8bgsVk9Xp,1,zxx,https://t.co/h1glbb6ZT7,,0,1,https://pbs.twimg.com/media/GXRMKaIbgAEpJlX.jpg,,0,423816,2456,0,https://x.com/Un4v5s8bgsVk9Xp/status/1834174699338858589,cdn.syndication.twimg.com/tweet-result,x_syndication_api_unauthenticated,2026-08-27T13:53:09.188359+00:00,17
1834532700780429764,2024-09-13T10:00:54.000Z,2024-09-13T10:00:54.492000+00:00,1528978792617611264,Un4v5s8bgsVk9Xp,1,zxx,https://t.co/IIQ3AX37X6,,0,1,https://pbs.twimg.com/media/GXWRwQEbsAANcF-.jpg,,0,56350,360,0,https://x.com/Un4v5s8bgsVk9Xp/status/1834532700780429764,cdn.syndication.twimg.com/tweet-result,x_syndication_api_unauthenticated,2026-08-27T13:53:10.226199+00:00,1
1834533549246206406,2024-09-13T10:04:16.000Z,2024-09-13T10:04:16.782000+00:00,1528978792617611264,Un4v5s8bgsVk9Xp,1,ja,"皆さまが想いを馳せる一助となれば
幸いです。 https://t.co/OJmmjI6Rpd","皆さまが想いを馳せる一助となれば
幸いです。",1,1,https://pbs.twimg.com/media/GXWSh7BbEAAyYiz.jpg,,0,400960,1872,0,https://x.com/Un4v5s8bgsVk9Xp/status/1834533549246206406,cdn.syndication.twimg.com/tweet-result,x_syndication_api_unauthenticated,2026-08-27T13:53:11.212441+00:00,15
1834886992758555072,2024-09-14T09:28:44.000Z,2024-09-14T09:28:44.282000+00:00,1528978792617611264,Un4v5s8bgsVk9Xp,1,zxx,https://t.co/2HDMy7Bji4,,0,1,https://pbs.twimg.com/media/GXbT_eVbgAA7l1v.jpg,,0,58083,470,0,https://x.com/Un4v5s8bgsVk9Xp/status/1834886992758555072,cdn.syndication.twimg.com/tweet-result,x_syndication_api_unauthenticated,2026-08-27T13:53:12.217879+00:00,1
1835237596362060120,2024-09-15T08:41:54.000Z,2024-09-15T08:41:54.695000+00:00,1528978792617611264,Un4v5s8bgsVk9Xp,1,zxx,https://t.co/pBlenlkMyE,,0,1,https://pbs.twimg.com/media/GXgS3U-bEAAyKwh.jpg,,0,60736,415,0,https://x.com/Un4v5s8bgsVk9Xp/status/1835237596362060120,cdn.syndication.twimg.com/tweet-result,x_syndication_api_unauthenticated,2026-08-27T13:53:13.234718+00:00,1
1835590695081427080,2024-09-16T08:04:59.000Z,2024-09-16T08:04:59.990000+00:00,1528978792617611264,Un4v5s8bgsVk9Xp,1,zxx,https://t.co/6Zo6tkZ1wS,,0,1,https://pbs.twimg.com/media/GXlUAUfbwAA_qjR.jpg,,0,68395,431,0,https://x.com/Un4v5s8bgsVk9Xp/status/1835590695081427080,cdn.syndication.twimg.com/tweet-result,x_syndication_api_unauthenticated,2026-08-27T13:53:14.239269+00:00,1
1835953584006914296,2024-09-17T08:06:59.000Z,2024-09-17T08:06:59.452000+00:00,1528978792617611264,Un4v5s8bgsVk9Xp,1,ja,"パース付きの複数人描くコマが
連続して苦戦中。

#ゲボ出そうです https://t.co/pPtgOfOvvT","パース付きの複数人描くコマが
連続して苦戦中。

#ゲボ出そうです",1,1,https://pbs.twimg.com/media/GXqeDRxboAAKLlc.jpg,,0,62994,491,0,https://x.com/Un4v5s8bgsVk9Xp/status/1835953584006914296,cdn.syndication.twimg.com/tweet-result,x_syndication_api_unauthenticated,2026-08-27T13:53:15.397774+00:00,2
1836344533979926813,2024-09-18T10:00:29.000Z,2024-09-18T10:00:29.189000+00:00,1528978792617611264,Un4v5s8bgsVk9Xp,1,zxx,https://t.co/ag9KuMfXg2,,0,1,https://pbs.twimg.com/media/GXwBnjoa4AA4d2i.jpg,,0,58723,345,0,https://x.com/Un4v5s8bgsVk9Xp/status/1836344533979926813,cdn.syndication.twimg.com/tweet-result,x_syndication_api_unauthenticated,2026-08-27T13:53:16.421873+00:00,1
1836677429173325882,2024-09-19T08:03:17.000Z,2024-09-19T08:03:17.588000+00:00,1528978792617611264,Un4v5s8bgsVk9Xp,1,zxx,https://t.co/RJNI0u5JtR,,0,1,https://pbs.twimg.com/media/GX0wYmCakAA1Hhy.jpg,,0,60527,406,0,https://x.com/Un4v5s8bgsVk9Xp/status/1836677429173325882,cdn.syndication.twimg.com/tweet-result,x_syndication_api_unauthenticated,2026-08-27T13:53:17.424778+00:00,1
1837318279750373841,2024-09-21T02:29:48.000Z,2024-09-21T02:29:48.272000+00:00,1528978792617611264,Un4v5s8bgsVk9Xp,1,ja,"仕事場が綺麗になりました。
どこに何があるかわからず
全く落ち着きません。
しばらくお待ちください。 https://t.co/QDCLizdsY9","仕事場が綺麗になりました。
どこに何があるかわからず
全く落ち着きません。
しばらくお待ちください。",1,1,https://pbs.twimg.com/media/GX93PE1bYAA_h7u.jpg,,0,76114,578,0,https://x.com/Un4v5s8bgsVk9Xp/status/1837318279750373841,cdn.syndication.twimg.com/tweet-result,x_syndication_api_unauthenticated,2026-08-27T13:53:18.418600+00:00,10
1837403141085843516,2024-09-21T08:07:00.000Z,2024-09-21T08:07:00.791000+00:00,1528978792617611264,Un4v5s8bgsVk9Xp,1,ja,無事元通りに整理(ちらか)しました。 https://t.co/Iru5YO3AbJ,無事元通りに整理(ちらか)しました。,1,1,https://pbs.twimg.com/media/GX_EamJb0AAWGr6.jpg,,0,64385,502,0,https://x.com/Un4v5s8bgsVk9Xp/status/1837403141085843516,cdn.syndication.twimg.com/tweet-result,x_syndication_api_unauthenticated,2026-08-27T13:53:19.412702+00:00,1
1837802566245400912,2024-09-22T10:34:11.000Z,2024-09-22T10:34:11.170000+00:00,1528978792617611264,Un4v5s8bgsVk9Xp,1,ja,No.419、人物ペン入れ完了。 https://t.co/2gO9wBly8W,No.419、人物ペン入れ完了。,1,1,https://pbs.twimg.com/media/GYEvsMlboAAd6pq.jpg,419,1,62365,420,0,https://x.com/Un4v5s8bgsVk9Xp/status/1837802566245400912,cdn.syndication.twimg.com/tweet-result,x_syndication_api_unauthenticated,2026-08-27T13:53:20.420767+00:00,1
1838127655432184208,2024-09-23T08:05:58.000Z,2024-09-23T08:05:58.472000+00:00,1528978792617611264,Un4v5s8bgsVk9Xp,1,ja,No.420、人物ペン入れ開始。 https://t.co/EDwqsaLdA3,No.420、人物ペン入れ開始。,1,1,https://pbs.twimg.com/media/GYJXWw9b0AANhAk.jpg,420,1,65534,478,0,https://x.com/Un4v5s8bgsVk9Xp/status/1838127655432184208,cdn.syndication.twimg.com/tweet-result,x_syndication_api_unauthenticated,2026-08-27T13:53:21.414451+00:00,9
1838489345403330861,2024-09-24T08:03:12.000Z,2024-09-24T08:03:12.081000+00:00,1528978792617611264,Un4v5s8bgsVk9Xp,1,ja,No.405、加筆終了、完成。 https://t.co/heCikXKZnZ,No.405、加筆終了、完成。,1,1,https://pbs.twimg.com/media/GYOgT3daIAAMCNL.jpg,405,1,68578,313,0,https://x.com/Un4v5s8bgsVk9Xp/status/1838489345403330861,cdn.syndication.twimg.com/tweet-result,x_syndication_api_unauthenticated,2026-08-27T13:53:22.433144+00:00,6
1838491011108213023,2024-09-24T08:09:49.000Z,2024-09-24T08:09:49.216000+00:00,1528978792617611264,Un4v5s8bgsVk9Xp,1,ja,"現在の原稿作成のおおまかな流れは

アナログで人物ペン入れ
　　↓
アナログで背景
　　↓
デジタルで背景・効果・装飾
　　↓
プリントアウト原稿に加筆

となっております。 https://t.co/tHdikAtyqr","現在の原稿作成のおおまかな流れは

アナログで人物ペン入れ
　　↓
アナログで背景
　　↓
デジタルで背景・効果・装飾
　　↓
プリントアウト原稿に加筆

となっております。",1,1,https://pbs.twimg.com/media/GYOh0-ubgAAXrrQ.jpg,,0,62159,393,0,https://x.com/Un4v5s8bgsVk9Xp/status/1838491011108213023,cdn.syndication.twimg.com/tweet-result,x_syndication_api_unauthenticated,2026-08-27T13:53:23.431623+00:00,11
1838851210801246321,2024-09-25T08:01:07.000Z,2024-09-25T08:01:07.515000+00:00,1528978792617611264,Un4v5s8bgsVk9Xp,1,zxx,https://t.co/Bpt9rQMLi5,,0,1,https://pbs.twimg.com/media/GYTpbTOasAAb0kB.jpg,,0,57249,315,0,https://x.com/Un4v5s8bgsVk9Xp/status/1838851210801246321,cdn.syndication.twimg.com/tweet-result,x_syndication_api_unauthenticated,2026-08-27T13:53:24.438511+00:00,1
1839217283606131150,2024-09-26T08:15:46.000Z,2024-09-26T08:15:46.073000+00:00,1528978792617611264,Un4v5s8bgsVk9Xp,1,zxx,https://t.co/cDCto4077I,,0,1,https://pbs.twimg.com/media/GYY2XgJXMAAv1K8.jpg,,0,58131,347,0,https://x.com/Un4v5s8bgsVk9Xp/status/1839217283606131150,cdn.syndication.twimg.com/tweet-result,x_syndication_api_unauthenticated,2026-08-27T13:53:25.449362+00:00,2
1839602562120712194,2024-09-27T09:46:43.000Z,2024-09-27T09:46:43.629000+00:00,1528978792617611264,Un4v5s8bgsVk9Xp,1,zxx,https://t.co/LAVmHU8eYa,,0,1,https://pbs.twimg.com/media/GYeUxZjakAA-UCQ.jpg,,0,60327,322,0,https://x.com/Un4v5s8bgsVk9Xp/status/1839602562120712194,cdn.syndication.twimg.com/tweet-result,x_syndication_api_unauthenticated,2026-08-27T13:53:26.470363+00:00,2
1839938838791368773,2024-09-28T08:02:58.000Z,2024-09-28T08:02:58.235000+00:00,1528978792617611264,Un4v5s8bgsVk9Xp,1,zxx,https://t.co/ynzGZIoH5v,,0,1,https://pbs.twimg.com/media/GYjGnpqasAIB2Av.jpg,,0,59002,342,0,https://x.com/Un4v5s8bgsVk9Xp/status/1839938838791368773,cdn.syndication.twimg.com/tweet-result,x_syndication_api_unauthenticated,2026-08-27T13:53:27.462388+00:00,3
1840385228080046407,2024-09-29T13:36:45.000Z,2024-09-29T13:36:45.735000+00:00,1528978792617611264,Un4v5s8bgsVk9Xp,1,ja,"No.420、人物ペン入れ完了。

未掲載の20話分まで人物が
入りました。

背景に関わるのは最小限にして
引き続きペン入れ進行中です。

掲載のペースは編集部の方に
一任しております。

年内にあと10話分のペン入れ完了が
目標です。 https://t.co/vdNNsr7UA4","No.420、人物ペン入れ完了。

未掲載の20話分まで人物が
入りました。

背景に関わるのは最小限にして
引き続きペン入れ進行中です。

掲載のペースは編集部の方に
一任しております。

年内にあと10話分のペン入れ完了が
目標です。",1,1,https://pbs.twimg.com/media/GYpcmpia8AAjKR1.jpg,420,1,76844,963,0,https://x.com/Un4v5s8bgsVk9Xp/status/1840385228080046407,cdn.syndication.twimg.com/tweet-result,x_syndication_api_unauthenticated,2026-08-27T13:53:28.469235+00:00,16
1840702596706898044,2024-09-30T10:37:52.000Z,2024-09-30T10:37:52.312000+00:00,1528978792617611264,Un4v5s8bgsVk9Xp,1,ja,No.421、人物ペン入れ開始。 https://t.co/Xy4tKDJyyP,No.421、人物ペン入れ開始。,1,1,https://pbs.twimg.com/media/GYt9QNJbUAApJlU.jpg,421,1,58613,405,0,https://x.com/Un4v5s8bgsVk9Xp/status/1840702596706898044,cdn.syndication.twimg.com/tweet-result,x_syndication_api_unauthenticated,2026-08-27T13:53:29.498448+00:00,3
1841074277870944293,2024-10-01T11:14:48.000Z,2024-10-01T11:14:48.007000+00:00,1528978792617611264,Un4v5s8bgsVk9Xp,1,zxx,https://t.co/Jh1FtxbVsx,,0,1,https://pbs.twimg.com/media/GYzPSy6bQAEz2nr.jpg,,0,57080,329,0,https://x.com/Un4v5s8bgsVk9Xp/status/1841074277870944293,cdn.syndication.twimg.com/tweet-result,x_syndication_api_unauthenticated,2026-08-27T13:53:30.470946+00:00,2
1841427298068930625,2024-10-02T10:37:34.000Z,2024-10-02T10:37:34.581000+00:00,1528978792617611264,Un4v5s8bgsVk9Xp,1,zxx,https://t.co/eiNcHooinS,,0,1,https://pbs.twimg.com/media/GY4QXHWboAA1D5r.jpg,,0,54322,287,0,https://x.com/Un4v5s8bgsVk9Xp/status/1841427298068930625,cdn.syndication.twimg.com/tweet-result,x_syndication_api_unauthenticated,2026-08-27T13:53:31.481747+00:00,1
1841771494793216024,2024-10-03T09:25:17.000Z,2024-10-03T09:25:17.475000+00:00,1528978792617611264,Un4v5s8bgsVk9Xp,1,zxx,https://t.co/9wEJpJXNoB,,0,1,https://pbs.twimg.com/media/GY9JaB_awAA0Pil.jpg,,0,54831,319,0,https://x.com/Un4v5s8bgsVk9Xp/status/1841771494793216024,cdn.syndication.twimg.com/tweet-result,x_syndication_api_unauthenticated,2026-08-27T13:53:32.502149+00:00,4
1842182988823699493,2024-10-04T12:40:25.000Z,2024-10-04T12:40:25.297000+00:00,1528978792617611264,Un4v5s8bgsVk9Xp,1,zxx,https://t.co/2buvA6xol9,,0,1,https://pbs.twimg.com/media/GZC_qZ9akAA9ihI.jpg,,0,55249,377,0,https://x.com/Un4v5s8bgsVk9Xp/status/1842182988823699493,cdn.syndication.twimg.com/tweet-result,x_syndication_api_unauthenticated,2026-08-27T13:53:33.498606+00:00,2
1842526216286572951,2024-10-05T11:24:17.000Z,2024-10-05T11:24:17.101000+00:00,1528978792617611264,Un4v5s8bgsVk9Xp,1,zxx,https://t.co/oFDPr55Mxb,,0,1,https://pbs.twimg.com/media/GZH30bKbcAAG2bC.jpg,,0,57061,331,0,https://x.com/Un4v5s8bgsVk9Xp/status/1842526216286572951,cdn.syndication.twimg.com/tweet-result,x_syndication_api_unauthenticated,2026-08-27T13:53:34.647829+00:00,4
1842846392790000107,2024-10-06T08:36:33.000Z,2024-10-06T08:36:33.128000+00:00,1528978792617611264,Un4v5s8bgsVk9Xp,1,zxx,https://t.co/qE08D7Duxx,,0,1,https://pbs.twimg.com/media/GZMbBcrbIAAXV0J.jpg,,0,54451,319,0,https://x.com/Un4v5s8bgsVk9Xp/status/1842846392790000107,cdn.syndication.twimg.com/tweet-result,x_syndication_api_unauthenticated,2026-08-27T13:53:35.670121+00:00,6
1843201422437028274,2024-10-07T08:07:18.000Z,2024-10-07T08:07:18.792000+00:00,1528978792617611264,Un4v5s8bgsVk9Xp,1,zxx,https://t.co/zKbRyZSPVc,,0,1,https://pbs.twimg.com/media/GZRd67Ka0AAGbZ4.jpg,,0,58301,365,0,https://x.com/Un4v5s8bgsVk9Xp/status/1843201422437028274,cdn.syndication.twimg.com/tweet-result,x_syndication_api_unauthenticated,2026-08-27T13:59:35.647970+00:00,1
1843568558225404363,2024-10-08T08:26:10.000Z,2024-10-08T08:26:10.785000+00:00,1528978792617611264,Un4v5s8bgsVk9Xp,1,zxx,https://t.co/vQaxMIsqat,,0,1,https://pbs.twimg.com/media/GZWr1IvasAEZOu6.jpg,,0,58919,296,0,https://x.com/Un4v5s8bgsVk9Xp/status/1843568558225404363,cdn.syndication.twimg.com/tweet-result,x_syndication_api_unauthenticated,2026-08-27T13:59:36.654021+00:00,1
1843951637456625696,2024-10-09T09:48:23.000Z,2024-10-09T09:48:23.991000+00:00,1528978792617611264,Un4v5s8bgsVk9Xp,1,ja,No.421、人物ペン入れ完了。 https://t.co/PaV1mnp4P1,No.421、人物ペン入れ完了。,1,1,https://pbs.twimg.com/media/GZcIO-xaQAAjthU.jpg,421,1,57603,369,0,https://x.com/Un4v5s8bgsVk9Xp/status/1843951637456625696,cdn.syndication.twimg.com/tweet-result,x_syndication_api_unauthenticated,2026-08-27T13:53:36.662108+00:00,1
1844302318327759090,2024-10-10T09:01:52.000Z,2024-10-10T09:01:52.826000+00:00,1528978792617611264,Un4v5s8bgsVk9Xp,1,zxx,https://t.co/Z1fLeXApDW,,0,1,https://pbs.twimg.com/media/GZhHLQfa0AA1PK1.jpg,,0,54151,273,0,https://x.com/Un4v5s8bgsVk9Xp/status/1844302318327759090,cdn.syndication.twimg.com/tweet-result,x_syndication_api_unauthenticated,2026-08-27T13:59:37.662102+00:00,1
1844335604630495410,2024-10-10T11:14:08.000Z,2024-10-10T11:14:08.899000+00:00,1528978792617611264,Un4v5s8bgsVk9Xp,1,ja,"あ、No422、人物ペン入れ開始です。
書き忘れました。 https://t.co/MZQLXPNt1C","あ、No422、人物ペン入れ開始です。
書き忘れました。",1,1,https://pbs.twimg.com/media/GZhldDzaAAIZGfW.jpg,422,1,140836,751,0,https://x.com/Un4v5s8bgsVk9Xp/status/1844335604630495410,api.x.com/2/users/:id/tweets,x_api_v2_bearer,2026-08-28T03:45:20.991078+00:00,0
1844660092039569635,2024-10-11T08:43:32.000Z,2024-10-11T08:43:32.726000+00:00,1528978792617611264,Un4v5s8bgsVk9Xp,1,zxx,https://t.co/B15pJePsnA,,0,1,https://pbs.twimg.com/media/GZmMkb9aEAASBEg.jpg,,0,57756,312,0,https://x.com/Un4v5s8bgsVk9Xp/status/1844660092039569635,cdn.syndication.twimg.com/tweet-result,x_syndication_api_unauthenticated,2026-08-27T13:53:37.674707+00:00,1
1845098019890586057,2024-10-12T13:43:42.000Z,2024-10-12T13:43:42.862000+00:00,1528978792617611264,Un4v5s8bgsVk9Xp,1,zxx,https://t.co/ypPhfLmXRn,,0,1,https://pbs.twimg.com/media/GZsa3jEaAAAvmoe.jpg,,0,57402,322,0,https://x.com/Un4v5s8bgsVk9Xp/status/1845098019890586057,cdn.syndication.twimg.com/tweet-result,x_syndication_api_unauthenticated,2026-08-27T13:53:38.678894+00:00,1
1845382523981083111,2024-10-13T08:34:13.000Z,2024-10-13T08:34:13.923000+00:00,1528978792617611264,Un4v5s8bgsVk9Xp,1,ja,待ち伏せされました。 https://t.co/2pzzH0wETY,待ち伏せされました。,1,2,https://pbs.twimg.com/media/GZwdnjDa0AAoGEl.jpg https://pbs.twimg.com/media/GZwdni-aAAIaEZf.jpg,,0,60321,521,0,https://x.com/Un4v5s8bgsVk9Xp/status/1845382523981083111,cdn.syndication.twimg.com/tweet-result,x_syndication_api_unauthenticated,2026-08-27T13:53:39.689399+00:00,1
1845749854292840874,2024-10-14T08:53:52.000Z,2024-10-14T08:53:52.294000+00:00,1528978792617611264,Un4v5s8bgsVk9Xp,1,zxx,https://t.co/RqSPRAjtYX,,0,1,https://pbs.twimg.com/media/GZ1rtTNbUAA0fYo.jpg,,0,56064,303,0,https://x.com/Un4v5s8bgsVk9Xp/status/1845749854292840874,api.x.com/2/users/:id/tweets,x_api_v2_bearer,2026-08-28T03:45:20.990476+00:00,0
1846118283449446869,2024-10-15T09:17:52.000Z,2024-10-15T09:17:52.650000+00:00,1528978792617611264,Un4v5s8bgsVk9Xp,1,zxx,https://t.co/UHHU0veaVb,,0,1,https://pbs.twimg.com/media/GZ66yiPbEAA8yCq.jpg,,0,56285,270,0,https://x.com/Un4v5s8bgsVk9Xp/status/1846118283449446869,api.x.com/2/users/:id/tweets,x_api_v2_bearer,2026-08-28T03:45:20.988808+00:00,0
1846466366150529357,2024-10-16T08:21:02.000Z,2024-10-16T08:21:02.033000+00:00,1528978792617611264,Un4v5s8bgsVk9Xp,1,zxx,https://t.co/uBLOWaqonW,,0,1,https://pbs.twimg.com/media/GZ_3XwhacAAShrP.jpg,,0,55647,296,0,https://x.com/Un4v5s8bgsVk9Xp/status/1846466366150529357,api.x.com/2/users/:id/tweets,x_api_v2_bearer,2026-08-28T03:45:20.987896+00:00,0
1846836490732818622,2024-10-17T08:51:46.000Z,2024-10-17T08:51:46.610000+00:00,1528978792617611264,Un4v5s8bgsVk9Xp,1,zxx,https://t.co/cdkp9Z1fVw,,0,1,https://pbs.twimg.com/media/GaFH_wNb0AE_h69.jpg,,0,56078,278,0,https://x.com/Un4v5s8bgsVk9Xp/status/1846836490732818622,api.x.com/2/users/:id/tweets,x_api_v2_bearer,2026-08-28T03:45:20.987061+00:00,0
1847277399219802336,2024-10-18T14:03:47.000Z,2024-10-18T14:03:47.385000+00:00,1528978792617611264,Un4v5s8bgsVk9Xp,1,zxx,https://t.co/kfhAJkmvqn,,0,1,https://pbs.twimg.com/media/GaLY__ybAAAeLrr.jpg,,0,58940,337,0,https://x.com/Un4v5s8bgsVk9Xp/status/1847277399219802336,api.x.com/2/users/:id/tweets,x_api_v2_bearer,2026-08-28T03:45:20.985795+00:00,0
1847565065920434615,2024-10-19T09:06:52.000Z,2024-10-19T09:06:52.471000+00:00,1528978792617611264,Un4v5s8bgsVk9Xp,1,ja,"No.422人物ペン入れ完了。
No.423人物ペン入れ開始。 https://t.co/AasT9oi0Uc","No.422人物ペン入れ完了。
No.423人物ペン入れ開始。",1,1,https://pbs.twimg.com/media/GaPeoVzbQAARp5V.jpg,422 423,2,57275,403,0,https://x.com/Un4v5s8bgsVk9Xp/status/1847565065920434615,cdn.syndication.twimg.com/tweet-result,x_syndication_api_unauthenticated,2026-08-27T13:53:40.665388+00:00,2
1847921641529225252,2024-10-20T08:43:46.000Z,2024-10-20T08:43:46.721000+00:00,1528978792617611264,Un4v5s8bgsVk9Xp,1,zxx,https://t.co/889PAazCcx,,0,1,https://pbs.twimg.com/media/GaUi72aaMAAc62_.jpg,,0,56346,283,0,https://x.com/Un4v5s8bgsVk9Xp/status/1847921641529225252,api.x.com/2/users/:id/tweets,x_api_v2_bearer,2026-08-28T03:45:20.985204+00:00,0
1848276953876631635,2024-10-21T08:15:39.000Z,2024-10-21T08:15:39.786000+00:00,1528978792617611264,Un4v5s8bgsVk9Xp,1,zxx,https://t.co/UufHliqVGT,,0,1,https://pbs.twimg.com/media/GaZmF1waEAA1nlz.jpg,,0,54483,282,0,https://x.com/Un4v5s8bgsVk9Xp/status/1848276953876631635,cdn.syndication.twimg.com/tweet-result,x_syndication_api_unauthenticated,2026-08-27T13:53:41.664554+00:00,1
1848660768562286799,2024-10-22T09:40:48.000Z,2024-10-22T09:40:48.338000+00:00,1528978792617611264,Un4v5s8bgsVk9Xp,1,ja,"温かい返信やお手紙ありがとう
ございます。 https://t.co/WsgO51stRV","温かい返信やお手紙ありがとう
ございます。",1,1,https://pbs.twimg.com/media/GafDKuzbEAE3U-F.jpg,,0,87770,697,0,https://x.com/Un4v5s8bgsVk9Xp/status/1848660768562286799,cdn.syndication.twimg.com/tweet-result,x_syndication_api_unauthenticated,2026-08-27T13:53:42.659011+00:00,2
1849027649039188449,2024-10-23T09:58:39.000Z,2024-10-23T09:58:39.460000+00:00,1528978792617611264,Un4v5s8bgsVk9Xp,1,zxx,https://t.co/zsmxUb81Xj,,0,1,https://pbs.twimg.com/media/GakQ1-aa0AAMoq_.jpg,,0,63265,425,0,https://x.com/Un4v5s8bgsVk9Xp/status/1849027649039188449,cdn.syndication.twimg.com/tweet-result,x_syndication_api_unauthenticated,2026-08-27T13:53:43.658175+00:00,1
1849380852440215626,2024-10-24T09:22:09.000Z,2024-10-24T09:22:09.713000+00:00,1528978792617611264,Un4v5s8bgsVk9Xp,1,zxx,https://t.co/tSibTqoyuK,,0,1,https://pbs.twimg.com/media/GapSFHxaIAA2SYF.jpg,,0,64651,315,0,https://x.com/Un4v5s8bgsVk9Xp/status/1849380852440215626,api.x.com/2/users/:id/tweets,x_api_v2_bearer,2026-08-28T03:45:20.984454+00:00,0
1849530005652652319,2024-10-24T19:14:50.000Z,2024-10-24T19:14:50.610000+00:00,1528978792617611264,Un4v5s8bgsVk9Xp,1,ja,No.406、加筆終了。完成。 https://t.co/wsTnt7S78B,No.406、加筆終了。完成。,1,1,https://pbs.twimg.com/media/GarZu9maAAITJno.jpg,406,1,161533,896,0,https://x.com/Un4v5s8bgsVk9Xp/status/1849530005652652319,cdn.syndication.twimg.com/tweet-result,x_syndication_api_unauthenticated,2026-08-27T13:53:44.641967+00:00,9
1849610698692886537,2024-10-25T00:35:29.000Z,2024-10-25T00:35:29.330000+00:00,1528978792617611264,Un4v5s8bgsVk9Xp,1,ja,No.407、加筆終了。完成。 https://t.co/ByT2in3pq8,No.407、加筆終了。完成。,1,1,https://pbs.twimg.com/media/GasjHrTbsAAtjZ2.jpg,407,1,82482,602,0,https://x.com/Un4v5s8bgsVk9Xp/status/1849610698692886537,cdn.syndication.twimg.com/tweet-result,x_syndication_api_unauthenticated,2026-08-27T13:53:45.625238+00:00,5
1849740459159191597,2024-10-25T09:11:06.000Z,2024-10-25T09:11:06.636000+00:00,1528978792617611264,Un4v5s8bgsVk9Xp,1,zxx,https://t.co/fF9ML2ZOjl,,0,1,https://pbs.twimg.com/media/GauZJAlaAAQacJ4.jpg,,0,176558,887,0,https://x.com/Un4v5s8bgsVk9Xp/status/1849740459159191597,cdn.syndication.twimg.com/tweet-result,x_syndication_api_unauthenticated,2026-08-27T13:53:46.609448+00:00,5
1850136722241425490,2024-10-26T11:25:43.000Z,2024-10-26T11:25:43.117000+00:00,1528978792617611264,Un4v5s8bgsVk9Xp,1,zxx,https://t.co/AGp6BaP1Tk,,0,1,https://pbs.twimg.com/media/Ga0BijdbsAATIqj.jpg,,0,207500,816,0,https://x.com/Un4v5s8bgsVk9Xp/status/1850136722241425490,cdn.syndication.twimg.com/tweet-result,x_syndication_api_unauthenticated,2026-08-27T13:53:47.589223+00:00,1
1850465656988475814,2024-10-27T09:12:47.000Z,2024-10-27T09:12:47.272000+00:00,1528978792617611264,Un4v5s8bgsVk9Xp,1,zxx,https://t.co/1YT7Ouzqre,,0,1,https://pbs.twimg.com/media/Ga4stG4a0AAfh1X.jpg,,0,153746,692,0,https://x.com/Un4v5s8bgsVk9Xp/status/1850465656988475814,cdn.syndication.twimg.com/tweet-result,x_syndication_api_unauthenticated,2026-08-27T13:53:48.589144+00:00,5
1850819123699401039,2024-10-28T08:37:20.000Z,2024-10-28T08:37:20.303000+00:00,1528978792617611264,Un4v5s8bgsVk9Xp,1,ja,No.423、人物ペン入れ完了。 https://t.co/FMybDff4eN,No.423、人物ペン入れ完了。,1,1,https://pbs.twimg.com/media/Ga9uLjLa4AA2Do_.jpg,423,1,155833,758,0,https://x.com/Un4v5s8bgsVk9Xp/status/1850819123699401039,cdn.syndication.twimg.com/tweet-result,x_syndication_api_unauthenticated,2026-08-27T13:53:49.612752+00:00,5
1851209920206815281,2024-10-29T10:30:13.000Z,2024-10-29T10:30:13.451000+00:00,1528978792617611264,Un4v5s8bgsVk9Xp,1,ja,No.424、人物ペン入れ開始。 https://t.co/DRYP9GPRKu,No.424、人物ペン入れ開始。,1,1,https://pbs.twimg.com/media/GbDRm0ZaMAAxBF1.jpg,424,1,220107,1223,0,https://x.com/Un4v5s8bgsVk9Xp/status/1851209920206815281,cdn.syndication.twimg.com/tweet-result,x_syndication_api_unauthenticated,2026-08-27T13:53:50.635063+00:00,6
1851536123706941636,2024-10-30T08:06:26.000Z,2024-10-30T08:06:26.426000+00:00,1528978792617611264,Un4v5s8bgsVk9Xp,1,zxx,https://t.co/kXhtCy3YQR,,0,1,https://pbs.twimg.com/media/GbH6SYbagAAdaO_.jpg,,0,192630,969,0,https://x.com/Un4v5s8bgsVk9Xp/status/1851536123706941636,cdn.syndication.twimg.com/tweet-result,x_syndication_api_unauthenticated,2026-08-27T13:53:51.645875+00:00,7
1851926903923577299,2024-10-31T09:59:15.000Z,2024-10-31T09:59:15.690000+00:00,1528978792617611264,Un4v5s8bgsVk9Xp,1,zxx,https://t.co/AGiUBz4IvT,,0,1,https://pbs.twimg.com/media/GbNdszxakAYQFXq.jpg,,0,215838,979,0,https://x.com/Un4v5s8bgsVk9Xp/status/1851926903923577299,cdn.syndication.twimg.com/tweet-result,x_syndication_api_unauthenticated,2026-08-27T13:53:52.636367+00:00,6
1852330736583692500,2024-11-01T12:43:56.000Z,2024-11-01T12:43:56.899000+00:00,1528978792617611264,Un4v5s8bgsVk9Xp,1,zxx,https://t.co/mEfnpyH6Ng,,0,1,https://pbs.twimg.com/media/GbTM-dvakAAQfA4.jpg,,0,192291,906,0,https://x.com/Un4v5s8bgsVk9Xp/status/1852330736583692500,cdn.syndication.twimg.com/tweet-result,x_syndication_api_unauthenticated,2026-08-27T13:53:53.646816+00:00,2
1852646493074702518,2024-11-02T09:38:39.000Z,2024-11-02T09:38:39.113000+00:00,1528978792617611264,Un4v5s8bgsVk9Xp,1,zxx,https://t.co/EwGbfKz3wo,,0,1,https://pbs.twimg.com/media/GbXsKCka4AAWBvU.jpg,,0,206883,963,0,https://x.com/Un4v5s8bgsVk9Xp/status/1852646493074702518,cdn.syndication.twimg.com/tweet-result,x_syndication_api_unauthenticated,2026-08-27T13:53:54.636519+00:00,8
1853010843467960685,2024-11-03T09:46:27.000Z,2024-11-03T09:46:27.016000+00:00,1528978792617611264,Un4v5s8bgsVk9Xp,1,zxx,https://t.co/FFFxW56Y4B,,0,1,https://pbs.twimg.com/media/Gbc3iZHboAAQoeD.jpg,,0,226179,1036,0,https://x.com/Un4v5s8bgsVk9Xp/status/1853010843467960685,cdn.syndication.twimg.com/tweet-result,x_syndication_api_unauthenticated,2026-08-27T13:53:55.638111+00:00,5
1853392073246011796,2024-11-04T11:01:19.000Z,2024-11-04T11:01:19.278000+00:00,1528978792617611264,Un4v5s8bgsVk9Xp,1,zxx,https://t.co/lmmZjwsgCK,,0,1,https://pbs.twimg.com/media/GbiSQodbQAAj_jp.jpg,,0,196042,850,0,https://x.com/Un4v5s8bgsVk9Xp/status/1853392073246011796,cdn.syndication.twimg.com/tweet-result,x_syndication_api_unauthenticated,2026-08-27T13:59:38.666897+00:00,1
1853779871308411363,2024-11-05T12:42:17.000Z,2024-11-05T12:42:17.541000+00:00,1528978792617611264,Un4v5s8bgsVk9Xp,1,zxx,https://t.co/eSRNabmP3j,,0,1,https://pbs.twimg.com/media/Gbny9krbEAAxPLd.jpg,,0,225286,1034,0,https://x.com/Un4v5s8bgsVk9Xp/status/1853779871308411363,cdn.syndication.twimg.com/tweet-result,x_syndication_api_unauthenticated,2026-08-27T13:53:56.621927+00:00,9
1854236290918793392,2024-11-06T18:55:56.000Z,2024-11-06T18:55:56.456000+00:00,1528978792617611264,Un4v5s8bgsVk9Xp,1,ja,"11月末くらいまで不定期投稿になりそうです。
色々ありまして仕事に集中出来ないのはいつもの事と慣れっこのつもりでしたが

楳図先生の訃報と重なり現状がしんどいです。
漫画を読んで初めて泣いたのは
タマミちゃんの化粧シーンでした。 https://t.co/tPuxWgdlSb","11月末くらいまで不定期投稿になりそうです。
色々ありまして仕事に集中出来ないのはいつもの事と慣れっこのつもりでしたが

楳図先生の訃報と重なり現状がしんどいです。
漫画を読んで初めて泣いたのは
タマミちゃんの化粧シーンでした。",1,1,https://pbs.twimg.com/media/GbuSEz-bMAAlyxo.jpg,,0,81231,768,0,https://x.com/Un4v5s8bgsVk9Xp/status/1854236290918793392,cdn.syndication.twimg.com/tweet-result,x_syndication_api_unauthenticated,2026-08-27T13:54:13.251322+00:00,12
1854989115034681390,2024-11-08T20:47:23.000Z,2024-11-08T20:47:23.712000+00:00,1528978792617611264,Un4v5s8bgsVk9Xp,1,ja,"No.408、加筆完了。修正指定書作成完了。

No.424、人物ペン入れ完了。

もう使う機会減るだろうなぁと
片付けたアナログトーン大活躍なの
なんで https://t.co/wkjWFhTEOh","No.408、加筆完了。修正指定書作成完了。

No.424、人物ペン入れ完了。

もう使う機会減るだろうなぁと
片付けたアナログトーン大活躍なの
なんで",1,1,https://pbs.twimg.com/media/Gb4-w3kaoAAmnQz.jpg,408 424,2,80956,601,0,https://x.com/Un4v5s8bgsVk9Xp/status/1854989115034681390,cdn.syndication.twimg.com/tweet-result,x_syndication_api_unauthenticated,2026-08-27T13:54:14.272247+00:00,3
1855538859012133321,2024-11-10T09:11:52.000Z,2024-11-10T09:11:52.890000+00:00,1528978792617611264,Un4v5s8bgsVk9Xp,1,zh,No.409、加筆完了。修正指定書作成完了。,No.409、加筆完了。修正指定書作成完了。,1,0,,409,1,52987,498,0,https://x.com/Un4v5s8bgsVk9Xp/status/1855538859012133321,cdn.syndication.twimg.com/tweet-result,x_syndication_api_unauthenticated,2026-08-27T13:54:15.255069+00:00,5
1857661549189673090,2024-11-16T05:46:41.000Z,2024-11-16T05:46:41.666000+00:00,1528978792617611264,Un4v5s8bgsVk9Xp,1,ja,No.409、完成。 https://t.co/ajvyLJ6RE8,No.409、完成。,1,1,https://pbs.twimg.com/media/Gce9U8aaMAMOJO5.jpg,409,1,107161,534,0,https://x.com/Un4v5s8bgsVk9Xp/status/1857661549189673090,cdn.syndication.twimg.com/tweet-result,x_syndication_api_unauthenticated,2026-08-27T13:54:16.273334+00:00,5
1857683917504958862,2024-11-16T07:15:34.000Z,2024-11-16T07:15:34.688000+00:00,1528978792617611264,Un4v5s8bgsVk9Xp,1,ja,No.410、完成。 https://t.co/OE3Ai88Y1x,No.410、完成。,1,1,https://pbs.twimg.com/media/GcfRrCNb0AA_OYG.jpg,410,1,110588,605,0,https://x.com/Un4v5s8bgsVk9Xp/status/1857683917504958862,cdn.syndication.twimg.com/tweet-result,x_syndication_api_unauthenticated,2026-08-27T13:54:17.271319+00:00,5
1858247267658146297,2024-11-17T20:34:07.000Z,2024-11-17T20:34:07.831000+00:00,1528978792617611264,Un4v5s8bgsVk9Xp,1,ja,No.411、台詞入れ完了。眠い。 https://t.co/O6MoqvN9iX,No.411、台詞入れ完了。眠い。,1,1,https://pbs.twimg.com/media/GcnSCZjaUAAmyI6.jpg,411,1,75410,565,0,https://x.com/Un4v5s8bgsVk9Xp/status/1858247267658146297,cdn.syndication.twimg.com/tweet-result,x_syndication_api_unauthenticated,2026-08-27T13:54:18.282621+00:00,6
1858624464986185991,2024-11-18T21:32:58.000Z,2024-11-18T21:32:58.682000+00:00,1528978792617611264,Un4v5s8bgsVk9Xp,1,ja,"No.411、背景指定書作成完了。
眠い。 https://t.co/sfOcuTs7Ns","No.411、背景指定書作成完了。
眠い。",1,1,https://pbs.twimg.com/media/GcspGHnbcAAK5UR.jpg,411,1,82223,516,0,https://x.com/Un4v5s8bgsVk9Xp/status/1858624464986185991,cdn.syndication.twimg.com/tweet-result,x_syndication_api_unauthenticated,2026-08-27T13:54:19.281217+00:00,5
1858844611546099814,2024-11-19T12:07:45.000Z,2024-11-19T12:07:45.712000+00:00,1528978792617611264,Un4v5s8bgsVk9Xp,1,ja,No.412、台詞入れ完了。 https://t.co/QXkoePlC1O,No.412、台詞入れ完了。,1,1,https://pbs.twimg.com/media/GcvxUJjakAArrTc.jpg,412,1,60158,397,0,https://x.com/Un4v5s8bgsVk9Xp/status/1858844611546099814,cdn.syndication.twimg.com/tweet-result,x_syndication_api_unauthenticated,2026-08-27T13:54:20.262524+00:00,5
1859243274177053137,2024-11-20T14:31:54.000Z,2024-11-20T14:31:54.290000+00:00,1528978792617611264,Un4v5s8bgsVk9Xp,1,ja,"No.412、背景指定書作成完了。
まだ眠くない。 https://t.co/YTsb8RxkjE","No.412、背景指定書作成完了。
まだ眠くない。",1,1,https://pbs.twimg.com/media/Gc1b5nuaYAEB36g.jpg,412,1,78204,546,0,https://x.com/Un4v5s8bgsVk9Xp/status/1859243274177053137,cdn.syndication.twimg.com/tweet-result,x_syndication_api_unauthenticated,2026-08-27T13:54:21.273852+00:00,2
1859342296543789364,2024-11-20T21:05:23.000Z,2024-11-20T21:05:23.062000+00:00,1528978792617611264,Un4v5s8bgsVk9Xp,1,ja,No.413、台詞入れ完了。眠い。 https://t.co/A6rWEFf7sR,No.413、台詞入れ完了。眠い。,1,1,https://pbs.twimg.com/media/Gc219iYa4AAbJ4G.jpg,413,1,63103,478,0,https://x.com/Un4v5s8bgsVk9Xp/status/1859342296543789364,cdn.syndication.twimg.com/tweet-result,x_syndication_api_unauthenticated,2026-08-27T13:54:22.251216+00:00,3
1860286543652700383,2024-11-23T11:37:29.000Z,2024-11-23T11:37:29.116000+00:00,1528978792617611264,Un4v5s8bgsVk9Xp,1,ja,"ネーム2話分完成。

トキワ荘に自分の漫画が
置いてもらえてるの、
有難いし嬉しいです。

これからも精進します。

#見間違いなら恥ずいなすんません https://t.co/h89mnKSy8u","ネーム2話分完成。

トキワ荘に自分の漫画が
置いてもらえてるの、
有難いし嬉しいです。

これからも精進します。

#見間違いなら恥ずいなすんません",1,1,https://pbs.twimg.com/media/GdEQvuvagAEsQme.jpg,,0,9343,150,1,https://x.com/Un4v5s8bgsVk9Xp/status/1860286543652700383,cdn.syndication.twimg.com/tweet-result,x_syndication_api_unauthenticated,2026-08-27T13:54:23.237693+00:00,1
1860290549544370379,2024-11-23T11:53:24.000Z,2024-11-23T11:53:24.195000+00:00,1528978792617611264,Un4v5s8bgsVk9Xp,1,ja,"ネーム2話分完成。

トキワ荘に自分の漫画が
置いてもらえてるの、
有難いし嬉しいです。

これからも精進します。

#見間違いなら恥ずいなすんません

#テレメンタリー https://t.co/6qNzXzUbet","ネーム2話分完成。

トキワ荘に自分の漫画が
置いてもらえてるの、
有難いし嬉しいです。

これからも精進します。

#見間違いなら恥ずいなすんません

#テレメンタリー",1,1,https://pbs.twimg.com/media/GdEQvuvagAEsQme.jpg,,0,64453,453,1,https://x.com/Un4v5s8bgsVk9Xp/status/1860290549544370379,cdn.syndication.twimg.com/tweet-result,x_syndication_api_unauthenticated,2026-08-27T13:54:24.289248+00:00,4
1862062929174237282,2024-11-28T09:16:12.000Z,2024-11-28T09:16:12.428000+00:00,1528978792617611264,Un4v5s8bgsVk9Xp,1,ja,"ネーム、2話分完成。
手術しました。局所麻酔での
施術だったので説明・実況を
受けながらの、大変勉強にも
なった貴重な経験でした。
感謝いたします。 https://t.co/TASzEnca69","ネーム、2話分完成。
手術しました。局所麻酔での
施術だったので説明・実況を
受けながらの、大変勉強にも
なった貴重な経験でした。
感謝いたします。",1,1,https://pbs.twimg.com/media/GddgXM1a4AA8dOV.jpg,,0,117309,1136,0,https://x.com/Un4v5s8bgsVk9Xp/status/1862062929174237282,cdn.syndication.twimg.com/tweet-result,x_syndication_api_unauthenticated,2026-08-27T13:54:25.298994+00:00,17
1863247914744820073,2024-12-01T15:44:55.000Z,2024-12-01T15:44:55.004000+00:00,1528978792617611264,Un4v5s8bgsVk9Xp,1,ja,"手こずった。
もう1話分ネーム完成。 https://t.co/gN41RyLNDu","手こずった。
もう1話分ネーム完成。",1,1,https://pbs.twimg.com/media/GduWGJ8XcAAoeh0.jpg,,0,269870,1108,0,https://x.com/Un4v5s8bgsVk9Xp/status/1863247914744820073,cdn.syndication.twimg.com/tweet-result,x_syndication_api_unauthenticated,2026-08-27T13:54:26.314503+00:00,10
1863645898414362795,2024-12-02T18:06:21.000Z,2024-12-02T18:06:21.705000+00:00,1528978792617611264,Un4v5s8bgsVk9Xp,1,ja,"もう1話分ネーム完成。
おやすみなさい💤 https://t.co/F5Sw16nCrX","もう1話分ネーム完成。
おやすみなさい💤",1,1,https://pbs.twimg.com/media/Gd0AED8aEAEKY2y.jpg,,0,166155,1039,0,https://x.com/Un4v5s8bgsVk9Xp/status/1863645898414362795,cdn.syndication.twimg.com/tweet-result,x_syndication_api_unauthenticated,2026-08-27T13:54:27.341752+00:00,10
1866694333438759390,2024-12-11T03:59:45.000Z,2024-12-11T03:59:45.252000+00:00,1528978792617611264,Un4v5s8bgsVk9Xp,1,ja,"もう1話分ネーム完成。

訳あって数日寝たきりでした。
今はヨチヨチですが家の中を
歩けるくらい回復して自力で
仕事用スマホ回収出来ました。
人に頼むの苦手なんですよねー https://t.co/To0jgOL6hE","もう1話分ネーム完成。

訳あって数日寝たきりでした。
今はヨチヨチですが家の中を
歩けるくらい回復して自力で
仕事用スマホ回収出来ました。
人に頼むの苦手なんですよねー",1,1,https://pbs.twimg.com/media/GefUmgga8AE481E.jpg,,0,97162,1048,0,https://x.com/Un4v5s8bgsVk9Xp/status/1866694333438759390,cdn.syndication.twimg.com/tweet-result,x_syndication_api_unauthenticated,2026-08-27T13:54:28.349649+00:00,8
1867283459527651583,2024-12-12T19:00:43.000Z,2024-12-12T19:00:43.857000+00:00,1528978792617611264,Un4v5s8bgsVk9Xp,1,ja,"ネーム、もう1話分完成。
姿勢に制限ありすぎて
進みが悪い。まだ椅子に
座るの不安なのであと少し
ネームに集中します。 https://t.co/nKKfzS1Zhc","ネーム、もう1話分完成。
姿勢に制限ありすぎて
進みが悪い。まだ椅子に
座るの不安なのであと少し
ネームに集中します。",1,1,https://pbs.twimg.com/media/GensaLLbsAIfFlR.jpg,,0,65225,596,0,https://x.com/Un4v5s8bgsVk9Xp/status/1867283459527651583,cdn.syndication.twimg.com/tweet-result,x_syndication_api_unauthenticated,2026-08-27T13:54:29.364498+00:00,3
1867661491870327045,2024-12-13T20:02:53.000Z,2024-12-13T20:02:53.791000+00:00,1528978792617611264,Un4v5s8bgsVk9Xp,1,ja,"もう1話分ネーム完成。
寝たきり中に5kg体重減った。
絶食3日目のバナナが
涙出そうなくらい美味しかった。 https://t.co/WN8Y8CvZHD","もう1話分ネーム完成。
寝たきり中に5kg体重減った。
絶食3日目のバナナが
涙出そうなくらい美味しかった。",1,1,https://pbs.twimg.com/media/GetEOe6bsAEYP36.jpg,,0,90925,800,0,https://x.com/Un4v5s8bgsVk9Xp/status/1867661491870327045,cdn.syndication.twimg.com/tweet-result,x_syndication_api_unauthenticated,2026-08-27T13:54:30.351940+00:00,6
1867869969909952535,2024-12-14T09:51:18.000Z,2024-12-14T09:51:18.829000+00:00,1528978792617611264,Un4v5s8bgsVk9Xp,1,ja,"もう1話分ネーム完成。

予定を超える展開にキャラ達が
連れて行ってくれる瞬間が
たまらなく嬉しいし、幸せ。

ネーム楽しすぎる。 https://t.co/W6lFsStdZk","もう1話分ネーム完成。

予定を超える展開にキャラ達が
連れて行ってくれる瞬間が
たまらなく嬉しいし、幸せ。

ネーム楽しすぎる。",1,1,https://pbs.twimg.com/media/GewB1kqbUAEIFxW.jpg,,0,118813,832,0,https://x.com/Un4v5s8bgsVk9Xp/status/1867869969909952535,cdn.syndication.twimg.com/tweet-result,x_syndication_api_unauthenticated,2026-08-27T13:54:31.358058+00:00,7
1868697918624219482,2024-12-16T16:41:17.000Z,2024-12-16T16:41:17.185000+00:00,1528978792617611264,Un4v5s8bgsVk9Xp,1,ja,"この先掲載予定50話分の台詞と
時系列の確認・調整中です。
終わり次第、中断していた原稿の
ペン入れ等再開予定です。 https://t.co/1OTn4VLcmt","この先掲載予定50話分の台詞と
時系列の確認・調整中です。
終わり次第、中断していた原稿の
ペン入れ等再開予定です。",1,1,https://pbs.twimg.com/media/Ge7y2iObwAIBkxu.jpg,,0,108459,1085,0,https://x.com/Un4v5s8bgsVk9Xp/status/1868697918624219482,cdn.syndication.twimg.com/tweet-result,x_syndication_api_unauthenticated,2026-08-27T13:54:32.507094+00:00,17
1868698940058845479,2024-12-16T16:45:20.000Z,2024-12-16T16:45:20.714000+00:00,1528978792617611264,Un4v5s8bgsVk9Xp,1,und,W https://t.co/goGPoFUSyS,W,1,1,https://pbs.twimg.com/media/Ge7zyABa8AEbGxW.jpg,,0,101977,899,0,https://x.com/Un4v5s8bgsVk9Xp/status/1868698940058845479,cdn.syndication.twimg.com/tweet-result,x_syndication_api_unauthenticated,2026-08-27T13:54:33.503745+00:00,7
1870324031393759285,2024-12-21T04:22:52.000Z,2024-12-21T04:22:52.681000+00:00,1528978792617611264,Un4v5s8bgsVk9Xp,1,ja,"No.410の356ページ、
125号室とあるのは3101号室の
誤りです。単行本で修正します。

デスクワークに戻れそうです。 https://t.co/l4WwJ8D0ac","No.410の356ページ、
125号室とあるのは3101号室の
誤りです。単行本で修正します。

デスクワークに戻れそうです。",1,1,https://pbs.twimg.com/media/GfS5yhyawAAhQpG.jpg,410,1,82852,2842,0,https://x.com/Un4v5s8bgsVk9Xp/status/1870324031393759285,cdn.syndication.twimg.com/tweet-result,x_syndication_api_unauthenticated,2026-08-27T13:54:34.488397+00:00,8
1957721522912784499,2025-08-19T08:29:18.000Z,2025-08-19T08:29:18.426000+00:00,1528978792617611264,Un4v5s8bgsVk9Xp,1,ja,No.413 背景指定完了。 https://t.co/XZXBKPzQrx,No.413 背景指定完了。,1,1,https://pbs.twimg.com/media/Gys5V7qbUAA7nFb.jpg,413,1,365474,6226,0,https://x.com/Un4v5s8bgsVk9Xp/status/1957721522912784499,cdn.syndication.twimg.com/tweet-result,x_syndication_api_unauthenticated,2026-08-27T13:54:35.506043+00:00,11
1960422190031233205,2025-08-26T19:20:47.000Z,2025-08-26T19:20:47.643000+00:00,1528978792617611264,Un4v5s8bgsVk9Xp,1,ja,No.414、背景指定完了。 https://t.co/WxJhrZEBth,No.414、背景指定完了。,1,1,https://pbs.twimg.com/media/GzTRln5aEAAaw7L.jpg,414,1,258708,2661,0,https://x.com/Un4v5s8bgsVk9Xp/status/1960422190031233205,cdn.syndication.twimg.com/tweet-result,x_syndication_api_unauthenticated,2026-08-27T13:54:36.494077+00:00,5
1961099952014360828,2025-08-28T16:13:58.000Z,2025-08-28T16:13:58.692000+00:00,1528978792617611264,Un4v5s8bgsVk9Xp,1,ja,No.415、背景指定書作成完了。 https://t.co/RDiHvy2apY,No.415、背景指定書作成完了。,1,1,https://pbs.twimg.com/media/Gzc6AiDaAAEhZnJ.jpg,415,1,166599,1765,0,https://x.com/Un4v5s8bgsVk9Xp/status/1961099952014360828,cdn.syndication.twimg.com/tweet-result,x_syndication_api_unauthenticated,2026-08-27T13:54:37.503060+00:00,6
1961960257892286876,2025-08-31T01:12:31.000Z,2025-08-31T01:12:31.597000+00:00,1528978792617611264,Un4v5s8bgsVk9Xp,1,ja,No.416、背景指定書作成完了。 https://t.co/VlIOI1NaPc,No.416、背景指定書作成完了。,1,1,https://pbs.twimg.com/media/GzpIc1VboAAIniQ.jpg,416,1,158474,1472,0,https://x.com/Un4v5s8bgsVk9Xp/status/1961960257892286876,cdn.syndication.twimg.com/tweet-result,x_syndication_api_unauthenticated,2026-08-27T13:54:38.502435+00:00,4
1962976995501035833,2025-09-02T20:32:40.000Z,2025-09-02T20:32:40.733000+00:00,1528978792617611264,Un4v5s8bgsVk9Xp,1,ja,No.417、背景指定書作成完了。 https://t.co/hxQzj0rRSB,No.417、背景指定書作成完了。,1,1,https://pbs.twimg.com/media/Gz3lK0vbAAISw_Q.jpg,417,1,150079,1378,0,https://x.com/Un4v5s8bgsVk9Xp/status/1962976995501035833,cdn.syndication.twimg.com/tweet-result,x_syndication_api_unauthenticated,2026-08-27T13:54:39.569645+00:00,4
1963370870816346599,2025-09-03T22:37:47.000Z,2025-09-03T22:37:47.926000+00:00,1528978792617611264,Un4v5s8bgsVk9Xp,1,ja,No.418、背景指定書作成完了。 https://t.co/CfP11kmkR0,No.418、背景指定書作成完了。,1,1,https://pbs.twimg.com/media/Gz9LZZha8AAJXuq.jpg,418,1,138209,1459,0,https://x.com/Un4v5s8bgsVk9Xp/status/1963370870816346599,cdn.syndication.twimg.com/tweet-result,x_syndication_api_unauthenticated,2026-08-27T13:54:40.540081+00:00,2
1965664842309906743,2025-09-10T06:33:13.000Z,2025-09-10T06:33:13.350000+00:00,1528978792617611264,Un4v5s8bgsVk9Xp,1,ja,No.419、背景指定書作成完了。 https://t.co/1w5H4Odtn4,No.419、背景指定書作成完了。,1,1,https://pbs.twimg.com/media/G0dxwGAbQAAGZVs.jpg,419,1,131575,1654,0,https://x.com/Un4v5s8bgsVk9Xp/status/1965664842309906743,cdn.syndication.twimg.com/tweet-result,x_syndication_api_unauthenticated,2026-08-27T13:54:41.535982+00:00,4
1975178461573718506,2025-10-06T12:36:56.000Z,2025-10-06T12:36:56.937000+00:00,1528978792617611264,Un4v5s8bgsVk9Xp,1,ja,"No.420、背景指定書作成完了。

台詞入れ開始。 https://t.co/rD91fGzkIO","No.420、背景指定書作成完了。

台詞入れ開始。",1,1,https://pbs.twimg.com/media/G2k-VZzbUAARD-A.jpg,420,1,111371,1437,0,https://x.com/Un4v5s8bgsVk9Xp/status/1975178461573718506,cdn.syndication.twimg.com/tweet-result,x_syndication_api_unauthenticated,2026-08-27T13:54:42.526558+00:00,5
1975659435868758215,2025-10-07T20:28:10.000Z,2025-10-07T20:28:10.145000+00:00,1528978792617611264,Un4v5s8bgsVk9Xp,1,zxx,https://t.co/gg6igqTCgY,,0,1,https://pbs.twimg.com/media/G2rzyEiaoAA40AN.jpg,,0,138873,1047,0,https://x.com/Un4v5s8bgsVk9Xp/status/1975659435868758215,cdn.syndication.twimg.com/tweet-result,x_syndication_api_unauthenticated,2026-08-27T13:54:43.665344+00:00,4
1975887096029348124,2025-10-08T11:32:48.000Z,2025-10-08T11:32:48.557000+00:00,1528978792617611264,Un4v5s8bgsVk9Xp,1,zxx,https://t.co/ZpDqaimnWN,,0,1,https://pbs.twimg.com/media/G2vC1VObwAABWZw.jpg,,0,128731,942,0,https://x.com/Un4v5s8bgsVk9Xp/status/1975887096029348124,cdn.syndication.twimg.com/tweet-result,x_syndication_api_unauthenticated,2026-08-27T13:59:39.662834+00:00,1
1976212321283485898,2025-10-09T09:05:08.000Z,2025-10-09T09:05:08.300000+00:00,1528978792617611264,Un4v5s8bgsVk9Xp,1,zxx,https://t.co/15UX2RA59f,,0,1,https://pbs.twimg.com/media/G2zqoDCbEAA7qGC.jpg,,0,87980,669,0,https://x.com/Un4v5s8bgsVk9Xp/status/1976212321283485898,api.x.com/2/users/:id/tweets,x_api_v2_bearer,2026-08-28T03:45:19.613316+00:00,0
1976303383805092095,2025-10-09T15:06:59.000Z,2025-10-09T15:06:59.297000+00:00,1528978792617611264,Un4v5s8bgsVk9Xp,1,zxx,https://t.co/91HMWsaPSd,,0,1,https://pbs.twimg.com/media/G209cpsaAAICjUQ.jpg,,0,126415,1171,0,https://x.com/Un4v5s8bgsVk9Xp/status/1976303383805092095,cdn.syndication.twimg.com/tweet-result,x_syndication_api_unauthenticated,2026-08-27T13:54:44.660530+00:00,6
1976594157939638610,2025-10-10T10:22:25.000Z,2025-10-10T10:22:25.253000+00:00,1528978792617611264,Un4v5s8bgsVk9Xp,1,zxx,https://t.co/VuWLBCVCDG,,0,1,https://pbs.twimg.com/media/G25F537bkAAUNqX.jpg,,0,80467,581,0,https://x.com/Un4v5s8bgsVk9Xp/status/1976594157939638610,cdn.syndication.twimg.com/tweet-result,x_syndication_api_unauthenticated,2026-08-27T13:54:45.750973+00:00,1
1976919382036185566,2025-10-11T07:54:44.000Z,2025-10-11T07:54:44.720000+00:00,1528978792617611264,Un4v5s8bgsVk9Xp,1,ja,"35年くらい昔の　原稿用紙の余りを
使っております。 https://t.co/5ep2UOVnHh","35年くらい昔の　原稿用紙の余りを
使っております。",1,1,https://pbs.twimg.com/media/G29tsTbbwAMIIsg.jpg,,0,100646,629,0,https://x.com/Un4v5s8bgsVk9Xp/status/1976919382036185566,cdn.syndication.twimg.com/tweet-result,x_syndication_api_unauthenticated,2026-08-27T13:54:46.711474+00:00,3
1977033686664331359,2025-10-11T15:28:57.000Z,2025-10-11T15:28:57.067000+00:00,1528978792617611264,Un4v5s8bgsVk9Xp,1,zxx,https://t.co/VmDmdIsn5u,,0,1,https://pbs.twimg.com/media/G2_Vp5rbwAE9-to.jpg,,0,108368,996,0,https://x.com/Un4v5s8bgsVk9Xp/status/1977033686664331359,cdn.syndication.twimg.com/tweet-result,x_syndication_api_unauthenticated,2026-08-27T13:54:47.718881+00:00,4
1977311373991522504,2025-10-12T09:52:22.000Z,2025-10-12T09:52:22.885000+00:00,1528978792617611264,Un4v5s8bgsVk9Xp,1,ja,No.424の原稿捜索中。,No.424の原稿捜索中。,1,0,,424,1,54439,727,0,https://x.com/Un4v5s8bgsVk9Xp/status/1977311373991522504,cdn.syndication.twimg.com/tweet-result,x_syndication_api_unauthenticated,2026-08-27T13:54:48.705725+00:00,4
1977656591978819870,2025-10-13T08:44:09.000Z,2025-10-13T08:44:09.267000+00:00,1528978792617611264,Un4v5s8bgsVk9Xp,1,ja,"No.424、段ボールの隙間で
発見。 https://t.co/Ci1Y2tWbEq","No.424、段ボールの隙間で
発見。",1,1,https://pbs.twimg.com/media/G3IMLwfasAE8uuv.jpg,424,1,127263,824,0,https://x.com/Un4v5s8bgsVk9Xp/status/1977656591978819870,cdn.syndication.twimg.com/tweet-result,x_syndication_api_unauthenticated,2026-08-27T13:54:49.714091+00:00,4
1978401791663390746,2025-10-15T10:05:18.000Z,2025-10-15T10:05:18.717000+00:00,1528978792617611264,Un4v5s8bgsVk9Xp,1,zxx,https://t.co/9jvPBWOUXf,,0,1,https://pbs.twimg.com/media/G3Sx7y1bwAAjrJu.jpg,,0,357738,1331,0,https://x.com/Un4v5s8bgsVk9Xp/status/1978401791663390746,cdn.syndication.twimg.com/tweet-result,x_syndication_api_unauthenticated,2026-08-27T13:54:50.722805+00:00,7
1978697089862271029,2025-10-16T05:38:43.000Z,2025-10-16T05:38:43.294000+00:00,1528978792617611264,Un4v5s8bgsVk9Xp,1,zxx,https://t.co/t6kF3ywplL,,0,1,https://pbs.twimg.com/media/G3W-gXxakAAkGTV.jpg,,0,134642,870,0,https://x.com/Un4v5s8bgsVk9Xp/status/1978697089862271029,cdn.syndication.twimg.com/tweet-result,x_syndication_api_unauthenticated,2026-08-27T13:54:51.721741+00:00,1
1979061149418057774,2025-10-17T05:45:21.000Z,2025-10-17T05:45:21.856000+00:00,1528978792617611264,Un4v5s8bgsVk9Xp,1,zxx,https://t.co/7SZ3PmYrLf,,0,1,https://pbs.twimg.com/media/G3cJnqEWQAE9nVZ.jpg,,0,76512,545,0,https://x.com/Un4v5s8bgsVk9Xp/status/1979061149418057774,cdn.syndication.twimg.com/tweet-result,x_syndication_api_unauthenticated,2026-08-27T13:54:52.724337+00:00,2
1979771078940762586,2025-10-19T04:46:22.000Z,2025-10-19T04:46:22.244000+00:00,1528978792617611264,Un4v5s8bgsVk9Xp,1,zxx,https://t.co/9qcN0mngVr,,0,1,https://pbs.twimg.com/media/G3mPS6yWkAAqBr_.jpg,,0,96639,744,0,https://x.com/Un4v5s8bgsVk9Xp/status/1979771078940762586,cdn.syndication.twimg.com/tweet-result,x_syndication_api_unauthenticated,2026-08-27T13:54:53.728159+00:00,1
1981366885301309657,2025-10-23T14:27:32.000Z,2025-10-23T14:27:32.129000+00:00,1528978792617611264,Un4v5s8bgsVk9Xp,1,zxx,https://t.co/PvfbKJpb9x,,0,1,https://pbs.twimg.com/media/G386rBpW8AEpCFh.jpg,,0,74133,839,0,https://x.com/Un4v5s8bgsVk9Xp/status/1981366885301309657,cdn.syndication.twimg.com/tweet-result,x_syndication_api_unauthenticated,2026-08-27T13:54:54.703786+00:00,1
1987386416205328741,2025-11-09T05:07:00.000Z,2025-11-09T05:07:00.134000+00:00,1528978792617611264,Un4v5s8bgsVk9Xp,1,ja,No.425、人物ペン入れ完了。 https://t.co/EW5V5UGYiU,No.425、人物ペン入れ完了。,1,1,https://pbs.twimg.com/media/G5SdaGXasAAHe8j.jpg,425,1,125100,1254,0,https://x.com/Un4v5s8bgsVk9Xp/status/1987386416205328741,cdn.syndication.twimg.com/tweet-result,x_syndication_api_unauthenticated,2026-08-27T13:54:55.713363+00:00,2
1987834494318162019,2025-11-10T10:47:30.000Z,2025-11-10T10:47:30.281000+00:00,1528978792617611264,Un4v5s8bgsVk9Xp,1,zxx,https://t.co/qeDyDutxfn,,0,1,https://pbs.twimg.com/media/G5Y07i6bsAAgWKo.jpg,,0,205785,1657,0,https://x.com/Un4v5s8bgsVk9Xp/status/1987834494318162019,cdn.syndication.twimg.com/tweet-result,x_syndication_api_unauthenticated,2026-08-27T13:54:56.702873+00:00,1
1993988720132018211,2025-11-27T10:22:12.000Z,2025-11-27T10:22:12.055000+00:00,1528978792617611264,Un4v5s8bgsVk9Xp,1,ja,表紙用カラー完了。 https://t.co/NT7t0wFb3W,表紙用カラー完了。,1,1,https://pbs.twimg.com/media/G6wSKvHa0AstpbQ.jpg,,0,137438,1357,0,https://x.com/Un4v5s8bgsVk9Xp/status/1993988720132018211,cdn.syndication.twimg.com/tweet-result,x_syndication_api_unauthenticated,2026-08-27T13:54:57.703151+00:00,1
1995839355072725380,2025-12-02T12:55:57.000Z,2025-12-02T12:55:57.808000+00:00,1528978792617611264,Un4v5s8bgsVk9Xp,1,ja,"全ての原稿が桂先生の
もとに戻りますように。 https://t.co/1bY74UVW6n","全ての原稿が桂先生の
もとに戻りますように。",1,1,https://pbs.twimg.com/media/G7KlT06bsAAXDQZ.jpg,,0,209303,1455,0,https://x.com/Un4v5s8bgsVk9Xp/status/1995839355072725380,cdn.syndication.twimg.com/tweet-result,x_syndication_api_unauthenticated,2026-08-27T13:54:58.710369+00:00,4
2000286756982423780,2025-12-14T19:28:21.000Z,2025-12-14T19:28:21.052000+00:00,1528978792617611264,Un4v5s8bgsVk9Xp,1,ja,No.411、原稿完成。 https://t.co/sDbVocqmqk,No.411、原稿完成。,1,1,https://pbs.twimg.com/media/G8JyMzRagAA-hgw.jpg,411,1,149378,1208,0,https://x.com/Un4v5s8bgsVk9Xp/status/2000286756982423780,cdn.syndication.twimg.com/tweet-result,x_syndication_api_unauthenticated,2026-08-27T13:54:59.724258+00:00,4
2000981302913458294,2025-12-16T17:28:13.000Z,2025-12-16T17:28:13.706000+00:00,1528978792617611264,Un4v5s8bgsVk9Xp,1,zxx,https://t.co/udF8mXffUv,,0,1,https://pbs.twimg.com/media/G8Tp4uCa4AAtB4O.jpg,,0,358722,1653,0,https://x.com/Un4v5s8bgsVk9Xp/status/2000981302913458294,cdn.syndication.twimg.com/tweet-result,x_syndication_api_unauthenticated,2026-08-27T13:55:00.726444+00:00,3
2004867336483078549,2025-12-27T10:49:56.000Z,2025-12-27T10:49:56.308000+00:00,1528978792617611264,Un4v5s8bgsVk9Xp,1,zxx,https://t.co/cRPPZkJ6ok,,0,1,https://pbs.twimg.com/media/G9K4NpPbgAMcx3p.jpg,,0,209615,1391,0,https://x.com/Un4v5s8bgsVk9Xp/status/2004867336483078549,cdn.syndication.twimg.com/tweet-result,x_syndication_api_unauthenticated,2026-08-27T13:55:01.707607+00:00,5
2011143493742387642,2026-01-13T18:29:08.000Z,2026-01-13T18:29:08.804000+00:00,1528978792617611264,Un4v5s8bgsVk9Xp,1,zxx,https://t.co/xTgFsJ90EO,,0,1,https://pbs.twimg.com/media/G-kEV9hbAAATCIp.jpg,,0,218287,1415,0,https://x.com/Un4v5s8bgsVk9Xp/status/2011143493742387642,cdn.syndication.twimg.com/tweet-result,x_syndication_api_unauthenticated,2026-08-27T13:55:02.709552+00:00,1
2011144099903189192,2026-01-13T18:31:33.000Z,2026-01-13T18:31:33.324000+00:00,1528978792617611264,Un4v5s8bgsVk9Xp,1,ja,赤消えない笑 https://t.co/rFlGItwU7i,赤消えない笑,1,1,https://pbs.twimg.com/media/G-kE5eGbQAE-_s-.jpg,,0,62233,461,0,https://x.com/Un4v5s8bgsVk9Xp/status/2011144099903189192,cdn.syndication.twimg.com/tweet-result,x_syndication_api_unauthenticated,2026-08-27T13:55:03.705401+00:00,2
2011145474154381687,2026-01-13T18:37:00.000Z,2026-01-13T18:37:00.971000+00:00,1528978792617611264,Un4v5s8bgsVk9Xp,1,zxx,https://t.co/zPrP4SPaWX,,0,1,https://pbs.twimg.com/media/G-kGJIgaEAAwbNB.jpg,,0,44669,210,0,https://x.com/Un4v5s8bgsVk9Xp/status/2011145474154381687,api.x.com/2/users/:id/tweets,x_api_v2_bearer,2026-08-28T03:45:19.612795+00:00,0
2011145608611213813,2026-01-13T18:37:33.000Z,2026-01-13T18:37:33.028000+00:00,1528978792617611264,Un4v5s8bgsVk9Xp,1,ja,消えました。 https://t.co/LFqR7A7k2j,消えました。,1,1,https://pbs.twimg.com/media/G-kGRA2bQAE-G70.jpg,,0,68888,816,0,https://x.com/Un4v5s8bgsVk9Xp/status/2011145608611213813,cdn.syndication.twimg.com/tweet-result,x_syndication_api_unauthenticated,2026-08-27T13:59:40.662361+00:00,1
2011305545647735170,2026-01-14T05:13:04.000Z,2026-01-14T05:13:04.989000+00:00,1528978792617611264,Un4v5s8bgsVk9Xp,1,zxx,https://t.co/OXGXEVjcWC,,0,1,https://pbs.twimg.com/media/G-mXujRbQAIeC_N.jpg,,0,160356,997,0,https://x.com/Un4v5s8bgsVk9Xp/status/2011305545647735170,cdn.syndication.twimg.com/tweet-result,x_syndication_api_unauthenticated,2026-08-27T13:55:04.803560+00:00,5
2013553432829813035,2026-01-20T10:05:23.000Z,2026-01-20T10:05:23.057000+00:00,1528978792617611264,Un4v5s8bgsVk9Xp,1,zxx,https://t.co/8X72NjWmuw,,0,1,https://pbs.twimg.com/media/G_GUKteX0AAagbS.jpg,,0,260246,2132,0,https://x.com/Un4v5s8bgsVk9Xp/status/2013553432829813035,cdn.syndication.twimg.com/tweet-result,x_syndication_api_unauthenticated,2026-08-27T13:55:05.814368+00:00,4
2014782311775236214,2026-01-23T19:28:30.000Z,2026-01-23T19:28:30.629000+00:00,1528978792617611264,Un4v5s8bgsVk9Xp,1,zxx,https://t.co/vnNe7RD4t3,,0,1,https://pbs.twimg.com/media/G_Xx09BbcAAS2jh.jpg,,0,164697,1093,0,https://x.com/Un4v5s8bgsVk9Xp/status/2014782311775236214,cdn.syndication.twimg.com/tweet-result,x_syndication_api_unauthenticated,2026-08-27T13:55:06.806973+00:00,3
2014789100658950178,2026-01-23T19:55:29.000Z,2026-01-23T19:55:29.225000+00:00,1528978792617611264,Un4v5s8bgsVk9Xp,1,zxx,https://t.co/tlBoZggZOD,,0,1,https://pbs.twimg.com/media/G_X4AQDbsAAX_xY.jpg,,0,109977,802,0,https://x.com/Un4v5s8bgsVk9Xp/status/2014789100658950178,cdn.syndication.twimg.com/tweet-result,x_syndication_api_unauthenticated,2026-08-27T13:55:07.933848+00:00,4
2015898522009403793,2026-01-26T21:23:55.000Z,2026-01-26T21:23:55.887000+00:00,1528978792617611264,Un4v5s8bgsVk9Xp,1,zxx,https://t.co/9P6cnLxgHk,,0,1,https://pbs.twimg.com/media/G_npBHgaUAAlgny.jpg,,0,230921,1492,0,https://x.com/Un4v5s8bgsVk9Xp/status/2015898522009403793,cdn.syndication.twimg.com/tweet-result,x_syndication_api_unauthenticated,2026-08-27T13:55:08.924055+00:00,3
2016302995970076779,2026-01-28T00:11:09.000Z,2026-01-28T00:11:09.994000+00:00,1528978792617611264,Un4v5s8bgsVk9Xp,1,zxx,https://t.co/87mNQWvuia,,0,1,https://pbs.twimg.com/media/G_tY4buW4AA7u9v.jpg,,0,173662,1548,0,https://x.com/Un4v5s8bgsVk9Xp/status/2016302995970076779,cdn.syndication.twimg.com/tweet-result,x_syndication_api_unauthenticated,2026-08-27T13:55:09.924066+00:00,3
2019278910136193215,2026-02-05T05:16:23.000Z,2026-02-05T05:16:23.221000+00:00,1528978792617611264,Un4v5s8bgsVk9Xp,1,zxx,https://t.co/GuhpcZfiRs,,0,1,https://pbs.twimg.com/media/HAXrde7acAIy5ft.jpg,,0,124942,941,0,https://x.com/Un4v5s8bgsVk9Xp/status/2019278910136193215,api.x.com/2/users/:id/tweets,x_api_v2_bearer,2026-08-28T03:45:19.612193+00:00,0
2021125854991089993,2026-02-10T07:35:29.000Z,2026-02-10T07:35:29.189000+00:00,1528978792617611264,Un4v5s8bgsVk9Xp,1,ja,No.418話、原稿完成。 https://t.co/Tt67MALJ5V,No.418話、原稿完成。,1,1,https://pbs.twimg.com/media/HAx7PmjbUAA3A2m.jpg,418,1,277223,1696,0,https://x.com/Un4v5s8bgsVk9Xp/status/2021125854991089993,cdn.syndication.twimg.com/tweet-result,x_syndication_api_unauthenticated,2026-08-27T13:59:41.677090+00:00,1
2023496133910425796,2026-02-16T20:34:07.000Z,2026-02-16T20:34:07.721000+00:00,1528978792617611264,Un4v5s8bgsVk9Xp,1,zxx,https://t.co/l3Umhi1AXN,,0,1,https://pbs.twimg.com/media/HBTnAZYa4AAFpno.jpg,,0,151928,1124,0,https://x.com/Un4v5s8bgsVk9Xp/status/2023496133910425796,cdn.syndication.twimg.com/tweet-result,x_syndication_api_unauthenticated,2026-08-27T13:59:42.689600+00:00,1
2023776049042198535,2026-02-17T15:06:24.000Z,2026-02-17T15:06:24.689000+00:00,1528978792617611264,Un4v5s8bgsVk9Xp,1,ja,No.419原稿完成。 https://t.co/cCh9weo2AF,No.419原稿完成。,1,1,https://pbs.twimg.com/media/HBXlli9agAAFRGA.jpg,419,1,145424,1101,0,https://x.com/Un4v5s8bgsVk9Xp/status/2023776049042198535,cdn.syndication.twimg.com/tweet-result,x_syndication_api_unauthenticated,2026-08-27T13:59:43.687730+00:00,1
2026231563562983740,2026-02-24T09:43:44.000Z,2026-02-24T09:43:44.972000+00:00,1528978792617611264,Un4v5s8bgsVk9Xp,1,ja,"No.420、原稿完成。

#絵は残像です https://t.co/m40209g9GY","No.420、原稿完成。

#絵は残像です",1,1,https://pbs.twimg.com/media/HB6e3Oja8AAEC7X.jpg,420,1,220810,1898,0,https://x.com/Un4v5s8bgsVk9Xp/status/2026231563562983740,cdn.syndication.twimg.com/tweet-result,x_syndication_api_unauthenticated,2026-08-27T13:59:44.702847+00:00,1
2029207167656706336,2026-03-04T14:47:44.000Z,2026-03-04T14:47:44.272000+00:00,1528978792617611264,Un4v5s8bgsVk9Xp,1,zxx,https://t.co/UVJirlSW0C,,0,1,https://pbs.twimg.com/media/HCkxJxLaYAALBe3.jpg,,0,128648,905,0,https://x.com/Un4v5s8bgsVk9Xp/status/2029207167656706336,cdn.syndication.twimg.com/tweet-result,x_syndication_api_unauthenticated,2026-08-27T13:59:45.696097+00:00,1
2030043233129226406,2026-03-06T22:09:57.000Z,2026-03-06T22:09:57.814000+00:00,1528978792617611264,Un4v5s8bgsVk9Xp,1,zxx,https://t.co/qO6vHOWSrN,,0,1,https://pbs.twimg.com/media/HCwpi7XaUAQg1ge.jpg,,0,124062,982,0,https://x.com/Un4v5s8bgsVk9Xp/status/2030043233129226406,cdn.syndication.twimg.com/tweet-result,x_syndication_api_unauthenticated,2026-08-27T13:59:46.688003+00:00,1
2031510303587053986,2026-03-10T23:19:34.000Z,2026-03-10T23:19:34.668000+00:00,1528978792617611264,Un4v5s8bgsVk9Xp,1,ja,No.424、背景指定書作成完了。 https://t.co/Ar5FDtAQUa,No.424、背景指定書作成完了。,1,1,https://pbs.twimg.com/media/HDFf2WVaAAAz4DV.jpg,424,1,76312,624,0,https://x.com/Un4v5s8bgsVk9Xp/status/2031510303587053986,cdn.syndication.twimg.com/tweet-result,x_syndication_api_unauthenticated,2026-08-27T13:59:47.690152+00:00,1
2032117895745192356,2026-03-12T15:33:55.000Z,2026-03-12T15:33:55.927000+00:00,1528978792617611264,Un4v5s8bgsVk9Xp,1,zxx,https://t.co/zvrlIUrGap,,0,1,https://pbs.twimg.com/media/HDOIc3dawAA4IxT.jpg,,0,110493,698,0,https://x.com/Un4v5s8bgsVk9Xp/status/2032117895745192356,cdn.syndication.twimg.com/tweet-result,x_syndication_api_unauthenticated,2026-08-27T13:59:48.687351+00:00,1
2032455377959424439,2026-03-13T13:54:57.000Z,2026-03-13T13:54:57.957000+00:00,1528978792617611264,Un4v5s8bgsVk9Xp,1,ja,No.426、背景指定書作成完了。 https://t.co/3mPVBGSog0,No.426、背景指定書作成完了。,1,1,https://pbs.twimg.com/media/HDS7ZBza8AA4bVj.jpg,426,1,61555,507,0,https://x.com/Un4v5s8bgsVk9Xp/status/2032455377959424439,cdn.syndication.twimg.com/tweet-result,x_syndication_api_unauthenticated,2026-08-27T13:59:49.687727+00:00,1
2033276639208153570,2026-03-15T20:18:21.000Z,2026-03-15T20:18:21.897000+00:00,1528978792617611264,Un4v5s8bgsVk9Xp,1,zxx,https://t.co/uwQm8HzQUo,,0,1,https://pbs.twimg.com/media/HDemUqGbAAAtrzc.jpg,,0,111506,831,0,https://x.com/Un4v5s8bgsVk9Xp/status/2033276639208153570,cdn.syndication.twimg.com/tweet-result,x_syndication_api_unauthenticated,2026-08-27T13:59:50.682513+00:00,1
2033764977727967457,2026-03-17T04:38:50.000Z,2026-03-17T04:38:50.873000+00:00,1528978792617611264,Un4v5s8bgsVk9Xp,1,zxx,https://t.co/hCjIDd3u2G,,0,1,https://pbs.twimg.com/media/HDlidqYaEAAaSxE.jpg,,0,140236,1272,0,https://x.com/Un4v5s8bgsVk9Xp/status/2033764977727967457,cdn.syndication.twimg.com/tweet-result,x_syndication_api_unauthenticated,2026-08-27T13:59:51.702641+00:00,1
2039256995023479227,2026-04-01T08:22:09.000Z,2026-04-01T08:22:09.833000+00:00,1528978792617611264,Un4v5s8bgsVk9Xp,1,ja,カラー依頼の色紙完了。 https://t.co/RxWYCDrw94,カラー依頼の色紙完了。,1,1,https://pbs.twimg.com/media/HEzlbKKa8AAIr5Q.jpg,,0,66853,788,0,https://x.com/Un4v5s8bgsVk9Xp/status/2039256995023479227,cdn.syndication.twimg.com/tweet-result,x_syndication_api_unauthenticated,2026-08-27T13:59:52.723786+00:00,1
2041777731969675643,2026-04-08T07:18:40.000Z,2026-04-08T07:18:40.354000+00:00,1528978792617611264,Un4v5s8bgsVk9Xp,1,ja,"No.430、人物ペン入れ完了。
420話〜の掲載時期はジャンプ編集部の
発表をお待ちください。

妻から頑張る力をもらいまくって
おります。
#アルテミス2
#シャイニングシアター https://t.co/00DXl3iSV4","No.430、人物ペン入れ完了。
420話〜の掲載時期はジャンプ編集部の
発表をお待ちください。

妻から頑張る力をもらいまくって
おります。
#アルテミス2
#シャイニングシアター",1,1,https://pbs.twimg.com/media/HFXaBYIbwAA0Siq.jpg,430,1,303400,2673,0,https://x.com/Un4v5s8bgsVk9Xp/status/2041777731969675643,cdn.syndication.twimg.com/tweet-result,x_syndication_api_unauthenticated,2026-08-27T13:59:53.725924+00:00,1
2041873448901759105,2026-04-08T13:39:01.049000+00:00,2026-04-08T13:39:01.049000+00:00,,,0,,,,0,0,,,0,,,0,https://x.com/i/status/2041873448901759105,cdn.syndication.twimg.com/tweet-result,x_syndication_api_unauthenticated,2026-08-27T13:59:54.736223+00:00,1
2059299316800569524,2026-05-26T15:43:11.000Z,2026-05-26T15:43:11.713000+00:00,1528978792617611264,Un4v5s8bgsVk9Xp,1,ja,"No.421、原稿完成。

仮歯割れました。 https://t.co/39DCiOTBuf","No.421、原稿完成。

仮歯割れました。",1,1,https://pbs.twimg.com/media/HJQZz02a4AAuXBE.jpg,421,1,201086,2360,0,https://x.com/Un4v5s8bgsVk9Xp/status/2059299316800569524,cdn.syndication.twimg.com/tweet-result,x_syndication_api_unauthenticated,2026-08-27T13:59:55.727861+00:00,1
2066167513214505229,2026-06-14T14:34:57.000Z,2026-06-14T14:34:57.343000+00:00,1528978792617611264,Un4v5s8bgsVk9Xp,1,ja,No.431、人物ペン入れ完了。 https://t.co/7VSiI6WvKE,No.431、人物ペン入れ完了。,1,1,https://pbs.twimg.com/media/HKyAZnvbIAAyNU5.jpg,431,1,131838,1222,0,https://x.com/Un4v5s8bgsVk9Xp/status/2066167513214505229,cdn.syndication.twimg.com/tweet-result,x_syndication_api_unauthenticated,2026-08-27T13:59:56.736303+00:00,1
2067241380007821348,2026-06-17T13:42:07.000Z,2026-06-17T13:42:07.138000+00:00,1528978792617611264,Un4v5s8bgsVk9Xp,1,ja,依頼イラスト×2完了。 https://t.co/nNsYkKdDQj,依頼イラスト×2完了。,1,1,https://pbs.twimg.com/media/HLBRE6gbgAAgk6i.jpg,,0,101683,1087,0,https://x.com/Un4v5s8bgsVk9Xp/status/2067241380007821348,cdn.syndication.twimg.com/tweet-result,x_syndication_api_unauthenticated,2026-08-27T13:59:57.740902+00:00,1
2072287279197126773,2026-07-01T11:52:43.000Z,2026-07-01T11:52:43.253000+00:00,1528978792617611264,Un4v5s8bgsVk9Xp,1,ja,"No.422、原稿完成。

机の上が収拾つかなくなってきました。 https://t.co/yOzr9BH1HX","No.422、原稿完成。

机の上が収拾つかなくなってきました。",1,1,https://pbs.twimg.com/media/HMI-S4JbcAABkNm.jpg,422,1,142597,1243,0,https://x.com/Un4v5s8bgsVk9Xp/status/2072287279197126773,cdn.syndication.twimg.com/tweet-result,x_syndication_api_unauthenticated,2026-08-27T13:59:58.746902+00:00,1
2073109649608630730,2026-07-03T18:20:31.000Z,2026-07-03T18:20:31.638000+00:00,1528978792617611264,Un4v5s8bgsVk9Xp,1,ja,"No.428、背景指定書作成完了。

コメント〜…コメント〜……","No.428、背景指定書作成完了。

コメント〜…コメント〜……",1,0,,428,1,72460,1142,0,https://x.com/Un4v5s8bgsVk9Xp/status/2073109649608630730,cdn.syndication.twimg.com/tweet-result,x_syndication_api_unauthenticated,2026-08-27T13:59:59.737303+00:00,1
2074538142506549407,2026-07-07T16:56:50.000Z,2026-07-07T16:56:50.885000+00:00,1528978792617611264,Un4v5s8bgsVk9Xp,1,ja,"No.423、原稿完成。

ポテチはこれで食べます。 https://t.co/8ZWrTQoNlY","No.423、原稿完成。

ポテチはこれで食べます。",1,1,https://pbs.twimg.com/media/HMo9cIabwAAjwwQ.jpg,423,1,125985,1115,0,https://x.com/Un4v5s8bgsVk9Xp/status/2074538142506549407,cdn.syndication.twimg.com/tweet-result,x_syndication_api_unauthenticated,2026-08-27T14:00:00.737923+00:00,1
2075732291931009110,2026-07-11T00:01:58.000Z,2026-07-11T00:01:58.294000+00:00,1528978792617611264,Un4v5s8bgsVk9Xp,1,ja,"No.432、人物ペン入れ完了。

No.433、人物ペン入れ開始。 https://t.co/1hxU4Ti6Ec","No.432、人物ペン入れ完了。

No.433、人物ペン入れ開始。",1,1,https://pbs.twimg.com/media/HM57gxubkAAizb-.jpg,432 433,2,103645,1214,0,https://x.com/Un4v5s8bgsVk9Xp/status/2075732291931009110,cdn.syndication.twimg.com/tweet-result,x_syndication_api_unauthenticated,2026-08-27T14:00:01.753106+00:00,1
2084155567363539307,2026-08-03T05:53:03.000Z,2026-08-03T05:53:03.654000+00:00,1528978792617611264,Un4v5s8bgsVk9Xp,1,zxx,https://t.co/meudxknH3O,,0,1,https://pbs.twimg.com/media/HOxocENa0AAY-Vu.jpg,,0,247325,1326,0,https://x.com/Un4v5s8bgsVk9Xp/status/2084155567363539307,cdn.syndication.twimg.com/tweet-result,x_syndication_api_unauthenticated,2026-08-27T14:00:02.784530+00:00,1
2086132321166794760,2026-08-08T16:47:58.000Z,2026-08-08T16:47:58.487000+00:00,1528978792617611264,Un4v5s8bgsVk9Xp,1,ja,"No.424、原稿完成。

38巻、加筆修正完了。 https://t.co/9RIIYuaOMF","No.424、原稿完成。

38巻、加筆修正完了。",1,1,https://pbs.twimg.com/media/HPNuSXybwAAXBdP.jpg,424,1,148443,1022,0,https://x.com/Un4v5s8bgsVk9Xp/status/2086132321166794760,cdn.syndication.twimg.com/tweet-result,x_syndication_api_unauthenticated,2026-08-28T03:41:39.203186+00:00,0
2087170463839682713,2026-08-11T13:33:10.000Z,2026-08-11T13:33:10.988000+00:00,1528978792617611264,Un4v5s8bgsVk9Xp,1,ja,No.425、原稿完成。 https://t.co/y7rWtHBek3,No.425、原稿完成。,1,1,https://pbs.twimg.com/media/HPceeICbUAASpM0.jpg,425,1,127420,1118,0,https://x.com/Un4v5s8bgsVk9Xp/status/2087170463839682713,cdn.syndication.twimg.com/tweet-result,x_syndication_api_unauthenticated,2026-08-27T14:00:03.871431+00:00,1
2092132894814998720,2026-08-25T06:12:06.000Z,2026-08-25T06:12:06.730000+00:00,1528978792617611264,Un4v5s8bgsVk9Xp,1,ja,No.426、原稿完成。 https://t.co/Y1oh0oXc9D,No.426、原稿完成。,1,1,https://pbs.twimg.com/media/HQi_xjrbkAEnQN8.jpg,426,1,145186,1001,0,https://x.com/Un4v5s8bgsVk9Xp/status/2092132894814998720,cdn.syndication.twimg.com/tweet-result,x_syndication_api_unauthenticated,2026-08-27T14:00:04.868209+00:00,1
2092237758689628269,2026-08-25T13:08:48.000Z,2026-08-25T13:08:48.226000+00:00,1528978792617611264,Un4v5s8bgsVk9Xp,1,ja,"No.419ですが。
台詞の数と人の数、
間違ってるのは人の数です。

いったん冷やし中華食べて
落ち着きます。","No.419ですが。
台詞の数と人の数、
間違ってるのは人の数です。

いったん冷やし中華食べて
落ち着きます。",1,0,,419,1,64033,509,0,https://x.com/Un4v5s8bgsVk9Xp/status/2092237758689628269,cdn.syndication.twimg.com/tweet-result,x_syndication_api_unauthenticated,2026-08-27T14:00:05.860799+00:00,1
2092902182790341023,2026-08-27T09:08:59.000Z,2026-08-27T09:08:59.276000+00:00,1528978792617611264,Un4v5s8bgsVk9Xp,1,zxx,https://t.co/bSYVu8HfKr,,0,1,https://pbs.twimg.com/media/HQt7cC2aQAA71Db.jpg,,0,112242,648,0,https://x.com/Un4v5s8bgsVk9Xp/status/2092902182790341023,cdn.syndication.twimg.com/tweet-result,x_syndication_api_unauthenticated,2026-08-27T15:08:23.151928+00:00,0
2093900520406855763,2026-08-30T03:16:01.000Z,2026-08-30T03:16:01.512000+00:00,1528978792617611264,Un4v5s8bgsVk9Xp,1,ja,"No.430、背景指定書作成完了。

おやすみなさい。 https://t.co/wmLB8kPIXX","No.430、背景指定書作成完了。

おやすみなさい。",1,1,https://pbs.twimg.com/media/HQ8Ha_xaUAE8uUF.jpg,430,1,36954,495,0,https://x.com/Un4v5s8bgsVk9Xp/status/2093900520406855763,api.x.com/2/users/:id/tweets,x_api_v2_bearer,2026-08-30T06:00:06.896497+00:00,0
2094673907626414299,2026-09-01T06:29:11.000Z,2026-09-01T06:29:11.394000+00:00,1528978792617611264,Un4v5s8bgsVk9Xp,1,ja,No.427、原稿完成。 https://t.co/MohufGEVuG,No.427、原稿完成。,1,1,https://pbs.twimg.com/media/HRHGz-LaUAASmgj.jpg,427,1,13827,287,0,https://x.com/Un4v5s8bgsVk9Xp/status/2094673907626414299,api.x.com/2/users/:id/tweets,x_api_v2_bearer,2026-09-01T07:00:05.674159+00:00,0
