seq,issue_year,issue_label,issue_no_first,issue_no_last,is_combined,cover_date,on_sale_date,on_sale_provenance,days_to_next_issue,hxh_chapter,hxh_issue_cumulative
0,1997,1号,1,1,0,1997-01-01,1996-12-18,inferred_cover_minus_14d,7,,
1,1997,2号,2,2,0,1997-01-08,1996-12-25,inferred_cover_minus_14d,2,,
2,1997,3・4号,3,4,1,1997-01-10,1996-12-27,inferred_cover_minus_14d,6,,
3,1997,5・6号,5,6,1,1997-01-16,1997-01-02,inferred_cover_minus_14d,13,,
4,1997,7号,7,7,0,1997-01-29,1997-01-15,inferred_cover_minus_14d,5,,
5,1997,8号,8,8,0,1997-02-03,1997-01-20,inferred_cover_minus_14d,7,,
6,1997,9号,9,9,0,1997-02-10,1997-01-27,inferred_cover_minus_14d,7,,
7,1997,10号,10,10,0,1997-02-17,1997-02-03,inferred_cover_minus_14d,7,,
8,1997,11号,11,11,0,1997-02-24,1997-02-10,inferred_cover_minus_14d,7,,
9,1997,12号,12,12,0,1997-03-03,1997-02-17,inferred_cover_minus_14d,7,,
10,1997,13号,13,13,0,1997-03-10,1997-02-24,inferred_cover_minus_14d,7,,
11,1997,14号,14,14,0,1997-03-17,1997-03-03,inferred_cover_minus_14d,7,,
12,1997,15号,15,15,0,1997-03-24,1997-03-10,inferred_cover_minus_14d,7,,
13,1997,16号,16,16,0,1997-03-31,1997-03-17,inferred_cover_minus_14d,7,,
14,1997,17号,17,17,0,1997-04-07,1997-03-24,inferred_cover_minus_14d,7,,
15,1997,18号,18,18,0,1997-04-14,1997-03-31,inferred_cover_minus_14d,7,,
16,1997,19号,19,19,0,1997-04-21,1997-04-07,inferred_cover_minus_14d,7,,
17,1997,20号,20,20,0,1997-04-28,1997-04-14,inferred_cover_minus_14d,7,,
18,1997,21号,21,21,0,1997-05-05,1997-04-21,inferred_cover_minus_14d,7,,
19,1997,22・23号,22,23,1,1997-05-12,1997-04-28,inferred_cover_minus_14d,14,,
20,1997,24号,24,24,0,1997-05-26,1997-05-12,inferred_cover_minus_14d,7,,
21,1997,25号,25,25,0,1997-06-02,1997-05-19,inferred_cover_minus_14d,7,,
22,1997,26号,26,26,0,1997-06-09,1997-05-26,inferred_cover_minus_14d,7,,
23,1997,27号,27,27,0,1997-06-16,1997-06-02,inferred_cover_minus_14d,7,,
24,1997,28号,28,28,0,1997-06-23,1997-06-09,inferred_cover_minus_14d,7,,
25,1997,29号,29,29,0,1997-06-30,1997-06-16,inferred_cover_minus_14d,7,,
26,1997,30号,30,30,0,1997-07-07,1997-06-23,inferred_cover_minus_14d,7,,
27,1997,31号,31,31,0,1997-07-14,1997-06-30,inferred_cover_minus_14d,7,,
28,1997,32号,32,32,0,1997-07-21,1997-07-07,inferred_cover_minus_14d,7,,
29,1997,33号,33,33,0,1997-07-28,1997-07-14,inferred_cover_minus_14d,7,,
30,1997,34号,34,34,0,1997-08-04,1997-07-21,inferred_cover_minus_14d,7,,
31,1997,35号,35,35,0,1997-08-11,1997-07-28,inferred_cover_minus_14d,7,,
32,1997,36号,36,36,0,1997-08-18,1997-08-04,inferred_cover_minus_14d,7,,
33,1997,37・38号,37,38,1,1997-08-25,1997-08-11,inferred_cover_minus_14d,14,,
34,1997,39号,39,39,0,1997-09-08,1997-08-25,inferred_cover_minus_14d,7,,
35,1997,40号,40,40,0,1997-09-15,1997-09-01,inferred_cover_minus_14d,7,,
36,1997,41号,41,41,0,1997-09-22,1997-09-08,inferred_cover_minus_14d,7,,
37,1997,42号,42,42,0,1997-09-29,1997-09-15,inferred_cover_minus_14d,7,,
38,1997,43号,43,43,0,1997-10-06,1997-09-22,inferred_cover_minus_14d,7,,
39,1997,44号,44,44,0,1997-10-13,1997-09-29,inferred_cover_minus_14d,7,,
40,1997,45号,45,45,0,1997-10-20,1997-10-06,inferred_cover_minus_14d,7,,
41,1997,46号,46,46,0,1997-10-27,1997-10-13,inferred_cover_minus_14d,7,,
42,1997,47号,47,47,0,1997-11-03,1997-10-20,inferred_cover_minus_14d,7,,
43,1997,48号,48,48,0,1997-11-10,1997-10-27,inferred_cover_minus_14d,7,,
44,1997,49号,49,49,0,1997-11-17,1997-11-03,inferred_cover_minus_14d,7,,
45,1997,50号,50,50,0,1997-11-24,1997-11-10,inferred_cover_minus_14d,7,,
46,1997,51号,51,51,0,1997-12-01,1997-11-17,inferred_cover_minus_14d,7,,
47,1997,52号,52,52,0,1997-12-08,1997-11-24,inferred_cover_minus_14d,24,,
48,1998,1号,1,1,0,1998-01-01,1997-12-18,inferred_cover_minus_14d,7,,
49,1998,2・3号,2,3,1,1998-01-08,1997-12-25,inferred_cover_minus_14d,7,,
50,1998,4・5号,4,5,1,1998-01-15,1998-01-01,inferred_cover_minus_14d,11,,
51,1998,6号,6,6,0,1998-01-26,1998-01-12,inferred_cover_minus_14d,5,,
52,1998,7号,7,7,0,1998-01-31,1998-01-17,inferred_cover_minus_14d,2,,
53,1998,8号,8,8,0,1998-02-02,1998-01-19,inferred_cover_minus_14d,7,,
54,1998,9号,9,9,0,1998-02-09,1998-01-26,inferred_cover_minus_14d,7,,
55,1998,10号,10,10,0,1998-02-16,1998-02-02,inferred_cover_minus_14d,7,,
56,1998,11号,11,11,0,1998-02-23,1998-02-09,inferred_cover_minus_14d,7,,
57,1998,12号,12,12,0,1998-03-02,1998-02-16,inferred_cover_minus_14d,7,,
58,1998,13号,13,13,0,1998-03-09,1998-02-23,inferred_cover_minus_14d,7,,
59,1998,14号,14,14,0,1998-03-16,1998-03-02,observed_hunterpedia,7,1,1487
60,1998,15号,15,15,0,1998-03-23,1998-03-09,observed_hunterpedia,7,2,1488
61,1998,16号,16,16,0,1998-03-30,1998-03-16,observed_hunterpedia,7,3,1489
62,1998,17号,17,17,0,1998-04-06,1998-03-23,observed_hunterpedia,7,4,1490
63,1998,18号,18,18,0,1998-04-13,1998-03-30,observed_hunterpedia,7,5,1491
64,1998,19号,19,19,0,1998-04-20,1998-04-06,observed_hunterpedia,7,6,1492
65,1998,20号,20,20,0,1998-04-27,1998-04-13,observed_hunterpedia,7,7,1493
66,1998,21号,21,21,0,1998-05-04,1998-04-20,observed_hunterpedia,7,8,1494
67,1998,22・23号,22,23,1,1998-05-11,1998-04-27,observed_hunterpedia,14,9,1495
68,1998,24号,24,24,0,1998-05-25,1998-05-11,observed_hunterpedia,7,10,1496
69,1998,25号,25,25,0,1998-06-01,1998-05-18,observed_hunterpedia,7,11,1497
70,1998,26号,26,26,0,1998-06-08,1998-05-25,observed_hunterpedia,7,12,1498
71,1998,27号,27,27,0,1998-06-15,1998-06-01,inferred_cover_minus_14d,7,,
72,1998,28号,28,28,0,1998-06-22,1998-06-08,observed_hunterpedia,7,13,1500
73,1998,29号,29,29,0,1998-06-29,1998-06-15,observed_hunterpedia,7,14,1501
74,1998,30号,30,30,0,1998-07-06,1998-06-22,observed_hunterpedia,7,15,1502
75,1998,31号,31,31,0,1998-07-13,1998-06-29,observed_hunterpedia,7,16,1503
76,1998,32号,32,32,0,1998-07-20,1998-07-06,observed_hunterpedia,7,17,1504
77,1998,33号,33,33,0,1998-07-27,1998-07-13,observed_hunterpedia,5,18,1505
78,1998,34号,34,34,0,1998-08-03,1998-07-18,observed_hunterpedia,9,19,1506
79,1998,35号,35,35,0,1998-08-10,1998-07-27,observed_hunterpedia,7,20,1507
80,1998,36号,36,36,0,1998-08-17,1998-08-03,observed_hunterpedia,7,21,1508
81,1998,37・38号,37,38,1,1998-08-24,1998-08-10,observed_hunterpedia,14,22,1509
82,1998,39号,39,39,0,1998-09-07,1998-08-24,observed_hunterpedia,7,23,1510
83,1998,40号,40,40,0,1998-09-14,1998-08-31,observed_hunterpedia,7,24,1511
84,1998,41号,41,41,0,1998-09-21,1998-09-07,inferred_cover_minus_14d,7,,
85,1998,42号,42,42,0,1998-09-28,1998-09-14,observed_hunterpedia,7,25,1513
86,1998,43号,43,43,0,1998-10-05,1998-09-21,observed_hunterpedia,7,26,1514
87,1998,44号,44,44,0,1998-10-12,1998-09-28,observed_hunterpedia,7,27,1515
88,1998,45号,45,45,0,1998-10-19,1998-10-05,observed_hunterpedia,7,28,1516
89,1998,46号,46,46,0,1998-10-26,1998-10-12,observed_hunterpedia,7,29,1517
90,1998,47号,47,47,0,1998-11-02,1998-10-19,observed_hunterpedia,7,30,1518
91,1998,48号,48,48,0,1998-11-09,1998-10-26,observed_hunterpedia,7,31,1519
92,1998,49号,49,49,0,1998-11-16,1998-11-02,observed_hunterpedia,7,32,1520
93,1998,50号,50,50,0,1998-11-23,1998-11-09,observed_hunterpedia,7,33,1521
94,1998,51号,51,51,0,1998-11-30,1998-11-16,inferred_cover_minus_14d,5,,
95,1998,52号,52,52,0,1998-12-07,1998-11-21,observed_hunterpedia,27,34,1523
96,1999,1号,1,1,0,1999-01-01,1998-12-18,inferred_cover_minus_14d,7,,
97,1999,2・3号,2,3,1,1999-01-08,1998-12-25,inferred_cover_minus_14d,-6,,
98,1999,4・5号,4,5,1,1999-01-15,1998-12-19,observed_hunterpedia,16,35,1526
99,1999,6号,6,6,0,1999-01-28,1999-01-04,observed_hunterpedia,7,36,1527
100,1999,7号,7,7,0,1999-01-31,1999-01-11,observed_hunterpedia,7,37,1528
101,1999,8号,8,8,0,1999-02-01,1999-01-18,observed_hunterpedia,7,38,1529
102,1999,9号,9,9,0,1999-02-08,1999-01-25,inferred_cover_minus_14d,7,,
103,1999,10号,10,10,0,1999-02-15,1999-02-01,inferred_cover_minus_14d,7,,
104,1999,11号,11,11,0,1999-02-22,1999-02-08,inferred_cover_minus_14d,7,,
105,1999,12号,12,12,0,1999-03-01,1999-02-15,observed_hunterpedia,7,39,1533
106,1999,13号,13,13,0,1999-03-08,1999-02-22,observed_hunterpedia,7,40,1534
107,1999,14号,14,14,0,1999-03-15,1999-03-01,inferred_cover_minus_14d,7,,
108,1999,15号,15,15,0,1999-03-22,1999-03-08,observed_hunterpedia,7,41,1536
109,1999,16号,16,16,0,1999-03-29,1999-03-15,observed_hunterpedia,5,42,1537
110,1999,17号,17,17,0,1999-04-05,1999-03-20,observed_hunterpedia,9,43,1538
111,1999,18号,18,18,0,1999-04-12,1999-03-29,observed_hunterpedia,7,44,1539
112,1999,19号,19,19,0,1999-04-19,1999-04-05,observed_hunterpedia,7,45,1540
113,1999,20号,20,20,0,1999-04-26,1999-04-12,observed_hunterpedia,7,46,1541
114,1999,21号,21,21,0,1999-05-03,1999-04-19,observed_hunterpedia,7,47,1542
115,1999,22・23号,22,23,1,1999-05-10,1999-04-26,observed_hunterpedia,14,48,1543
116,1999,24号,24,24,0,1999-05-24,1999-05-10,observed_hunterpedia,7,49,1544
117,1999,25号,25,25,0,1999-05-31,1999-05-17,observed_hunterpedia,7,50,1545
118,1999,26号,26,26,0,1999-06-07,1999-05-24,observed_hunterpedia,7,51,1546
119,1999,27号,27,27,0,1999-06-14,1999-05-31,inferred_cover_minus_14d,7,,
120,1999,28号,28,28,0,1999-06-21,1999-06-07,inferred_cover_minus_14d,7,,
121,1999,29号,29,29,0,1999-06-28,1999-06-14,inferred_cover_minus_14d,7,,
122,1999,30号,30,30,0,1999-07-05,1999-06-21,observed_hunterpedia,7,52,1550
123,1999,31号,31,31,0,1999-07-12,1999-06-28,inferred_cover_minus_14d,7,,
124,1999,32号,32,32,0,1999-07-19,1999-07-05,observed_hunterpedia,7,53,1552
125,1999,33号,33,33,0,1999-07-26,1999-07-12,inferred_cover_minus_14d,7,,
126,1999,34号,34,34,0,1999-08-02,1999-07-19,inferred_cover_minus_14d,7,,
127,1999,35号,35,35,0,1999-08-09,1999-07-26,inferred_cover_minus_14d,7,,
128,1999,36号,36,36,0,1999-08-16,1999-08-02,inferred_cover_minus_14d,7,,
129,1999,37・38号,37,38,1,1999-08-23,1999-08-09,observed_hunterpedia,14,54,1557
130,1999,39号,39,39,0,1999-09-06,1999-08-23,observed_hunterpedia,7,55,1558
131,1999,40号,40,40,0,1999-09-13,1999-08-30,observed_hunterpedia,7,56,1559
132,1999,41号,41,41,0,1999-09-20,1999-09-06,inferred_cover_minus_14d,7,,
133,1999,42号,42,42,0,1999-09-27,1999-09-13,observed_hunterpedia,7,57,1561
134,1999,43号,43,43,0,1999-10-04,1999-09-20,observed_hunterpedia,7,58,1562
135,1999,44号,44,44,0,1999-10-11,1999-09-27,observed_hunterpedia,7,59,1563
136,1999,45号,45,45,0,1999-10-18,1999-10-04,observed_hunterpedia,5,60,1564
137,1999,46号,46,46,0,1999-10-25,1999-10-09,observed_hunterpedia,9,61,1565
138,1999,47号,47,47,0,1999-11-01,1999-10-18,observed_hunterpedia,7,62,1566
139,1999,48号,48,48,0,1999-11-08,1999-10-25,observed_hunterpedia,7,63,1567
140,1999,49号,49,49,0,1999-11-15,1999-11-01,observed_hunterpedia,7,64,1568
141,1999,50号,50,50,0,1999-11-22,1999-11-08,observed_hunterpedia,7,65,1569
142,1999,51号,51,51,0,1999-11-29,1999-11-15,observed_hunterpedia,7,66,1570
143,1999,52・53号,52,53,1,1999-12-06,1999-11-22,observed_hunterpedia,14,67,1571
144,2000,1号,1,1,0,2000-01-01,1999-12-06,observed_hunterpedia,7,68,1572
145,2000,2号,2,2,0,2000-01-08,1999-12-13,observed_hunterpedia,7,69,1573
146,2000,3・4号,3,4,1,2000-01-10,1999-12-20,observed_hunterpedia,14,70,1574
147,2000,5・6号,5,6,1,2000-01-16,2000-01-03,observed_hunterpedia,14,71,1575
148,2000,7号,7,7,0,2000-01-31,2000-01-17,observed_hunterpedia,7,72,1576
149,2000,8号,8,8,0,2000-02-07,2000-01-24,observed_hunterpedia,7,73,1577
150,2000,9号,9,9,0,2000-02-14,2000-01-31,inferred_cover_minus_14d,7,,
151,2000,10号,10,10,0,2000-02-21,2000-02-07,observed_hunterpedia,7,74,1579
152,2000,11号,11,11,0,2000-02-28,2000-02-14,observed_hunterpedia,7,75,1580
153,2000,12号,12,12,0,2000-03-06,2000-02-21,observed_hunterpedia,7,76,1581
154,2000,13号,13,13,0,2000-03-13,2000-02-28,observed_hunterpedia,7,77,1582
155,2000,14号,14,14,0,2000-03-20,2000-03-06,observed_hunterpedia,7,78,1583
156,2000,15号,15,15,0,2000-03-27,2000-03-13,observed_hunterpedia,5,79,1584
157,2000,16号,16,16,0,2000-04-03,2000-03-18,observed_hunterpedia,9,80,1585
158,2000,17号,17,17,0,2000-04-10,2000-03-27,observed_hunterpedia,7,81,1586
159,2000,18号,18,18,0,2000-04-17,2000-04-03,observed_hunterpedia,7,82,1587
160,2000,19号,19,19,0,2000-04-24,2000-04-10,observed_hunterpedia,7,83,1588
161,2000,20号,20,20,0,2000-05-01,2000-04-17,observed_hunterpedia,7,84,1589
162,2000,21・22号,21,22,1,2000-05-08,2000-04-24,observed_hunterpedia,14,85,1590
163,2000,23号,23,23,0,2000-05-22,2000-05-08,observed_hunterpedia,7,86,1591
164,2000,24号,24,24,0,2000-05-29,2000-05-15,observed_hunterpedia,7,87,1592
165,2000,25号,25,25,0,2000-06-05,2000-05-22,inferred_cover_minus_14d,7,,
166,2000,26号,26,26,0,2000-06-12,2000-05-29,observed_hunterpedia,7,88,1594
167,2000,27号,27,27,0,2000-06-19,2000-06-05,inferred_cover_minus_14d,7,,
168,2000,28号,28,28,0,2000-06-26,2000-06-12,inferred_cover_minus_14d,7,,
169,2000,29号,29,29,0,2000-07-03,2000-06-19,inferred_cover_minus_14d,7,,
170,2000,30号,30,30,0,2000-07-10,2000-06-26,inferred_cover_minus_14d,7,,
171,2000,31号,31,31,0,2000-07-17,2000-07-03,inferred_cover_minus_14d,7,,
172,2000,32号,32,32,0,2000-07-24,2000-07-10,inferred_cover_minus_14d,7,,
173,2000,33号,33,33,0,2000-07-31,2000-07-17,observed_hunterpedia,7,89,1601
174,2000,34号,34,34,0,2000-08-07,2000-07-24,observed_hunterpedia,7,90,1602
175,2000,35号,35,35,0,2000-08-14,2000-07-31,observed_hunterpedia,7,91,1603
176,2000,36・37号,36,37,1,2000-08-21,2000-08-07,observed_hunterpedia,14,92,1604
177,2000,38号,38,38,0,2000-09-04,2000-08-21,observed_hunterpedia,7,93,1605
178,2000,39号,39,39,0,2000-09-11,2000-08-28,observed_hunterpedia,7,94,1606
179,2000,40号,40,40,0,2000-09-18,2000-09-04,observed_hunterpedia,7,95,1607
180,2000,41号,41,41,0,2000-09-25,2000-09-11,observed_hunterpedia,7,96,1608
181,2000,42号,42,42,0,2000-10-02,2000-09-18,observed_hunterpedia,7,97,1609
182,2000,43号,43,43,0,2000-10-09,2000-09-25,observed_hunterpedia,7,98,1610
183,2000,44号,44,44,0,2000-10-16,2000-10-02,inferred_cover_minus_14d,5,,
184,2000,45号,45,45,0,2000-10-23,2000-10-07,observed_hunterpedia,9,99,1612
185,2000,46号,46,46,0,2000-10-30,2000-10-16,observed_hunterpedia,7,100,1613
186,2000,47号,47,47,0,2000-11-06,2000-10-23,observed_hunterpedia,7,101,1614
187,2000,48号,48,48,0,2000-11-13,2000-10-30,inferred_cover_minus_14d,7,,
188,2000,49号,49,49,0,2000-11-20,2000-11-06,inferred_cover_minus_14d,7,,
189,2000,50号,50,50,0,2000-11-27,2000-11-13,inferred_cover_minus_14d,7,,
190,2000,51号,51,51,0,2000-12-04,2000-11-20,inferred_cover_minus_14d,7,,
191,2000,52号,52,52,0,2000-12-11,2000-11-27,observed_hunterpedia,21,102,1619
192,2001,1号,1,1,0,2001-01-01,2000-12-18,inferred_cover_minus_14d,-7,,
193,2001,2号,2,2,0,2001-01-08,2000-12-11,observed_hunterpedia,7,103,1621
194,2001,3・4号,3,4,1,2001-01-10,2000-12-18,observed_hunterpedia,17,104,1622
195,2001,5・6号,5,6,1,2001-01-17,2001-01-04,observed_hunterpedia,11,105,1623
196,2001,7号,7,7,0,2001-01-29,2001-01-15,inferred_cover_minus_14d,7,,
197,2001,8号,8,8,0,2001-02-05,2001-01-22,observed_hunterpedia,7,106,1625
198,2001,9号,9,9,0,2001-02-12,2001-01-29,observed_hunterpedia,7,107,1626
199,2001,10号,10,10,0,2001-02-19,2001-02-05,inferred_cover_minus_14d,5,,
200,2001,11号,11,11,0,2001-02-26,2001-02-10,observed_hunterpedia,9,108,1628
201,2001,12号,12,12,0,2001-03-05,2001-02-19,observed_hunterpedia,7,109,1629
202,2001,13号,13,13,0,2001-03-12,2001-02-26,observed_hunterpedia,7,110,1630
203,2001,14号,14,14,0,2001-03-19,2001-03-05,inferred_cover_minus_14d,7,,
204,2001,15号,15,15,0,2001-03-26,2001-03-12,inferred_cover_minus_14d,7,,
205,2001,16号,16,16,0,2001-04-02,2001-03-19,observed_hunterpedia,7,111,1633
206,2001,17号,17,17,0,2001-04-09,2001-03-26,observed_hunterpedia,7,112,1634
207,2001,18号,18,18,0,2001-04-16,2001-04-02,observed_hunterpedia,7,113,1635
208,2001,19号,19,19,0,2001-04-23,2001-04-09,observed_hunterpedia,7,114,1636
209,2001,20号,20,20,0,2001-04-30,2001-04-16,observed_hunterpedia,7,115,1637
210,2001,21・22号,21,22,1,2001-05-07,2001-04-23,observed_hunterpedia,14,116,1638
211,2001,23号,23,23,0,2001-05-21,2001-05-07,observed_hunterpedia,7,117,1639
212,2001,24号,24,24,0,2001-05-28,2001-05-14,observed_hunterpedia,7,118,1640
213,2001,25号,25,25,0,2001-06-04,2001-05-21,observed_hunterpedia,7,119,1641
214,2001,26号,26,26,0,2001-06-11,2001-05-28,inferred_cover_minus_14d,7,,
215,2001,27号,27,27,0,2001-06-18,2001-06-04,inferred_cover_minus_14d,7,,
216,2001,28号,28,28,0,2001-06-25,2001-06-11,observed_hunterpedia,7,120,1644
217,2001,29号,29,29,0,2001-07-02,2001-06-18,observed_hunterpedia,7,121,1645
218,2001,30号,30,30,0,2001-07-09,2001-06-25,observed_hunterpedia,7,122,1646
219,2001,31号,31,31,0,2001-07-16,2001-07-02,observed_hunterpedia,7,123,1647
220,2001,32号,32,32,0,2001-07-23,2001-07-09,observed_hunterpedia,7,124,1648
221,2001,33号,33,33,0,2001-07-30,2001-07-16,inferred_cover_minus_14d,7,,
222,2001,34号,34,34,0,2001-08-06,2001-07-23,observed_hunterpedia,7,125,1650
223,2001,35号,35,35,0,2001-08-13,2001-07-30,observed_hunterpedia,7,126,1651
224,2001,36・37号,36,37,1,2001-08-20,2001-08-06,inferred_cover_minus_14d,14,,
225,2001,38号,38,38,0,2001-09-03,2001-08-20,observed_hunterpedia,7,127,1653
226,2001,39号,39,39,0,2001-09-10,2001-08-27,inferred_cover_minus_14d,7,,
227,2001,40号,40,40,0,2001-09-17,2001-09-03,inferred_cover_minus_14d,7,,
228,2001,41号,41,41,0,2001-09-24,2001-09-10,inferred_cover_minus_14d,7,,
229,2001,42号,42,42,0,2001-10-01,2001-09-17,inferred_cover_minus_14d,7,,
230,2001,43号,43,43,0,2001-10-08,2001-09-24,inferred_cover_minus_14d,7,,
231,2001,44号,44,44,0,2001-10-15,2001-10-01,observed_hunterpedia,5,128,1659
232,2001,45号,45,45,0,2001-10-22,2001-10-06,observed_hunterpedia,9,129,1660
233,2001,46号,46,46,0,2001-10-29,2001-10-15,observed_hunterpedia,7,130,1661
234,2001,47号,47,47,0,2001-11-05,2001-10-22,observed_hunterpedia,7,131,1662
235,2001,48号,48,48,0,2001-11-12,2001-10-29,observed_hunterpedia,7,132,1663
236,2001,49号,49,49,0,2001-11-19,2001-11-05,inferred_cover_minus_14d,7,,
237,2001,50号,50,50,0,2001-11-26,2001-11-12,inferred_cover_minus_14d,7,,
238,2001,51号,51,51,0,2001-12-03,2001-11-19,observed_hunterpedia,7,133,1666
239,2001,52号,52,52,0,2001-12-10,2001-11-26,observed_hunterpedia,22,134,1667
240,2002,1号,1,1,0,2002-01-01,2001-12-18,inferred_cover_minus_14d,7,,
241,2002,2号,2,2,0,2002-01-08,2001-12-25,inferred_cover_minus_14d,-8,,
242,2002,3号,3,3,0,2002-01-15,2001-12-17,observed_hunterpedia,11,135,1670
243,2002,4・5号,4,5,1,2002-01-17,2001-12-28,observed_hunterpedia,10,136,1671
244,2002,6・7号,6,7,1,2002-01-23,2002-01-07,observed_hunterpedia,14,137,1672
245,2002,8号,8,8,0,2002-02-04,2002-01-21,observed_hunterpedia,7,138,1673
246,2002,9号,9,9,0,2002-02-11,2002-01-28,observed_hunterpedia,7,139,1674
247,2002,10号,10,10,0,2002-02-18,2002-02-04,inferred_cover_minus_14d,5,,
248,2002,11号,11,11,0,2002-02-25,2002-02-09,observed_hunterpedia,9,140,1676
249,2002,12号,12,12,0,2002-03-04,2002-02-18,observed_hunterpedia,7,141,1677
250,2002,13号,13,13,0,2002-03-11,2002-02-25,inferred_cover_minus_14d,7,,
251,2002,14号,14,14,0,2002-03-18,2002-03-04,observed_hunterpedia,7,142,1679
252,2002,15号,15,15,0,2002-03-25,2002-03-11,observed_hunterpedia,7,143,1680
253,2002,16号,16,16,0,2002-04-01,2002-03-18,observed_hunterpedia,7,144,1681
254,2002,17号,17,17,0,2002-04-08,2002-03-25,inferred_cover_minus_14d,7,,
255,2002,18号,18,18,0,2002-04-15,2002-04-01,observed_hunterpedia,7,145,1683
256,2002,19号,19,19,0,2002-04-22,2002-04-08,inferred_cover_minus_14d,7,,
257,2002,20号,20,20,0,2002-04-29,2002-04-15,inferred_cover_minus_14d,7,,
258,2002,21号,21,21,0,2002-05-06,2002-04-22,inferred_cover_minus_14d,5,,
259,2002,22・23号,22,23,1,2002-05-13,2002-04-27,observed_hunterpedia,16,146,1687
260,2002,24号,24,24,0,2002-05-27,2002-05-13,observed_hunterpedia,7,147,1688
261,2002,25号,25,25,0,2002-06-03,2002-05-20,observed_hunterpedia,7,148,1689
262,2002,26号,26,26,0,2002-06-10,2002-05-27,inferred_cover_minus_14d,7,,
263,2002,27号,27,27,0,2002-06-17,2002-06-03,inferred_cover_minus_14d,7,,
264,2002,28号,28,28,0,2002-06-24,2002-06-10,inferred_cover_minus_14d,7,,
265,2002,29号,29,29,0,2002-07-01,2002-06-17,inferred_cover_minus_14d,7,,
266,2002,30号,30,30,0,2002-07-08,2002-06-24,inferred_cover_minus_14d,7,,
267,2002,31号,31,31,0,2002-07-15,2002-07-01,inferred_cover_minus_14d,7,,
268,2002,32号,32,32,0,2002-07-22,2002-07-08,observed_hunterpedia,7,149,1696
269,2002,33号,33,33,0,2002-07-29,2002-07-15,observed_hunterpedia,7,150,1697
270,2002,34号,34,34,0,2002-08-05,2002-07-22,observed_hunterpedia,7,151,1698
271,2002,35号,35,35,0,2002-08-12,2002-07-29,inferred_cover_minus_14d,7,,
272,2002,36号,36,36,0,2002-08-19,2002-08-05,observed_hunterpedia,7,152,1700
273,2002,37・38号,37,38,1,2002-08-26,2002-08-12,observed_hunterpedia,14,153,1701
274,2002,39号,39,39,0,2002-09-09,2002-08-26,observed_hunterpedia,7,154,1702
275,2002,40号,40,40,0,2002-09-16,2002-09-02,inferred_cover_minus_14d,7,,
276,2002,41号,41,41,0,2002-09-23,2002-09-09,observed_hunterpedia,5,155,1704
277,2002,42号,42,42,0,2002-09-30,2002-09-14,observed_hunterpedia,9,156,1705
278,2002,43号,43,43,0,2002-10-07,2002-09-23,observed_hunterpedia,7,157,1706
279,2002,44号,44,44,0,2002-10-14,2002-09-30,observed_hunterpedia,7,158,1707
280,2002,45号,45,45,0,2002-10-21,2002-10-07,inferred_cover_minus_14d,5,,
281,2002,46号,46,46,0,2002-10-28,2002-10-12,observed_hunterpedia,9,159,1709
282,2002,47号,47,47,0,2002-11-04,2002-10-21,inferred_cover_minus_14d,7,,
283,2002,48号,48,48,0,2002-11-11,2002-10-28,observed_hunterpedia,5,160,1711
284,2002,49号,49,49,0,2002-11-18,2002-11-02,observed_hunterpedia,9,161,1712
285,2002,50号,50,50,0,2002-11-25,2002-11-11,observed_hunterpedia,7,162,1713
286,2002,51号,51,51,0,2002-12-02,2002-11-18,observed_hunterpedia,7,163,1714
287,2002,52号,52,52,0,2002-12-09,2002-11-25,observed_hunterpedia,7,164,1715
288,2003,1号,1,1,0,2003-01-01,2002-12-02,observed_hunterpedia,7,165,1716
289,2003,2号,2,2,0,2003-01-08,2002-12-09,observed_hunterpedia,7,166,1717
290,2003,3・4号,3,4,1,2003-01-10,2002-12-16,observed_hunterpedia,14,167,1718
291,2003,5号,5,5,0,2003-01-22,2002-12-30,observed_hunterpedia,7,168,1719
292,2003,6・7号,6,7,1,2003-01-23,2003-01-06,observed_hunterpedia,14,169,1720
293,2003,8号,8,8,0,2003-02-03,2003-01-20,observed_hunterpedia,7,170,1721
294,2003,9号,9,9,0,2003-02-10,2003-01-27,observed_hunterpedia,7,171,1722
295,2003,10号,10,10,0,2003-02-17,2003-02-03,observed_hunterpedia,7,172,1723
296,2003,11号,11,11,0,2003-02-24,2003-02-10,inferred_cover_minus_14d,7,,
297,2003,12号,12,12,0,2003-03-03,2003-02-17,observed_hunterpedia,7,173,1725
298,2003,13号,13,13,0,2003-03-10,2003-02-24,observed_hunterpedia,7,174,1726
299,2003,14号,14,14,0,2003-03-17,2003-03-03,observed_hunterpedia,7,175,1727
300,2003,15号,15,15,0,2003-03-24,2003-03-10,observed_hunterpedia,7,176,1728
301,2003,16号,16,16,0,2003-03-31,2003-03-17,inferred_cover_minus_14d,7,,
302,2003,17号,17,17,0,2003-04-07,2003-03-24,observed_hunterpedia,7,177,1730
303,2003,18号,18,18,0,2003-04-14,2003-03-31,observed_hunterpedia,7,178,1731
304,2003,19号,19,19,0,2003-04-21,2003-04-07,inferred_cover_minus_14d,7,,
305,2003,20号,20,20,0,2003-04-28,2003-04-14,observed_hunterpedia,7,179,1733
306,2003,21号,21,21,0,2003-05-05,2003-04-21,observed_hunterpedia,7,180,1734
307,2003,22・23号,22,23,1,2003-05-12,2003-04-28,observed_hunterpedia,14,181,1735
308,2003,24号,24,24,0,2003-05-26,2003-05-12,observed_hunterpedia,7,182,1736
309,2003,25号,25,25,0,2003-06-02,2003-05-19,inferred_cover_minus_14d,7,,
310,2003,26号,26,26,0,2003-06-09,2003-05-26,observed_hunterpedia,7,183,1738
311,2003,27号,27,27,0,2003-06-16,2003-06-02,observed_hunterpedia,7,184,1739
312,2003,28号,28,28,0,2003-06-23,2003-06-09,observed_hunterpedia,7,185,1740
313,2003,29号,29,29,0,2003-06-30,2003-06-16,inferred_cover_minus_14d,7,,
314,2003,30号,30,30,0,2003-07-07,2003-06-23,observed_hunterpedia,7,186,1742
315,2003,31号,31,31,0,2003-07-14,2003-06-30,observed_hunterpedia,7,187,1743
316,2003,32号,32,32,0,2003-07-21,2003-07-07,observed_hunterpedia,7,188,1744
317,2003,33号,33,33,0,2003-07-28,2003-07-14,inferred_cover_minus_14d,5,,
318,2003,34号,34,34,0,2003-08-04,2003-07-19,observed_hunterpedia,9,189,1746
319,2003,35号,35,35,0,2003-08-11,2003-07-28,observed_hunterpedia,7,190,1747
320,2003,36号,36,36,0,2003-08-18,2003-08-04,inferred_cover_minus_14d,7,,
321,2003,37・38号,37,38,1,2003-08-25,2003-08-11,observed_hunterpedia,14,191,1749
322,2003,39号,39,39,0,2003-09-08,2003-08-25,observed_hunterpedia,7,192,1750
323,2003,40号,40,40,0,2003-09-15,2003-09-01,observed_hunterpedia,7,193,1751
324,2003,41号,41,41,0,2003-09-22,2003-09-08,inferred_cover_minus_14d,5,,
325,2003,42号,42,42,0,2003-09-29,2003-09-13,observed_hunterpedia,9,194,1753
326,2003,43号,43,43,0,2003-10-06,2003-09-22,observed_hunterpedia,7,195,1754
327,2003,44号,44,44,0,2003-10-13,2003-09-29,observed_hunterpedia,7,196,1755
328,2003,45号,45,45,0,2003-10-20,2003-10-06,observed_hunterpedia,7,197,1756
329,2003,46号,46,46,0,2003-10-27,2003-10-13,inferred_cover_minus_14d,7,,
330,2003,47号,47,47,0,2003-11-03,2003-10-20,observed_hunterpedia,7,198,1758
331,2003,48号,48,48,0,2003-11-10,2003-10-27,observed_hunterpedia,5,199,1759
332,2003,49号,49,49,0,2003-11-17,2003-11-01,observed_hunterpedia,9,200,1760
333,2003,50号,50,50,0,2003-11-24,2003-11-10,inferred_cover_minus_14d,7,,
334,2003,51号,51,51,0,2003-12-01,2003-11-17,observed_hunterpedia,5,201,1762
335,2003,52号,52,52,0,2003-12-08,2003-11-22,observed_hunterpedia,9,202,1763
336,2004,1号,1,1,0,2004-01-01,2003-12-01,observed_hunterpedia,24,203,1764
337,2004,2号,2,2,0,2004-01-08,2003-12-25,inferred_cover_minus_14d,-10,,
338,2004,3号,3,3,0,2004-01-15,2003-12-15,observed_hunterpedia,7,204,1766
339,2004,4・5号,4,5,1,2004-01-16,2003-12-22,observed_hunterpedia,14,205,1767
340,2004,6・7号,6,7,1,2004-01-23,2004-01-05,observed_hunterpedia,14,206,1768
341,2004,8号,8,8,0,2004-02-02,2004-01-19,inferred_cover_minus_14d,7,,
342,2004,9号,9,9,0,2004-02-09,2004-01-26,observed_hunterpedia,7,207,1770
343,2004,10号,10,10,0,2004-02-16,2004-02-02,observed_hunterpedia,7,208,1771
344,2004,11号,11,11,0,2004-02-23,2004-02-09,observed_hunterpedia,7,209,1772
345,2004,12号,12,12,0,2004-03-01,2004-02-16,inferred_cover_minus_14d,7,,
346,2004,13号,13,13,0,2004-03-08,2004-02-23,observed_hunterpedia,7,210,1774
347,2004,14号,14,14,0,2004-03-15,2004-03-01,observed_hunterpedia,7,211,1775
348,2004,15号,15,15,0,2004-03-22,2004-03-08,observed_hunterpedia,7,212,1776
349,2004,16号,16,16,0,2004-03-29,2004-03-15,inferred_cover_minus_14d,7,,
350,2004,17号,17,17,0,2004-04-05,2004-03-22,observed_hunterpedia,7,213,1778
351,2004,18号,18,18,0,2004-04-12,2004-03-29,observed_hunterpedia,7,214,1779
352,2004,19号,19,19,0,2004-04-19,2004-04-05,inferred_cover_minus_14d,7,,
353,2004,20号,20,20,0,2004-04-26,2004-04-12,inferred_cover_minus_14d,7,,
354,2004,21号,21,21,0,2004-05-03,2004-04-19,inferred_cover_minus_14d,7,,
355,2004,22・23号,22,23,1,2004-05-10,2004-04-26,observed_hunterpedia,14,215,1783
356,2004,24号,24,24,0,2004-05-24,2004-05-10,inferred_cover_minus_14d,7,,
357,2004,25号,25,25,0,2004-05-31,2004-05-17,inferred_cover_minus_14d,7,,
358,2004,26号,26,26,0,2004-06-07,2004-05-24,inferred_cover_minus_14d,7,,
359,2004,27号,27,27,0,2004-06-14,2004-05-31,inferred_cover_minus_14d,7,,
360,2004,28号,28,28,0,2004-06-21,2004-06-07,inferred_cover_minus_14d,7,,
361,2004,29号,29,29,0,2004-06-28,2004-06-14,inferred_cover_minus_14d,7,,
362,2004,30号,30,30,0,2004-07-05,2004-06-21,observed_hunterpedia,7,216,1790
363,2004,31号,31,31,0,2004-07-12,2004-06-28,inferred_cover_minus_14d,7,,
364,2004,32号,32,32,0,2004-07-19,2004-07-05,observed_hunterpedia,7,217,1792
365,2004,33号,33,33,0,2004-07-26,2004-07-12,inferred_cover_minus_14d,5,,
366,2004,34号,34,34,0,2004-08-02,2004-07-17,observed_hunterpedia,9,218,1794
367,2004,35号,35,35,0,2004-08-09,2004-07-26,observed_hunterpedia,7,219,1795
368,2004,36号,36,36,0,2004-08-16,2004-08-02,inferred_cover_minus_14d,7,,
369,2004,37・38号,37,38,1,2004-08-23,2004-08-09,observed_hunterpedia,14,220,1797
370,2004,39号,39,39,0,2004-09-06,2004-08-23,inferred_cover_minus_14d,7,,
371,2004,40号,40,40,0,2004-09-13,2004-08-30,observed_hunterpedia,7,221,1799
372,2004,41号,41,41,0,2004-09-20,2004-09-06,inferred_cover_minus_14d,7,,
373,2004,42号,42,42,0,2004-09-27,2004-09-13,inferred_cover_minus_14d,7,,
374,2004,43号,43,43,0,2004-10-04,2004-09-20,inferred_cover_minus_14d,7,,
375,2004,44号,44,44,0,2004-10-11,2004-09-27,inferred_cover_minus_14d,7,,
376,2004,45号,45,45,0,2004-10-18,2004-10-04,inferred_cover_minus_14d,5,,
377,2004,46号,46,46,0,2004-10-25,2004-10-09,observed_hunterpedia,9,222,1805
378,2004,47号,47,47,0,2004-11-01,2004-10-18,observed_hunterpedia,7,223,1806
379,2004,48号,48,48,0,2004-11-08,2004-10-25,inferred_cover_minus_14d,7,,
380,2004,49号,49,49,0,2004-11-15,2004-11-01,inferred_cover_minus_14d,7,,
381,2004,50号,50,50,0,2004-11-22,2004-11-08,inferred_cover_minus_14d,7,,
382,2004,51号,51,51,0,2004-11-29,2004-11-15,observed_hunterpedia,7,224,1810
383,2004,52号,52,52,0,2004-12-06,2004-11-22,observed_hunterpedia,7,225,1811
384,2004,53号,53,53,0,2004-12-13,2004-11-29,inferred_cover_minus_14d,7,,
385,2005,1号,1,1,0,2005-01-01,2004-12-06,observed_hunterpedia,19,226,1813
386,2005,2号,2,2,0,2005-01-08,2004-12-25,inferred_cover_minus_14d,-5,,
387,2005,3・4号,3,4,1,2005-01-13,2004-12-20,observed_hunterpedia,14,227,1815
388,2005,5・6号,5,6,1,2005-01-22,2005-01-03,observed_hunterpedia,14,228,1816
389,2005,7号,7,7,0,2005-01-31,2005-01-17,inferred_cover_minus_14d,7,,
390,2005,8号,8,8,0,2005-02-07,2005-01-24,observed_hunterpedia,7,229,1818
391,2005,9号,9,9,0,2005-02-14,2005-01-31,observed_hunterpedia,7,230,1819
392,2005,10号,10,10,0,2005-02-21,2005-02-07,observed_hunterpedia,7,231,1820
393,2005,11号,11,11,0,2005-02-28,2005-02-14,inferred_cover_minus_14d,7,,
394,2005,12号,12,12,0,2005-03-07,2005-02-21,observed_hunterpedia,7,232,1822
395,2005,13号,13,13,0,2005-03-14,2005-02-28,observed_hunterpedia,7,233,1823
396,2005,14号,14,14,0,2005-03-21,2005-03-07,observed_hunterpedia,7,234,1824
397,2005,15号,15,15,0,2005-03-28,2005-03-14,inferred_cover_minus_14d,5,,
398,2005,16号,16,16,0,2005-04-04,2005-03-19,observed_hunterpedia,9,235,1826
399,2005,17号,17,17,0,2005-04-11,2005-03-28,observed_hunterpedia,7,236,1827
400,2005,18号,18,18,0,2005-04-18,2005-04-04,inferred_cover_minus_14d,7,,
401,2005,19号,19,19,0,2005-04-25,2005-04-11,observed_hunterpedia,7,237,1829
402,2005,20号,20,20,0,2005-05-02,2005-04-18,observed_hunterpedia,7,238,1830
403,2005,21・22号,21,22,1,2005-05-09,2005-04-25,observed_hunterpedia,14,239,1831
404,2005,23号,23,23,0,2005-05-23,2005-05-09,inferred_cover_minus_14d,7,,
405,2005,24号,24,24,0,2005-05-30,2005-05-16,observed_hunterpedia,7,240,1833
406,2005,25号,25,25,0,2005-06-06,2005-05-23,observed_hunterpedia,7,241,1834
407,2005,26号,26,26,0,2005-06-13,2005-05-30,observed_hunterpedia,7,242,1835
408,2005,27号,27,27,0,2005-06-20,2005-06-06,inferred_cover_minus_14d,7,,
409,2005,28号,28,28,0,2005-06-27,2005-06-13,observed_hunterpedia,7,243,1837
410,2005,29号,29,29,0,2005-07-04,2005-06-20,observed_hunterpedia,7,244,1838
411,2005,30号,30,30,0,2005-07-11,2005-06-27,observed_hunterpedia,7,245,1839
412,2005,31号,31,31,0,2005-07-18,2005-07-04,inferred_cover_minus_14d,7,,
413,2005,32号,32,32,0,2005-07-25,2005-07-11,observed_hunterpedia,5,246,1841
414,2005,33号,33,33,0,2005-08-01,2005-07-16,observed_hunterpedia,9,247,1842
415,2005,34号,34,34,0,2005-08-08,2005-07-25,observed_hunterpedia,7,248,1843
416,2005,35号,35,35,0,2005-08-15,2005-08-01,inferred_cover_minus_14d,7,,
417,2005,36・37号,36,37,1,2005-08-22,2005-08-08,observed_hunterpedia,14,249,1845
418,2005,38号,38,38,0,2005-09-05,2005-08-22,observed_hunterpedia,7,250,1846
419,2005,39号,39,39,0,2005-09-12,2005-08-29,observed_hunterpedia,7,251,1847
420,2005,40号,40,40,0,2005-09-19,2005-09-05,inferred_cover_minus_14d,7,,
421,2005,41号,41,41,0,2005-09-26,2005-09-12,observed_hunterpedia,5,252,1849
422,2005,42号,42,42,0,2005-10-03,2005-09-17,observed_hunterpedia,9,253,1850
423,2005,43号,43,43,0,2005-10-10,2005-09-26,inferred_cover_minus_14d,7,,
424,2005,44号,44,44,0,2005-10-17,2005-10-03,inferred_cover_minus_14d,5,,
425,2005,45号,45,45,0,2005-10-24,2005-10-08,observed_hunterpedia,9,254,1853
426,2005,46号,46,46,0,2005-10-31,2005-10-17,observed_hunterpedia,7,255,1854
427,2005,47号,47,47,0,2005-11-07,2005-10-24,inferred_cover_minus_14d,7,,
428,2005,48号,48,48,0,2005-11-14,2005-10-31,inferred_cover_minus_14d,7,,
429,2005,49号,49,49,0,2005-11-21,2005-11-07,inferred_cover_minus_14d,7,,
430,2005,50号,50,50,0,2005-11-28,2005-11-14,observed_hunterpedia,7,256,1858
431,2005,51号,51,51,0,2005-12-05,2005-11-21,inferred_cover_minus_14d,7,,
432,2005,52号,52,52,0,2005-12-12,2005-11-28,inferred_cover_minus_14d,20,,
433,2006,1号,1,1,0,2006-01-01,2005-12-18,inferred_cover_minus_14d,7,,
434,2006,2号,2,2,0,2006-01-08,2005-12-25,inferred_cover_minus_14d,7,,
435,2006,3号,3,3,0,2006-01-15,2006-01-01,inferred_cover_minus_14d,5,,
436,2006,4・5号,4,5,1,2006-01-20,2006-01-06,inferred_cover_minus_14d,8,,
437,2006,6・7号,6,7,1,2006-01-28,2006-01-14,inferred_cover_minus_14d,9,,
438,2006,8号,8,8,0,2006-02-06,2006-01-23,observed_hunterpedia,7,257,1866
439,2006,9号,9,9,0,2006-02-13,2006-01-30,observed_hunterpedia,7,258,1867
440,2006,10号,10,10,0,2006-02-20,2006-02-06,observed_hunterpedia,7,259,1868
441,2006,11号,11,11,0,2006-02-27,2006-02-13,observed_hunterpedia,7,260,1869
442,2006,12号,12,12,0,2006-03-06,2006-02-20,inferred_cover_minus_14d,7,,
443,2006,13号,13,13,0,2006-03-13,2006-02-27,inferred_cover_minus_14d,7,,
444,2006,14号,14,14,0,2006-03-20,2006-03-06,inferred_cover_minus_14d,7,,
445,2006,15号,15,15,0,2006-03-27,2006-03-13,inferred_cover_minus_14d,7,,
446,2006,16号,16,16,0,2006-04-03,2006-03-20,inferred_cover_minus_14d,7,,
447,2006,17号,17,17,0,2006-04-10,2006-03-27,inferred_cover_minus_14d,7,,
448,2006,18号,18,18,0,2006-04-17,2006-04-03,inferred_cover_minus_14d,7,,
449,2006,19号,19,19,0,2006-04-24,2006-04-10,inferred_cover_minus_14d,7,,
450,2006,20号,20,20,0,2006-05-01,2006-04-17,inferred_cover_minus_14d,7,,
451,2006,21・22号,21,22,1,2006-05-08,2006-04-24,inferred_cover_minus_14d,14,,
452,2006,23号,23,23,0,2006-05-22,2006-05-08,inferred_cover_minus_14d,7,,
453,2006,24号,24,24,0,2006-05-29,2006-05-15,inferred_cover_minus_14d,7,,
454,2006,25号,25,25,0,2006-06-05,2006-05-22,inferred_cover_minus_14d,7,,
455,2006,26号,26,26,0,2006-06-12,2006-05-29,inferred_cover_minus_14d,7,,
456,2006,27号,27,27,0,2006-06-19,2006-06-05,inferred_cover_minus_14d,7,,
457,2006,28号,28,28,0,2006-06-26,2006-06-12,inferred_cover_minus_14d,7,,
458,2006,29号,29,29,0,2006-07-03,2006-06-19,inferred_cover_minus_14d,7,,
459,2006,30号,30,30,0,2006-07-10,2006-06-26,inferred_cover_minus_14d,7,,
460,2006,31号,31,31,0,2006-07-17,2006-07-03,inferred_cover_minus_14d,7,,
461,2006,32号,32,32,0,2006-07-24,2006-07-10,inferred_cover_minus_14d,7,,
462,2006,33号,33,33,0,2006-07-31,2006-07-17,inferred_cover_minus_14d,7,,
463,2006,34号,34,34,0,2006-08-07,2006-07-24,inferred_cover_minus_14d,7,,
464,2006,35号,35,35,0,2006-08-14,2006-07-31,inferred_cover_minus_14d,7,,
465,2006,36・37号,36,37,1,2006-08-21,2006-08-07,inferred_cover_minus_14d,14,,
466,2006,38号,38,38,0,2006-09-04,2006-08-21,inferred_cover_minus_14d,7,,
467,2006,39号,39,39,0,2006-09-11,2006-08-28,inferred_cover_minus_14d,7,,
468,2006,40号,40,40,0,2006-09-18,2006-09-04,inferred_cover_minus_14d,7,,
469,2006,41号,41,41,0,2006-09-25,2006-09-11,inferred_cover_minus_14d,7,,
470,2006,42号,42,42,0,2006-10-02,2006-09-18,inferred_cover_minus_14d,7,,
471,2006,43号,43,43,0,2006-10-09,2006-09-25,inferred_cover_minus_14d,7,,
472,2006,44号,44,44,0,2006-10-16,2006-10-02,inferred_cover_minus_14d,7,,
473,2006,45号,45,45,0,2006-10-23,2006-10-09,inferred_cover_minus_14d,7,,
474,2006,46号,46,46,0,2006-10-30,2006-10-16,inferred_cover_minus_14d,7,,
475,2006,47号,47,47,0,2006-11-06,2006-10-23,inferred_cover_minus_14d,7,,
476,2006,48号,48,48,0,2006-11-13,2006-10-30,inferred_cover_minus_14d,7,,
477,2006,49号,49,49,0,2006-11-20,2006-11-06,inferred_cover_minus_14d,7,,
478,2006,50号,50,50,0,2006-11-27,2006-11-13,inferred_cover_minus_14d,7,,
479,2006,51号,51,51,0,2006-12-04,2006-11-20,inferred_cover_minus_14d,7,,
480,2006,52号,52,52,0,2006-12-11,2006-11-27,inferred_cover_minus_14d,21,,
481,2007,1号,1,1,0,2007-01-01,2006-12-18,inferred_cover_minus_14d,7,,
482,2007,2号,2,2,0,2007-01-08,2006-12-25,inferred_cover_minus_14d,7,,
483,2007,3号,3,3,0,2007-01-15,2007-01-01,inferred_cover_minus_14d,7,,
484,2007,4・5号,4,5,1,2007-01-22,2007-01-08,inferred_cover_minus_14d,7,,
485,2007,6・7号,6,7,1,2007-01-29,2007-01-15,inferred_cover_minus_14d,7,,
486,2007,8号,8,8,0,2007-02-05,2007-01-22,inferred_cover_minus_14d,7,,
487,2007,9号,9,9,0,2007-02-12,2007-01-29,inferred_cover_minus_14d,7,,
488,2007,10号,10,10,0,2007-02-19,2007-02-05,inferred_cover_minus_14d,7,,
489,2007,11号,11,11,0,2007-02-26,2007-02-12,inferred_cover_minus_14d,7,,
490,2007,12号,12,12,0,2007-03-05,2007-02-19,inferred_cover_minus_14d,7,,
491,2007,13号,13,13,0,2007-03-12,2007-02-26,inferred_cover_minus_14d,7,,
492,2007,14号,14,14,0,2007-03-19,2007-03-05,inferred_cover_minus_14d,7,,
493,2007,15号,15,15,0,2007-03-26,2007-03-12,inferred_cover_minus_14d,7,,
494,2007,16号,16,16,0,2007-04-02,2007-03-19,inferred_cover_minus_14d,7,,
495,2007,17号,17,17,0,2007-04-09,2007-03-26,inferred_cover_minus_14d,7,,
496,2007,18号,18,18,0,2007-04-16,2007-04-02,inferred_cover_minus_14d,7,,
497,2007,19号,19,19,0,2007-04-23,2007-04-09,inferred_cover_minus_14d,7,,
498,2007,20号,20,20,0,2007-04-30,2007-04-16,inferred_cover_minus_14d,7,,
499,2007,21号,21,21,0,2007-05-07,2007-04-23,inferred_cover_minus_14d,7,,
500,2007,22・23号,22,23,1,2007-05-14,2007-04-30,inferred_cover_minus_14d,14,,
501,2007,24号,24,24,0,2007-05-28,2007-05-14,inferred_cover_minus_14d,7,,
502,2007,25号,25,25,0,2007-06-04,2007-05-21,inferred_cover_minus_14d,7,,
503,2007,26号,26,26,0,2007-06-11,2007-05-28,inferred_cover_minus_14d,7,,
504,2007,27号,27,27,0,2007-06-18,2007-06-04,inferred_cover_minus_14d,7,,
505,2007,28号,28,28,0,2007-06-25,2007-06-11,inferred_cover_minus_14d,7,,
506,2007,29号,29,29,0,2007-07-02,2007-06-18,inferred_cover_minus_14d,7,,
507,2007,30号,30,30,0,2007-07-09,2007-06-25,inferred_cover_minus_14d,7,,
508,2007,31号,31,31,0,2007-07-16,2007-07-02,inferred_cover_minus_14d,7,,
509,2007,32号,32,32,0,2007-07-23,2007-07-09,inferred_cover_minus_14d,7,,
510,2007,33号,33,33,0,2007-07-30,2007-07-16,inferred_cover_minus_14d,7,,
511,2007,34号,34,34,0,2007-08-06,2007-07-23,inferred_cover_minus_14d,7,,
512,2007,35号,35,35,0,2007-08-13,2007-07-30,inferred_cover_minus_14d,7,,
513,2007,36・37号,36,37,1,2007-08-20,2007-08-06,inferred_cover_minus_14d,14,,
514,2007,38号,38,38,0,2007-09-03,2007-08-20,inferred_cover_minus_14d,7,,
515,2007,39号,39,39,0,2007-09-10,2007-08-27,inferred_cover_minus_14d,7,,
516,2007,40号,40,40,0,2007-09-17,2007-09-03,inferred_cover_minus_14d,7,,
517,2007,41号,41,41,0,2007-09-24,2007-09-10,inferred_cover_minus_14d,7,,
518,2007,42号,42,42,0,2007-10-01,2007-09-17,inferred_cover_minus_14d,7,,
519,2007,43号,43,43,0,2007-10-08,2007-09-24,inferred_cover_minus_14d,7,,
520,2007,44号,44,44,0,2007-10-15,2007-10-01,inferred_cover_minus_14d,5,,
521,2007,45号,45,45,0,2007-10-22,2007-10-06,observed_hunterpedia,9,261,1949
522,2007,46号,46,46,0,2007-10-29,2007-10-15,observed_hunterpedia,7,262,1950
523,2007,47号,47,47,0,2007-11-05,2007-10-22,observed_hunterpedia,7,263,1951
524,2007,48号,48,48,0,2007-11-12,2007-10-29,observed_hunterpedia,7,264,1952
525,2007,49号,49,49,0,2007-11-19,2007-11-05,observed_hunterpedia,7,265,1953
526,2007,50号,50,50,0,2007-11-26,2007-11-12,observed_hunterpedia,7,266,1954
527,2007,51号,51,51,0,2007-12-03,2007-11-19,observed_hunterpedia,7,267,1955
528,2007,52号,52,52,0,2007-12-10,2007-11-26,observed_hunterpedia,7,268,1956
529,2008,1号,1,1,0,2008-01-01,2007-12-03,observed_hunterpedia,7,269,1957
530,2008,2号,2,2,0,2008-01-08,2007-12-10,observed_hunterpedia,22,270,1958
531,2008,3号,3,3,0,2008-01-15,2008-01-01,inferred_cover_minus_14d,6,,
532,2008,4・5号,4,5,1,2008-01-21,2008-01-07,inferred_cover_minus_14d,8,,
533,2008,6・7号,6,7,1,2008-01-29,2008-01-15,inferred_cover_minus_14d,6,,
534,2008,8号,8,8,0,2008-02-04,2008-01-21,inferred_cover_minus_14d,7,,
535,2008,9号,9,9,0,2008-02-11,2008-01-28,inferred_cover_minus_14d,7,,
536,2008,10号,10,10,0,2008-02-18,2008-02-04,inferred_cover_minus_14d,7,,
537,2008,11号,11,11,0,2008-02-25,2008-02-11,inferred_cover_minus_14d,7,,
538,2008,12号,12,12,0,2008-03-03,2008-02-18,inferred_cover_minus_14d,7,,
539,2008,13号,13,13,0,2008-03-10,2008-02-25,inferred_cover_minus_14d,7,,
540,2008,14号,14,14,0,2008-03-17,2008-03-03,observed_hunterpedia,7,271,1968
541,2008,15号,15,15,0,2008-03-24,2008-03-10,observed_hunterpedia,7,272,1969
542,2008,16号,16,16,0,2008-03-31,2008-03-17,observed_hunterpedia,7,273,1970
543,2008,17号,17,17,0,2008-04-07,2008-03-24,observed_hunterpedia,7,274,1971
544,2008,18号,18,18,0,2008-04-14,2008-03-31,observed_hunterpedia,7,275,1972
545,2008,19号,19,19,0,2008-04-21,2008-04-07,observed_hunterpedia,7,276,1973
546,2008,20号,20,20,0,2008-04-28,2008-04-14,observed_hunterpedia,7,277,1974
547,2008,21号,21,21,0,2008-05-05,2008-04-21,observed_hunterpedia,7,278,1975
548,2008,22・23号,22,23,1,2008-05-12,2008-04-28,observed_hunterpedia,14,279,1976
549,2008,24号,24,24,0,2008-05-26,2008-05-12,observed_hunterpedia,7,280,1977
550,2008,25号,25,25,0,2008-06-02,2008-05-19,inferred_cover_minus_14d,7,,
551,2008,26号,26,26,0,2008-06-09,2008-05-26,inferred_cover_minus_14d,7,,
552,2008,27号,27,27,0,2008-06-16,2008-06-02,inferred_cover_minus_14d,7,,
553,2008,28号,28,28,0,2008-06-23,2008-06-09,inferred_cover_minus_14d,7,,
554,2008,29号,29,29,0,2008-06-30,2008-06-16,inferred_cover_minus_14d,7,,
555,2008,30号,30,30,0,2008-07-07,2008-06-23,inferred_cover_minus_14d,7,,
556,2008,31号,31,31,0,2008-07-14,2008-06-30,inferred_cover_minus_14d,7,,
557,2008,32号,32,32,0,2008-07-21,2008-07-07,inferred_cover_minus_14d,7,,
558,2008,33号,33,33,0,2008-07-28,2008-07-14,inferred_cover_minus_14d,7,,
559,2008,34号,34,34,0,2008-08-04,2008-07-21,inferred_cover_minus_14d,7,,
560,2008,35号,35,35,0,2008-08-11,2008-07-28,inferred_cover_minus_14d,7,,
561,2008,36号,36,36,0,2008-08-18,2008-08-04,inferred_cover_minus_14d,7,,
562,2008,37・38号,37,38,1,2008-08-25,2008-08-11,inferred_cover_minus_14d,14,,
563,2008,39号,39,39,0,2008-09-08,2008-08-25,inferred_cover_minus_14d,7,,
564,2008,40号,40,40,0,2008-09-15,2008-09-01,inferred_cover_minus_14d,7,,
565,2008,41号,41,41,0,2008-09-22,2008-09-08,inferred_cover_minus_14d,7,,
566,2008,42号,42,42,0,2008-09-29,2008-09-15,inferred_cover_minus_14d,7,,
567,2008,43号,43,43,0,2008-10-06,2008-09-22,inferred_cover_minus_14d,7,,
568,2008,44号,44,44,0,2008-10-13,2008-09-29,inferred_cover_minus_14d,7,,
569,2008,45号,45,45,0,2008-10-20,2008-10-06,observed_hunterpedia,5,281,1997
570,2008,46号,46,46,0,2008-10-27,2008-10-11,observed_hunterpedia,9,282,1998
571,2008,47号,47,47,0,2008-11-03,2008-10-20,observed_hunterpedia,7,283,1999
572,2008,48号,48,48,0,2008-11-10,2008-10-27,observed_hunterpedia,5,284,2000
573,2008,49号,49,49,0,2008-11-17,2008-11-01,observed_hunterpedia,9,285,2001
574,2008,50号,50,50,0,2008-11-24,2008-11-10,observed_hunterpedia,7,286,2002
575,2008,51号,51,51,0,2008-12-01,2008-11-17,observed_hunterpedia,5,287,2003
576,2008,52号,52,52,0,2008-12-08,2008-11-22,observed_hunterpedia,9,288,2004
577,2009,1号,1,1,0,2009-01-01,2008-12-01,observed_hunterpedia,7,289,2005
578,2009,2号,2,2,0,2009-01-08,2008-12-08,observed_hunterpedia,24,290,2006
579,2009,3号,3,3,0,2009-01-15,2009-01-01,inferred_cover_minus_14d,6,,
580,2009,4・5号,4,5,1,2009-01-21,2009-01-07,inferred_cover_minus_14d,7,,
581,2009,6・7号,6,7,1,2009-01-28,2009-01-14,inferred_cover_minus_14d,5,,
582,2009,8号,8,8,0,2009-02-02,2009-01-19,inferred_cover_minus_14d,7,,
583,2009,9号,9,9,0,2009-02-09,2009-01-26,inferred_cover_minus_14d,7,,
584,2009,10号,10,10,0,2009-02-16,2009-02-02,inferred_cover_minus_14d,7,,
585,2009,11号,11,11,0,2009-02-23,2009-02-09,inferred_cover_minus_14d,7,,
586,2009,12号,12,12,0,2009-03-02,2009-02-16,inferred_cover_minus_14d,7,,
587,2009,13号,13,13,0,2009-03-09,2009-02-23,inferred_cover_minus_14d,7,,
588,2009,14号,14,14,0,2009-03-16,2009-03-02,inferred_cover_minus_14d,7,,
589,2009,15号,15,15,0,2009-03-23,2009-03-09,inferred_cover_minus_14d,7,,
590,2009,16号,16,16,0,2009-03-30,2009-03-16,inferred_cover_minus_14d,7,,
591,2009,17号,17,17,0,2009-04-06,2009-03-23,inferred_cover_minus_14d,7,,
592,2009,18号,18,18,0,2009-04-13,2009-03-30,inferred_cover_minus_14d,7,,
593,2009,19号,19,19,0,2009-04-20,2009-04-06,inferred_cover_minus_14d,7,,
594,2009,20号,20,20,0,2009-04-27,2009-04-13,inferred_cover_minus_14d,7,,
595,2009,21号,21,21,0,2009-05-04,2009-04-20,inferred_cover_minus_14d,14,,
596,2009,22・23号,22,23,1,2009-05-18,2009-05-04,inferred_cover_minus_14d,7,,
597,2009,24号,24,24,0,2009-05-25,2009-05-11,inferred_cover_minus_14d,7,,
598,2009,25号,25,25,0,2009-06-01,2009-05-18,inferred_cover_minus_14d,7,,
599,2009,26号,26,26,0,2009-06-08,2009-05-25,inferred_cover_minus_14d,7,,
600,2009,27号,27,27,0,2009-06-15,2009-06-01,inferred_cover_minus_14d,7,,
601,2009,28号,28,28,0,2009-06-22,2009-06-08,inferred_cover_minus_14d,7,,
602,2009,29号,29,29,0,2009-06-29,2009-06-15,inferred_cover_minus_14d,7,,
603,2009,30号,30,30,0,2009-07-06,2009-06-22,inferred_cover_minus_14d,7,,
604,2009,31号,31,31,0,2009-07-13,2009-06-29,inferred_cover_minus_14d,7,,
605,2009,32号,32,32,0,2009-07-20,2009-07-06,inferred_cover_minus_14d,7,,
606,2009,33号,33,33,0,2009-07-27,2009-07-13,inferred_cover_minus_14d,7,,
607,2009,34号,34,34,0,2009-08-03,2009-07-20,inferred_cover_minus_14d,7,,
608,2009,35号,35,35,0,2009-08-10,2009-07-27,inferred_cover_minus_14d,7,,
609,2009,36号,36,36,0,2009-08-17,2009-08-03,inferred_cover_minus_14d,7,,
610,2009,37・38号,37,38,1,2009-08-24,2009-08-10,inferred_cover_minus_14d,14,,
611,2009,39号,39,39,0,2009-09-07,2009-08-24,inferred_cover_minus_14d,7,,
612,2009,40号,40,40,0,2009-09-14,2009-08-31,inferred_cover_minus_14d,7,,
613,2009,41号,41,41,0,2009-09-21,2009-09-07,inferred_cover_minus_14d,7,,
614,2009,42号,42,42,0,2009-09-28,2009-09-14,inferred_cover_minus_14d,7,,
615,2009,43号,43,43,0,2009-10-05,2009-09-21,inferred_cover_minus_14d,7,,
616,2009,44号,44,44,0,2009-10-12,2009-09-28,inferred_cover_minus_14d,7,,
617,2009,45号,45,45,0,2009-10-19,2009-10-05,inferred_cover_minus_14d,7,,
618,2009,46号,46,46,0,2009-10-26,2009-10-12,inferred_cover_minus_14d,7,,
619,2009,47号,47,47,0,2009-11-02,2009-10-19,inferred_cover_minus_14d,7,,
620,2009,48号,48,48,0,2009-11-09,2009-10-26,inferred_cover_minus_14d,7,,
621,2009,49号,49,49,0,2009-11-16,2009-11-02,inferred_cover_minus_14d,7,,
622,2009,50号,50,50,0,2009-11-23,2009-11-09,inferred_cover_minus_14d,7,,
623,2009,51号,51,51,0,2009-11-30,2009-11-16,inferred_cover_minus_14d,7,,
624,2009,52号,52,52,0,2009-12-07,2009-11-23,inferred_cover_minus_14d,7,,
625,2009,53号,53,53,0,2009-12-14,2009-11-30,inferred_cover_minus_14d,18,,
626,2010,1号,1,1,0,2010-01-01,2009-12-18,inferred_cover_minus_14d,7,,
627,2010,2号,2,2,0,2010-01-08,2009-12-25,inferred_cover_minus_14d,6,,
628,2010,3・4号,3,4,1,2010-01-14,2009-12-31,inferred_cover_minus_14d,4,,
629,2010,5・6号,5,6,1,2010-01-21,2010-01-04,observed_hunterpedia,14,291,2057
630,2010,7号,7,7,0,2010-02-01,2010-01-18,observed_hunterpedia,7,292,2058
631,2010,8号,8,8,0,2010-02-08,2010-01-25,observed_hunterpedia,7,293,2059
632,2010,9号,9,9,0,2010-02-15,2010-02-01,observed_hunterpedia,7,294,2060
633,2010,10号,10,10,0,2010-02-22,2010-02-08,observed_hunterpedia,7,295,2061
634,2010,11号,11,11,0,2010-03-01,2010-02-15,observed_hunterpedia,7,296,2062
635,2010,12号,12,12,0,2010-03-08,2010-02-22,observed_hunterpedia,7,297,2063
636,2010,13号,13,13,0,2010-03-15,2010-03-01,observed_hunterpedia,7,298,2064
637,2010,14号,14,14,0,2010-03-22,2010-03-08,observed_hunterpedia,7,299,2065
638,2010,15号,15,15,0,2010-03-29,2010-03-15,observed_hunterpedia,5,300,2066
639,2010,16号,16,16,0,2010-04-05,2010-03-20,observed_hunterpedia,9,301,2067
640,2010,17号,17,17,0,2010-04-12,2010-03-29,observed_hunterpedia,7,302,2068
641,2010,18号,18,18,0,2010-04-19,2010-04-05,observed_hunterpedia,7,303,2069
642,2010,19号,19,19,0,2010-04-26,2010-04-12,observed_hunterpedia,7,304,2070
643,2010,20号,20,20,0,2010-05-03,2010-04-19,observed_hunterpedia,7,305,2071
644,2010,21・22号,21,22,1,2010-05-10,2010-04-26,observed_hunterpedia,14,306,2072
645,2010,23号,23,23,0,2010-05-24,2010-05-10,observed_hunterpedia,7,307,2073
646,2010,24号,24,24,0,2010-05-31,2010-05-17,observed_hunterpedia,7,308,2074
647,2010,25号,25,25,0,2010-06-07,2010-05-24,observed_hunterpedia,7,309,2075
648,2010,26号,26,26,0,2010-06-14,2010-05-31,observed_hunterpedia,7,310,2076
649,2010,27号,27,27,0,2010-06-21,2010-06-07,inferred_cover_minus_14d,7,,
650,2010,28号,28,28,0,2010-06-28,2010-06-14,inferred_cover_minus_14d,7,,
651,2010,29号,29,29,0,2010-07-05,2010-06-21,inferred_cover_minus_14d,7,,
652,2010,30号,30,30,0,2010-07-12,2010-06-28,inferred_cover_minus_14d,7,,
653,2010,31号,31,31,0,2010-07-19,2010-07-05,inferred_cover_minus_14d,7,,
654,2010,32号,32,32,0,2010-07-26,2010-07-12,inferred_cover_minus_14d,7,,
655,2010,33号,33,33,0,2010-08-02,2010-07-19,inferred_cover_minus_14d,7,,
656,2010,34号,34,34,0,2010-08-09,2010-07-26,inferred_cover_minus_14d,7,,
657,2010,35号,35,35,0,2010-08-16,2010-08-02,inferred_cover_minus_14d,7,,
658,2010,36・37号,36,37,1,2010-08-23,2010-08-09,inferred_cover_minus_14d,14,,
659,2010,38号,38,38,0,2010-09-06,2010-08-23,inferred_cover_minus_14d,7,,
660,2010,39号,39,39,0,2010-09-13,2010-08-30,inferred_cover_minus_14d,7,,
661,2010,40号,40,40,0,2010-09-20,2010-09-06,inferred_cover_minus_14d,7,,
662,2010,41号,41,41,0,2010-09-27,2010-09-13,inferred_cover_minus_14d,7,,
663,2010,42号,42,42,0,2010-10-04,2010-09-20,inferred_cover_minus_14d,7,,
664,2010,43号,43,43,0,2010-10-11,2010-09-27,inferred_cover_minus_14d,7,,
665,2010,44号,44,44,0,2010-10-18,2010-10-04,inferred_cover_minus_14d,7,,
666,2010,45号,45,45,0,2010-10-25,2010-10-11,inferred_cover_minus_14d,7,,
667,2010,46号,46,46,0,2010-11-01,2010-10-18,inferred_cover_minus_14d,7,,
668,2010,47号,47,47,0,2010-11-08,2010-10-25,inferred_cover_minus_14d,7,,
669,2010,48号,48,48,0,2010-11-15,2010-11-01,inferred_cover_minus_14d,7,,
670,2010,49号,49,49,0,2010-11-22,2010-11-08,inferred_cover_minus_14d,7,,
671,2010,50号,50,50,0,2010-11-29,2010-11-15,inferred_cover_minus_14d,7,,
672,2010,51号,51,51,0,2010-12-06,2010-11-22,inferred_cover_minus_14d,7,,
673,2010,52号,52,52,0,2010-12-13,2010-11-29,inferred_cover_minus_14d,19,,
674,2011,1号,1,1,0,2011-01-01,2010-12-18,inferred_cover_minus_14d,7,,
675,2011,2号,2,2,0,2011-01-08,2010-12-25,inferred_cover_minus_14d,6,,
676,2011,3・4号,3,4,1,2011-01-14,2010-12-31,inferred_cover_minus_14d,7,,
677,2011,5・6号,5,6,1,2011-01-21,2011-01-07,inferred_cover_minus_14d,10,,
678,2011,7号,7,7,0,2011-01-31,2011-01-17,inferred_cover_minus_14d,7,,
679,2011,8号,8,8,0,2011-02-07,2011-01-24,inferred_cover_minus_14d,7,,
680,2011,9号,9,9,0,2011-02-14,2011-01-31,inferred_cover_minus_14d,7,,
681,2011,10号,10,10,0,2011-02-21,2011-02-07,inferred_cover_minus_14d,7,,
682,2011,11号,11,11,0,2011-02-28,2011-02-14,inferred_cover_minus_14d,7,,
683,2011,12号,12,12,0,2011-03-07,2011-02-21,inferred_cover_minus_14d,7,,
684,2011,13号,13,13,0,2011-03-14,2011-02-28,inferred_cover_minus_14d,7,,
685,2011,14号,14,14,0,2011-03-21,2011-03-07,inferred_cover_minus_14d,7,,
686,2011,15号,15,15,0,2011-03-28,2011-03-14,inferred_cover_minus_14d,7,,
687,2011,16号,16,16,0,2011-04-04,2011-03-21,inferred_cover_minus_14d,7,,
688,2011,17号,17,17,0,2011-04-11,2011-03-28,inferred_cover_minus_14d,14,,
689,2011,18号,18,18,0,2011-04-25,2011-04-11,inferred_cover_minus_14d,7,,
690,2011,19号,19,19,0,2011-05-02,2011-04-18,inferred_cover_minus_14d,7,,
691,2011,20・21号,20,21,1,2011-05-09,2011-04-25,inferred_cover_minus_14d,14,,
692,2011,22号,22,22,0,2011-05-23,2011-05-09,inferred_cover_minus_14d,7,,
693,2011,23号,23,23,0,2011-05-30,2011-05-16,inferred_cover_minus_14d,7,,
694,2011,24号,24,24,0,2011-06-06,2011-05-23,inferred_cover_minus_14d,7,,
695,2011,25号,25,25,0,2011-06-13,2011-05-30,inferred_cover_minus_14d,7,,
696,2011,26号,26,26,0,2011-06-20,2011-06-06,inferred_cover_minus_14d,7,,
697,2011,27号,27,27,0,2011-06-27,2011-06-13,inferred_cover_minus_14d,7,,
698,2011,28号,28,28,0,2011-07-04,2011-06-20,inferred_cover_minus_14d,7,,
699,2011,29号,29,29,0,2011-07-11,2011-06-27,inferred_cover_minus_14d,7,,
700,2011,30号,30,30,0,2011-07-18,2011-07-04,inferred_cover_minus_14d,7,,
701,2011,31号,31,31,0,2011-07-25,2011-07-11,inferred_cover_minus_14d,7,,
702,2011,32号,32,32,0,2011-08-01,2011-07-18,inferred_cover_minus_14d,7,,
703,2011,33号,33,33,0,2011-08-08,2011-07-25,inferred_cover_minus_14d,7,,
704,2011,34号,34,34,0,2011-08-15,2011-08-01,inferred_cover_minus_14d,7,,
705,2011,35・36号,35,36,1,2011-08-22,2011-08-08,observed_hunterpedia,14,311,2133
706,2011,37号,37,37,0,2011-09-05,2011-08-22,observed_hunterpedia,7,312,2134
707,2011,38号,38,38,0,2011-09-12,2011-08-29,observed_hunterpedia,7,313,2135
708,2011,39号,39,39,0,2011-09-19,2011-09-05,observed_hunterpedia,7,314,2136
709,2011,40号,40,40,0,2011-09-26,2011-09-12,observed_hunterpedia,5,315,2137
710,2011,41号,41,41,0,2011-10-03,2011-09-17,observed_hunterpedia,9,316,2138
711,2011,42号,42,42,0,2011-10-10,2011-09-26,observed_hunterpedia,7,317,2139
712,2011,43号,43,43,0,2011-10-17,2011-10-03,observed_hunterpedia,5,318,2140
713,2011,44号,44,44,0,2011-10-24,2011-10-08,observed_hunterpedia,9,319,2141
714,2011,45号,45,45,0,2011-10-31,2011-10-17,observed_hunterpedia,7,320,2142
715,2011,46号,46,46,0,2011-11-07,2011-10-24,observed_hunterpedia,7,321,2143
716,2011,47号,47,47,0,2011-11-14,2011-10-31,observed_hunterpedia,7,322,2144
717,2011,48号,48,48,0,2011-11-21,2011-11-07,observed_hunterpedia,7,323,2145
718,2011,49号,49,49,0,2011-11-28,2011-11-14,observed_hunterpedia,7,324,2146
719,2011,50号,50,50,0,2011-12-05,2011-11-21,observed_hunterpedia,7,325,2147
720,2011,51号,51,51,0,2011-12-12,2011-11-28,observed_hunterpedia,7,326,2148
721,2012,1号,1,1,0,2012-01-01,2011-12-05,observed_hunterpedia,7,327,2149
722,2012,2号,2,2,0,2012-01-08,2011-12-12,observed_hunterpedia,7,328,2150
723,2012,3・4号,3,4,1,2012-01-15,2011-12-19,observed_hunterpedia,16,329,2151
724,2012,5・6号,5,6,1,2012-01-22,2012-01-04,observed_hunterpedia,12,330,2152
725,2012,7号,7,7,0,2012-01-30,2012-01-16,observed_hunterpedia,7,331,2153
726,2012,8号,8,8,0,2012-02-06,2012-01-23,observed_hunterpedia,7,332,2154
727,2012,9号,9,9,0,2012-02-13,2012-01-30,observed_hunterpedia,7,333,2155
728,2012,10号,10,10,0,2012-02-20,2012-02-06,observed_hunterpedia,7,334,2156
729,2012,11号,11,11,0,2012-02-27,2012-02-13,observed_hunterpedia,7,335,2157
730,2012,12号,12,12,0,2012-03-05,2012-02-20,observed_hunterpedia,7,336,2158
731,2012,13号,13,13,0,2012-03-12,2012-02-27,observed_hunterpedia,7,337,2159
732,2012,14号,14,14,0,2012-03-19,2012-03-05,observed_hunterpedia,7,338,2160
733,2012,15号,15,15,0,2012-03-26,2012-03-12,observed_hunterpedia,7,339,2161
734,2012,16号,16,16,0,2012-04-02,2012-03-19,observed_hunterpedia,7,340,2162
735,2012,17号,17,17,0,2012-04-09,2012-03-26,inferred_cover_minus_14d,7,,
736,2012,18号,18,18,0,2012-04-16,2012-04-02,inferred_cover_minus_14d,7,,
737,2012,19号,19,19,0,2012-04-23,2012-04-09,inferred_cover_minus_14d,7,,
738,2012,20号,20,20,0,2012-04-30,2012-04-16,inferred_cover_minus_14d,7,,
739,2012,21・22号,21,22,1,2012-05-07,2012-04-23,inferred_cover_minus_14d,14,,
740,2012,23号,23,23,0,2012-05-21,2012-05-07,inferred_cover_minus_14d,7,,
741,2012,24号,24,24,0,2012-05-28,2012-05-14,inferred_cover_minus_14d,7,,
742,2012,25号,25,25,0,2012-06-04,2012-05-21,inferred_cover_minus_14d,7,,
743,2012,26号,26,26,0,2012-06-11,2012-05-28,inferred_cover_minus_14d,7,,
744,2012,27号,27,27,0,2012-06-18,2012-06-04,inferred_cover_minus_14d,7,,
745,2012,28号,28,28,0,2012-06-25,2012-06-11,inferred_cover_minus_14d,7,,
746,2012,29号,29,29,0,2012-07-02,2012-06-18,inferred_cover_minus_14d,7,,
747,2012,30号,30,30,0,2012-07-09,2012-06-25,inferred_cover_minus_14d,7,,
748,2012,31号,31,31,0,2012-07-16,2012-07-02,inferred_cover_minus_14d,7,,
749,2012,32号,32,32,0,2012-07-23,2012-07-09,inferred_cover_minus_14d,7,,
750,2012,33号,33,33,0,2012-07-30,2012-07-16,inferred_cover_minus_14d,7,,
751,2012,34号,34,34,0,2012-08-06,2012-07-23,inferred_cover_minus_14d,7,,
752,2012,35号,35,35,0,2012-08-13,2012-07-30,inferred_cover_minus_14d,14,,
753,2012,36・37号,36,37,1,2012-08-27,2012-08-13,inferred_cover_minus_14d,7,,
754,2012,38号,38,38,0,2012-09-03,2012-08-20,inferred_cover_minus_14d,7,,
755,2012,39号,39,39,0,2012-09-10,2012-08-27,inferred_cover_minus_14d,7,,
756,2012,40号,40,40,0,2012-09-17,2012-09-03,inferred_cover_minus_14d,7,,
757,2012,41号,41,41,0,2012-09-24,2012-09-10,inferred_cover_minus_14d,7,,
758,2012,42号,42,42,0,2012-10-01,2012-09-17,inferred_cover_minus_14d,7,,
759,2012,43号,43,43,0,2012-10-08,2012-09-24,inferred_cover_minus_14d,7,,
760,2012,44号,44,44,0,2012-10-15,2012-10-01,inferred_cover_minus_14d,7,,
761,2012,45号,45,45,0,2012-10-22,2012-10-08,inferred_cover_minus_14d,7,,
762,2012,46号,46,46,0,2012-10-29,2012-10-15,inferred_cover_minus_14d,7,,
763,2012,47号,47,47,0,2012-11-05,2012-10-22,inferred_cover_minus_14d,7,,
764,2012,48号,48,48,0,2012-11-12,2012-10-29,inferred_cover_minus_14d,7,,
765,2012,49号,49,49,0,2012-11-19,2012-11-05,inferred_cover_minus_14d,7,,
766,2012,50号,50,50,0,2012-11-26,2012-11-12,inferred_cover_minus_14d,7,,
767,2012,51号,51,51,0,2012-12-03,2012-11-19,inferred_cover_minus_14d,7,,
768,2012,52号,52,52,0,2012-12-10,2012-11-26,inferred_cover_minus_14d,22,,
769,2013,1号,1,1,0,2013-01-01,2012-12-18,inferred_cover_minus_14d,7,,
770,2013,2号,2,2,0,2013-01-08,2012-12-25,inferred_cover_minus_14d,7,,
771,2013,3号,3,3,0,2013-01-15,2013-01-01,inferred_cover_minus_14d,7,,
772,2013,4・5号,4,5,1,2013-01-22,2013-01-08,inferred_cover_minus_14d,7,,
773,2013,6・7号,6,7,1,2013-01-29,2013-01-15,inferred_cover_minus_14d,6,,
774,2013,8号,8,8,0,2013-02-04,2013-01-21,inferred_cover_minus_14d,7,,
775,2013,9号,9,9,0,2013-02-11,2013-01-28,inferred_cover_minus_14d,7,,
776,2013,10号,10,10,0,2013-02-18,2013-02-04,inferred_cover_minus_14d,7,,
777,2013,11号,11,11,0,2013-02-25,2013-02-11,inferred_cover_minus_14d,7,,
778,2013,12号,12,12,0,2013-03-04,2013-02-18,inferred_cover_minus_14d,7,,
779,2013,13号,13,13,0,2013-03-11,2013-02-25,inferred_cover_minus_14d,7,,
780,2013,14号,14,14,0,2013-03-18,2013-03-04,inferred_cover_minus_14d,7,,
781,2013,15号,15,15,0,2013-03-25,2013-03-11,inferred_cover_minus_14d,7,,
782,2013,16号,16,16,0,2013-04-01,2013-03-18,inferred_cover_minus_14d,7,,
783,2013,17号,17,17,0,2013-04-08,2013-03-25,inferred_cover_minus_14d,7,,
784,2013,18号,18,18,0,2013-04-15,2013-04-01,inferred_cover_minus_14d,7,,
785,2013,19号,19,19,0,2013-04-22,2013-04-08,inferred_cover_minus_14d,7,,
786,2013,20号,20,20,0,2013-04-29,2013-04-15,inferred_cover_minus_14d,7,,
787,2013,21号,21,21,0,2013-05-06,2013-04-22,inferred_cover_minus_14d,14,,
788,2013,22・23号,22,23,1,2013-05-20,2013-05-06,inferred_cover_minus_14d,7,,
789,2013,24号,24,24,0,2013-05-27,2013-05-13,inferred_cover_minus_14d,7,,
790,2013,25号,25,25,0,2013-06-03,2013-05-20,inferred_cover_minus_14d,7,,
791,2013,26号,26,26,0,2013-06-10,2013-05-27,inferred_cover_minus_14d,7,,
792,2013,27号,27,27,0,2013-06-17,2013-06-03,inferred_cover_minus_14d,7,,
793,2013,28号,28,28,0,2013-06-24,2013-06-10,inferred_cover_minus_14d,7,,
794,2013,29号,29,29,0,2013-07-01,2013-06-17,inferred_cover_minus_14d,7,,
795,2013,30号,30,30,0,2013-07-08,2013-06-24,inferred_cover_minus_14d,7,,
796,2013,31号,31,31,0,2013-07-15,2013-07-01,inferred_cover_minus_14d,7,,
797,2013,32号,32,32,0,2013-07-22,2013-07-08,inferred_cover_minus_14d,7,,
798,2013,33号,33,33,0,2013-07-29,2013-07-15,inferred_cover_minus_14d,7,,
799,2013,34号,34,34,0,2013-08-05,2013-07-22,inferred_cover_minus_14d,7,,
800,2013,35号,35,35,0,2013-08-12,2013-07-29,inferred_cover_minus_14d,7,,
801,2013,36号,36,36,0,2013-08-19,2013-08-05,inferred_cover_minus_14d,14,,
802,2013,37・38号,37,38,1,2013-09-02,2013-08-19,inferred_cover_minus_14d,7,,
803,2013,39号,39,39,0,2013-09-09,2013-08-26,inferred_cover_minus_14d,7,,
804,2013,40号,40,40,0,2013-09-16,2013-09-02,inferred_cover_minus_14d,7,,
805,2013,41号,41,41,0,2013-09-23,2013-09-09,inferred_cover_minus_14d,7,,
806,2013,42号,42,42,0,2013-09-30,2013-09-16,inferred_cover_minus_14d,7,,
807,2013,43号,43,43,0,2013-10-07,2013-09-23,inferred_cover_minus_14d,7,,
808,2013,44号,44,44,0,2013-10-14,2013-09-30,inferred_cover_minus_14d,7,,
809,2013,45号,45,45,0,2013-10-21,2013-10-07,inferred_cover_minus_14d,7,,
810,2013,46号,46,46,0,2013-10-28,2013-10-14,inferred_cover_minus_14d,7,,
811,2013,47号,47,47,0,2013-11-04,2013-10-21,inferred_cover_minus_14d,7,,
812,2013,48号,48,48,0,2013-11-11,2013-10-28,inferred_cover_minus_14d,7,,
813,2013,49号,49,49,0,2013-11-18,2013-11-04,inferred_cover_minus_14d,7,,
814,2013,50号,50,50,0,2013-11-25,2013-11-11,inferred_cover_minus_14d,7,,
815,2013,51号,51,51,0,2013-12-02,2013-11-18,inferred_cover_minus_14d,7,,
816,2013,52号,52,52,0,2013-12-09,2013-11-25,inferred_cover_minus_14d,23,,
817,2014,1号,1,1,0,2014-01-01,2013-12-18,inferred_cover_minus_14d,7,,
818,2014,2号,2,2,0,2014-01-08,2013-12-25,inferred_cover_minus_14d,7,,
819,2014,3号,3,3,0,2014-01-15,2014-01-01,inferred_cover_minus_14d,7,,
820,2014,4・5号,4,5,1,2014-01-22,2014-01-08,inferred_cover_minus_14d,7,,
821,2014,6・7号,6,7,1,2014-01-29,2014-01-15,inferred_cover_minus_14d,5,,
822,2014,8号,8,8,0,2014-02-03,2014-01-20,inferred_cover_minus_14d,7,,
823,2014,9号,9,9,0,2014-02-10,2014-01-27,inferred_cover_minus_14d,7,,
824,2014,10号,10,10,0,2014-02-17,2014-02-03,inferred_cover_minus_14d,7,,
825,2014,11号,11,11,0,2014-02-24,2014-02-10,inferred_cover_minus_14d,7,,
826,2014,12号,12,12,0,2014-03-03,2014-02-17,inferred_cover_minus_14d,7,,
827,2014,13号,13,13,0,2014-03-10,2014-02-24,inferred_cover_minus_14d,7,,
828,2014,14号,14,14,0,2014-03-17,2014-03-03,inferred_cover_minus_14d,7,,
829,2014,15号,15,15,0,2014-03-24,2014-03-10,inferred_cover_minus_14d,7,,
830,2014,16号,16,16,0,2014-03-31,2014-03-17,inferred_cover_minus_14d,7,,
831,2014,17号,17,17,0,2014-04-07,2014-03-24,inferred_cover_minus_14d,7,,
832,2014,18号,18,18,0,2014-04-14,2014-03-31,inferred_cover_minus_14d,7,,
833,2014,19号,19,19,0,2014-04-21,2014-04-07,inferred_cover_minus_14d,7,,
834,2014,20号,20,20,0,2014-04-28,2014-04-14,inferred_cover_minus_14d,7,,
835,2014,21号,21,21,0,2014-05-05,2014-04-21,inferred_cover_minus_14d,7,,
836,2014,22・23号,22,23,1,2014-05-12,2014-04-28,inferred_cover_minus_14d,14,,
837,2014,24号,24,24,0,2014-05-26,2014-05-12,inferred_cover_minus_14d,7,,
838,2014,25号,25,25,0,2014-06-02,2014-05-19,inferred_cover_minus_14d,7,,
839,2014,26号,26,26,0,2014-06-09,2014-05-26,inferred_cover_minus_14d,7,,
840,2014,27号,27,27,0,2014-06-16,2014-06-02,observed_hunterpedia,7,341,2268
841,2014,28号,28,28,0,2014-06-23,2014-06-09,observed_hunterpedia,7,342,2269
842,2014,29号,29,29,0,2014-06-30,2014-06-16,observed_hunterpedia,7,343,2270
843,2014,30号,30,30,0,2014-07-07,2014-06-23,observed_hunterpedia,7,344,2271
844,2014,31号,31,31,0,2014-07-14,2014-06-30,observed_hunterpedia,7,345,2272
845,2014,32号,32,32,0,2014-07-21,2014-07-07,inferred_cover_minus_14d,7,,
846,2014,33号,33,33,0,2014-07-28,2014-07-14,observed_hunterpedia,5,346,2274
847,2014,34号,34,34,0,2014-08-04,2014-07-19,observed_hunterpedia,9,347,2275
848,2014,35号,35,35,0,2014-08-11,2014-07-28,observed_hunterpedia,7,348,2276
849,2014,36号,36,36,0,2014-08-18,2014-08-04,inferred_cover_minus_14d,7,,
850,2014,37・38号,37,38,1,2014-08-25,2014-08-11,observed_hunterpedia,14,349,2278
851,2014,39号,39,39,0,2014-09-08,2014-08-25,inferred_cover_minus_14d,7,,
852,2014,40号,40,40,0,2014-09-15,2014-09-01,inferred_cover_minus_14d,7,,
853,2014,41号,41,41,0,2014-09-22,2014-09-08,inferred_cover_minus_14d,7,,
854,2014,42号,42,42,0,2014-09-29,2014-09-15,inferred_cover_minus_14d,7,,
855,2014,43号,43,43,0,2014-10-06,2014-09-22,inferred_cover_minus_14d,7,,
856,2014,44号,44,44,0,2014-10-13,2014-09-29,inferred_cover_minus_14d,7,,
857,2014,45号,45,45,0,2014-10-20,2014-10-06,inferred_cover_minus_14d,7,,
858,2014,46号,46,46,0,2014-10-27,2014-10-13,inferred_cover_minus_14d,7,,
859,2014,47号,47,47,0,2014-11-03,2014-10-20,inferred_cover_minus_14d,7,,
860,2014,48号,48,48,0,2014-11-10,2014-10-27,inferred_cover_minus_14d,7,,
861,2014,49号,49,49,0,2014-11-17,2014-11-03,inferred_cover_minus_14d,7,,
862,2014,50号,50,50,0,2014-11-24,2014-11-10,inferred_cover_minus_14d,7,,
863,2014,51号,51,51,0,2014-12-01,2014-11-17,inferred_cover_minus_14d,7,,
864,2014,52号,52,52,0,2014-12-08,2014-11-24,inferred_cover_minus_14d,24,,
865,2015,1号,1,1,0,2015-01-01,2014-12-18,inferred_cover_minus_14d,7,,
866,2015,2号,2,2,0,2015-01-08,2014-12-25,inferred_cover_minus_14d,7,,
867,2015,3号,3,3,0,2015-01-15,2015-01-01,inferred_cover_minus_14d,6,,
868,2015,4・5号,4,5,1,2015-01-21,2015-01-07,inferred_cover_minus_14d,7,,
869,2015,6・7号,6,7,1,2015-01-28,2015-01-14,inferred_cover_minus_14d,5,,
870,2015,8号,8,8,0,2015-02-02,2015-01-19,inferred_cover_minus_14d,7,,
871,2015,9号,9,9,0,2015-02-09,2015-01-26,inferred_cover_minus_14d,7,,
872,2015,10号,10,10,0,2015-02-16,2015-02-02,inferred_cover_minus_14d,7,,
873,2015,11号,11,11,0,2015-02-23,2015-02-09,inferred_cover_minus_14d,7,,
874,2015,12号,12,12,0,2015-03-02,2015-02-16,inferred_cover_minus_14d,7,,
875,2015,13号,13,13,0,2015-03-09,2015-02-23,inferred_cover_minus_14d,7,,
876,2015,14号,14,14,0,2015-03-16,2015-03-02,inferred_cover_minus_14d,7,,
877,2015,15号,15,15,0,2015-03-23,2015-03-09,inferred_cover_minus_14d,7,,
878,2015,16号,16,16,0,2015-03-30,2015-03-16,inferred_cover_minus_14d,7,,
879,2015,17号,17,17,0,2015-04-06,2015-03-23,inferred_cover_minus_14d,7,,
880,2015,18号,18,18,0,2015-04-13,2015-03-30,inferred_cover_minus_14d,7,,
881,2015,19号,19,19,0,2015-04-20,2015-04-06,inferred_cover_minus_14d,7,,
882,2015,20号,20,20,0,2015-04-27,2015-04-13,inferred_cover_minus_14d,7,,
883,2015,21号,21,21,0,2015-05-04,2015-04-20,inferred_cover_minus_14d,7,,
884,2015,22・23号,22,23,1,2015-05-11,2015-04-27,inferred_cover_minus_14d,14,,
885,2015,24号,24,24,0,2015-05-25,2015-05-11,inferred_cover_minus_14d,7,,
886,2015,25号,25,25,0,2015-06-01,2015-05-18,inferred_cover_minus_14d,7,,
887,2015,26号,26,26,0,2015-06-08,2015-05-25,inferred_cover_minus_14d,7,,
888,2015,27号,27,27,0,2015-06-15,2015-06-01,inferred_cover_minus_14d,7,,
889,2015,28号,28,28,0,2015-06-22,2015-06-08,inferred_cover_minus_14d,7,,
890,2015,29号,29,29,0,2015-06-29,2015-06-15,inferred_cover_minus_14d,7,,
891,2015,30号,30,30,0,2015-07-06,2015-06-22,inferred_cover_minus_14d,7,,
892,2015,31号,31,31,0,2015-07-13,2015-06-29,inferred_cover_minus_14d,7,,
893,2015,32号,32,32,0,2015-07-20,2015-07-06,inferred_cover_minus_14d,7,,
894,2015,33号,33,33,0,2015-07-27,2015-07-13,inferred_cover_minus_14d,7,,
895,2015,34号,34,34,0,2015-08-03,2015-07-20,inferred_cover_minus_14d,7,,
896,2015,35号,35,35,0,2015-08-10,2015-07-27,inferred_cover_minus_14d,7,,
897,2015,36号,36,36,0,2015-08-17,2015-08-03,inferred_cover_minus_14d,7,,
898,2015,37・38号,37,38,1,2015-08-24,2015-08-10,inferred_cover_minus_14d,14,,
899,2015,39号,39,39,0,2015-09-07,2015-08-24,inferred_cover_minus_14d,7,,
900,2015,40号,40,40,0,2015-09-14,2015-08-31,inferred_cover_minus_14d,7,,
901,2015,41号,41,41,0,2015-09-21,2015-09-07,inferred_cover_minus_14d,7,,
902,2015,42号,42,42,0,2015-09-28,2015-09-14,inferred_cover_minus_14d,7,,
903,2015,43号,43,43,0,2015-10-05,2015-09-21,inferred_cover_minus_14d,7,,
904,2015,44号,44,44,0,2015-10-12,2015-09-28,inferred_cover_minus_14d,7,,
905,2015,45号,45,45,0,2015-10-19,2015-10-05,inferred_cover_minus_14d,7,,
906,2015,46号,46,46,0,2015-10-26,2015-10-12,inferred_cover_minus_14d,7,,
907,2015,47号,47,47,0,2015-11-02,2015-10-19,inferred_cover_minus_14d,7,,
908,2015,48号,48,48,0,2015-11-09,2015-10-26,inferred_cover_minus_14d,7,,
909,2015,49号,49,49,0,2015-11-16,2015-11-02,inferred_cover_minus_14d,7,,
910,2015,50号,50,50,0,2015-11-23,2015-11-09,inferred_cover_minus_14d,7,,
911,2015,51号,51,51,0,2015-11-30,2015-11-16,inferred_cover_minus_14d,7,,
912,2015,52号,52,52,0,2015-12-07,2015-11-23,inferred_cover_minus_14d,7,,
913,2015,53号,53,53,0,2015-12-14,2015-11-30,inferred_cover_minus_14d,18,,
914,2016,1号,1,1,0,2016-01-01,2015-12-18,inferred_cover_minus_14d,7,,
915,2016,2号,2,2,0,2016-01-08,2015-12-25,inferred_cover_minus_14d,7,,
916,2016,3・4号,3,4,1,2016-01-15,2016-01-01,inferred_cover_minus_14d,7,,
917,2016,5・6号,5,6,1,2016-01-22,2016-01-08,inferred_cover_minus_14d,10,,
918,2016,7号,7,7,0,2016-02-01,2016-01-18,inferred_cover_minus_14d,7,,
919,2016,8号,8,8,0,2016-02-08,2016-01-25,inferred_cover_minus_14d,7,,
920,2016,9号,9,9,0,2016-02-15,2016-02-01,inferred_cover_minus_14d,7,,
921,2016,10号,10,10,0,2016-02-22,2016-02-08,inferred_cover_minus_14d,7,,
922,2016,11号,11,11,0,2016-02-29,2016-02-15,inferred_cover_minus_14d,7,,
923,2016,12号,12,12,0,2016-03-07,2016-02-22,inferred_cover_minus_14d,7,,
924,2016,13号,13,13,0,2016-03-14,2016-02-29,inferred_cover_minus_14d,7,,
925,2016,14号,14,14,0,2016-03-21,2016-03-07,inferred_cover_minus_14d,7,,
926,2016,15号,15,15,0,2016-03-28,2016-03-14,inferred_cover_minus_14d,7,,
927,2016,16号,16,16,0,2016-04-04,2016-03-21,inferred_cover_minus_14d,7,,
928,2016,17号,17,17,0,2016-04-11,2016-03-28,inferred_cover_minus_14d,7,,
929,2016,18号,18,18,0,2016-04-18,2016-04-04,inferred_cover_minus_14d,7,,
930,2016,19号,19,19,0,2016-04-25,2016-04-11,inferred_cover_minus_14d,7,,
931,2016,20号,20,20,0,2016-05-02,2016-04-18,observed_hunterpedia,7,350,2359
932,2016,21・22号,21,22,1,2016-05-09,2016-04-25,observed_hunterpedia,14,351,2360
933,2016,23号,23,23,0,2016-05-23,2016-05-09,observed_hunterpedia,7,352,2361
934,2016,24号,24,24,0,2016-05-30,2016-05-16,observed_hunterpedia,7,353,2362
935,2016,25号,25,25,0,2016-06-06,2016-05-23,observed_hunterpedia,7,354,2363
936,2016,26号,26,26,0,2016-06-13,2016-05-30,observed_hunterpedia,7,355,2364
937,2016,27号,27,27,0,2016-06-20,2016-06-06,observed_hunterpedia,7,356,2365
938,2016,28号,28,28,0,2016-06-27,2016-06-13,observed_hunterpedia,7,357,2366
939,2016,29号,29,29,0,2016-07-04,2016-06-20,observed_hunterpedia,7,358,2367
940,2016,30号,30,30,0,2016-07-11,2016-06-27,observed_hunterpedia,7,359,2368
941,2016,31号,31,31,0,2016-07-18,2016-07-04,observed_hunterpedia,7,360,2369
942,2016,32号,32,32,0,2016-07-25,2016-07-11,inferred_cover_minus_14d,7,,
943,2016,33号,33,33,0,2016-08-01,2016-07-18,inferred_cover_minus_14d,7,,
944,2016,34号,34,34,0,2016-08-08,2016-07-25,inferred_cover_minus_14d,7,,
945,2016,35号,35,35,0,2016-08-15,2016-08-01,inferred_cover_minus_14d,7,,
946,2016,36・37号,36,37,1,2016-08-22,2016-08-08,inferred_cover_minus_14d,14,,
947,2016,38号,38,38,0,2016-09-05,2016-08-22,inferred_cover_minus_14d,7,,
948,2016,39号,39,39,0,2016-09-12,2016-08-29,inferred_cover_minus_14d,7,,
949,2016,40号,40,40,0,2016-09-19,2016-09-05,inferred_cover_minus_14d,7,,
950,2016,41号,41,41,0,2016-09-26,2016-09-12,inferred_cover_minus_14d,7,,
951,2016,42号,42,42,0,2016-10-03,2016-09-19,inferred_cover_minus_14d,7,,
952,2016,43号,43,43,0,2016-10-10,2016-09-26,inferred_cover_minus_14d,7,,
953,2016,44号,44,44,0,2016-10-17,2016-10-03,inferred_cover_minus_14d,7,,
954,2016,45号,45,45,0,2016-10-24,2016-10-10,inferred_cover_minus_14d,7,,
955,2016,46号,46,46,0,2016-10-31,2016-10-17,inferred_cover_minus_14d,7,,
956,2016,47号,47,47,0,2016-11-07,2016-10-24,inferred_cover_minus_14d,7,,
957,2016,48号,48,48,0,2016-11-14,2016-10-31,inferred_cover_minus_14d,7,,
958,2016,49号,49,49,0,2016-11-21,2016-11-07,inferred_cover_minus_14d,7,,
959,2016,50号,50,50,0,2016-11-28,2016-11-14,inferred_cover_minus_14d,7,,
960,2016,51号,51,51,0,2016-12-05,2016-11-21,inferred_cover_minus_14d,7,,
961,2016,52号,52,52,0,2016-12-12,2016-11-28,inferred_cover_minus_14d,20,,
962,2017,1号,1,1,0,2017-01-01,2016-12-18,inferred_cover_minus_14d,7,,
963,2017,2・3号,2,3,1,2017-01-08,2016-12-25,inferred_cover_minus_14d,7,,
964,2017,4・5号,4,5,1,2017-01-15,2017-01-01,inferred_cover_minus_14d,8,,
965,2017,6号,6,6,0,2017-01-23,2017-01-09,inferred_cover_minus_14d,7,,
966,2017,7号,7,7,0,2017-01-30,2017-01-16,inferred_cover_minus_14d,7,,
967,2017,8号,8,8,0,2017-02-06,2017-01-23,inferred_cover_minus_14d,7,,
968,2017,9号,9,9,0,2017-02-13,2017-01-30,inferred_cover_minus_14d,7,,
969,2017,10号,10,10,0,2017-02-20,2017-02-06,inferred_cover_minus_14d,7,,
970,2017,11号,11,11,0,2017-02-27,2017-02-13,inferred_cover_minus_14d,7,,
971,2017,12号,12,12,0,2017-03-06,2017-02-20,inferred_cover_minus_14d,7,,
972,2017,13号,13,13,0,2017-03-13,2017-02-27,inferred_cover_minus_14d,7,,
973,2017,14号,14,14,0,2017-03-20,2017-03-06,inferred_cover_minus_14d,7,,
974,2017,15号,15,15,0,2017-03-27,2017-03-13,inferred_cover_minus_14d,7,,
975,2017,16号,16,16,0,2017-04-03,2017-03-20,inferred_cover_minus_14d,7,,
976,2017,17号,17,17,0,2017-04-10,2017-03-27,inferred_cover_minus_14d,7,,
977,2017,18号,18,18,0,2017-04-17,2017-04-03,inferred_cover_minus_14d,7,,
978,2017,19号,19,19,0,2017-04-24,2017-04-10,inferred_cover_minus_14d,7,,
979,2017,20号,20,20,0,2017-05-01,2017-04-17,inferred_cover_minus_14d,13,,
980,2017,21・22号,21,22,1,2017-05-14,2017-04-30,inferred_cover_minus_14d,8,,
981,2017,23号,23,23,0,2017-05-22,2017-05-08,inferred_cover_minus_14d,7,,
982,2017,24号,24,24,0,2017-05-29,2017-05-15,inferred_cover_minus_14d,7,,
983,2017,25号,25,25,0,2017-06-05,2017-05-22,inferred_cover_minus_14d,7,,
984,2017,26号,26,26,0,2017-06-12,2017-05-29,inferred_cover_minus_14d,7,,
985,2017,27号,27,27,0,2017-06-19,2017-06-05,inferred_cover_minus_14d,7,,
986,2017,28号,28,28,0,2017-06-26,2017-06-12,inferred_cover_minus_14d,7,,
987,2017,29号,29,29,0,2017-07-03,2017-06-19,inferred_cover_minus_14d,7,,
988,2017,30号,30,30,0,2017-07-10,2017-06-26,observed_hunterpedia,7,361,2416
989,2017,31号,31,31,0,2017-07-17,2017-07-03,observed_hunterpedia,7,362,2417
990,2017,32号,32,32,0,2017-07-24,2017-07-10,observed_hunterpedia,5,363,2418
991,2017,33号,33,33,0,2017-07-31,2017-07-15,observed_hunterpedia,9,364,2419
992,2017,34号,34,34,0,2017-08-07,2017-07-24,observed_hunterpedia,7,365,2420
993,2017,35号,35,35,0,2017-08-14,2017-07-31,observed_hunterpedia,7,366,2421
994,2017,36・37号,36,37,1,2017-08-28,2017-08-07,observed_hunterpedia,14,367,2422
995,2017,38号,38,38,0,2017-09-04,2017-08-21,observed_hunterpedia,7,368,2423
996,2017,39号,39,39,0,2017-09-11,2017-08-28,observed_hunterpedia,7,369,2424
997,2017,40号,40,40,0,2017-09-18,2017-09-04,observed_hunterpedia,7,370,2425
998,2017,41号,41,41,0,2017-09-25,2017-09-11,inferred_cover_minus_14d,7,,
999,2017,42号,42,42,0,2017-10-02,2017-09-18,inferred_cover_minus_14d,7,,
1000,2017,43号,43,43,0,2017-10-09,2017-09-25,inferred_cover_minus_14d,7,,
1001,2017,44号,44,44,0,2017-10-16,2017-10-02,inferred_cover_minus_14d,7,,
1002,2017,45号,45,45,0,2017-10-23,2017-10-09,inferred_cover_minus_14d,7,,
1003,2017,46号,46,46,0,2017-10-30,2017-10-16,inferred_cover_minus_14d,7,,
1004,2017,47号,47,47,0,2017-11-06,2017-10-23,inferred_cover_minus_14d,7,,
1005,2017,48号,48,48,0,2017-11-13,2017-10-30,inferred_cover_minus_14d,7,,
1006,2017,49号,49,49,0,2017-11-20,2017-11-06,inferred_cover_minus_14d,7,,
1007,2017,50号,50,50,0,2017-11-27,2017-11-13,inferred_cover_minus_14d,7,,
1008,2017,51号,51,51,0,2017-12-04,2017-11-20,inferred_cover_minus_14d,7,,
1009,2017,52号,52,52,0,2017-12-11,2017-11-27,inferred_cover_minus_14d,21,,
1010,2018,1号,1,1,0,2018-01-01,2017-12-18,inferred_cover_minus_14d,7,,
1011,2018,2・3号,2,3,1,2018-01-08,2017-12-25,inferred_cover_minus_14d,7,,
1012,2018,4・5号,4,5,1,2018-01-15,2018-01-01,inferred_cover_minus_14d,7,,
1013,2018,6号,6,6,0,2018-01-22,2018-01-08,inferred_cover_minus_14d,7,,
1014,2018,7号,7,7,0,2018-01-29,2018-01-15,inferred_cover_minus_14d,7,,
1015,2018,8号,8,8,0,2018-02-05,2018-01-22,inferred_cover_minus_14d,7,,
1016,2018,9号,9,9,0,2018-02-12,2018-01-29,observed_hunterpedia,7,371,2444
1017,2018,10号,10,10,0,2018-02-19,2018-02-05,observed_hunterpedia,7,372,2445
1018,2018,11号,11,11,0,2018-02-26,2018-02-12,observed_hunterpedia,7,373,2446
1019,2018,12号,12,12,0,2018-03-05,2018-02-19,observed_hunterpedia,7,374,2447
1020,2018,13号,13,13,0,2018-03-12,2018-02-26,observed_hunterpedia,7,375,2448
1021,2018,14号,14,14,0,2018-03-19,2018-03-05,observed_hunterpedia,7,376,2449
1022,2018,15号,15,15,0,2018-03-26,2018-03-12,observed_hunterpedia,7,377,2450
1023,2018,16号,16,16,0,2018-04-02,2018-03-19,observed_hunterpedia,7,378,2451
1024,2018,17号,17,17,0,2018-04-09,2018-03-26,observed_hunterpedia,7,379,2452
1025,2018,18号,18,18,0,2018-04-16,2018-04-02,observed_hunterpedia,7,380,2453
1026,2018,19号,19,19,0,2018-04-23,2018-04-09,inferred_cover_minus_14d,7,,
1027,2018,20号,20,20,0,2018-04-30,2018-04-16,inferred_cover_minus_14d,7,,
1028,2018,21・22号,21,22,1,2018-05-07,2018-04-23,inferred_cover_minus_14d,14,,
1029,2018,23号,23,23,0,2018-05-21,2018-05-07,inferred_cover_minus_14d,7,,
1030,2018,24号,24,24,0,2018-05-28,2018-05-14,inferred_cover_minus_14d,7,,
1031,2018,25号,25,25,0,2018-06-04,2018-05-21,inferred_cover_minus_14d,7,,
1032,2018,26号,26,26,0,2018-06-11,2018-05-28,inferred_cover_minus_14d,7,,
1033,2018,27号,27,27,0,2018-06-18,2018-06-04,inferred_cover_minus_14d,7,,
1034,2018,28号,28,28,0,2018-06-25,2018-06-11,inferred_cover_minus_14d,7,,
1035,2018,29号,29,29,0,2018-07-02,2018-06-18,inferred_cover_minus_14d,7,,
1036,2018,30号,30,30,0,2018-07-09,2018-06-25,inferred_cover_minus_14d,7,,
1037,2018,31号,31,31,0,2018-07-16,2018-07-02,inferred_cover_minus_14d,7,,
1038,2018,32号,32,32,0,2018-07-23,2018-07-09,inferred_cover_minus_14d,7,,
1039,2018,33号,33,33,0,2018-07-30,2018-07-16,inferred_cover_minus_14d,7,,
1040,2018,34号,34,34,0,2018-08-06,2018-07-23,inferred_cover_minus_14d,7,,
1041,2018,35号,35,35,0,2018-08-13,2018-07-30,inferred_cover_minus_14d,7,,
1042,2018,36・37号,36,37,1,2018-08-20,2018-08-06,inferred_cover_minus_14d,14,,
1043,2018,38号,38,38,0,2018-09-03,2018-08-20,inferred_cover_minus_14d,7,,
1044,2018,39号,39,39,0,2018-09-10,2018-08-27,inferred_cover_minus_14d,7,,
1045,2018,40号,40,40,0,2018-09-17,2018-09-03,inferred_cover_minus_14d,7,,
1046,2018,41号,41,41,0,2018-09-24,2018-09-10,inferred_cover_minus_14d,7,,
1047,2018,42号,42,42,0,2018-10-01,2018-09-17,inferred_cover_minus_14d,7,,
1048,2018,43号,43,43,0,2018-10-08,2018-09-24,observed_hunterpedia,7,381,2476
1049,2018,44号,44,44,0,2018-10-15,2018-10-01,observed_hunterpedia,7,382,2477
1050,2018,45号,45,45,0,2018-10-22,2018-10-08,observed_hunterpedia,7,383,2478
1051,2018,46号,46,46,0,2018-10-29,2018-10-15,observed_hunterpedia,7,384,2479
1052,2018,47号,47,47,0,2018-11-05,2018-10-22,observed_hunterpedia,7,385,2480
1053,2018,48号,48,48,0,2018-11-12,2018-10-29,observed_hunterpedia,7,386,2481
1054,2018,49号,49,49,0,2018-11-19,2018-11-05,observed_hunterpedia,7,387,2482
1055,2018,50号,50,50,0,2018-11-26,2018-11-12,observed_hunterpedia,7,388,2483
1056,2018,51号,51,51,0,2018-12-03,2018-11-19,observed_hunterpedia,7,389,2484
1057,2018,52号,52,52,0,2018-12-10,2018-11-26,observed_hunterpedia,22,390,2485
1058,2019,1号,1,1,0,2019-01-01,2018-12-18,inferred_cover_minus_14d,7,,
1059,2019,2号,2,2,0,2019-01-08,2018-12-25,inferred_cover_minus_14d,7,,
1060,2019,3号,3,3,0,2019-01-15,2019-01-01,inferred_cover_minus_14d,7,,
1061,2019,4・5号,4,5,1,2019-01-22,2019-01-08,inferred_cover_minus_14d,7,,
1062,2019,6・7号,6,7,1,2019-01-29,2019-01-15,inferred_cover_minus_14d,6,,
1063,2019,8号,8,8,0,2019-02-04,2019-01-21,inferred_cover_minus_14d,7,,
1064,2019,9号,9,9,0,2019-02-11,2019-01-28,inferred_cover_minus_14d,7,,
1065,2019,10号,10,10,0,2019-02-18,2019-02-04,inferred_cover_minus_14d,7,,
1066,2019,11号,11,11,0,2019-02-25,2019-02-11,inferred_cover_minus_14d,7,,
1067,2019,12号,12,12,0,2019-03-04,2019-02-18,inferred_cover_minus_14d,7,,
1068,2019,13号,13,13,0,2019-03-11,2019-02-25,inferred_cover_minus_14d,7,,
1069,2019,14号,14,14,0,2019-03-18,2019-03-04,inferred_cover_minus_14d,7,,
1070,2019,15号,15,15,0,2019-03-25,2019-03-11,inferred_cover_minus_14d,7,,
1071,2019,16号,16,16,0,2019-04-01,2019-03-18,inferred_cover_minus_14d,7,,
1072,2019,17号,17,17,0,2019-04-08,2019-03-25,inferred_cover_minus_14d,7,,
1073,2019,18号,18,18,0,2019-04-15,2019-04-01,inferred_cover_minus_14d,7,,
1074,2019,19号,19,19,0,2019-04-22,2019-04-08,inferred_cover_minus_14d,7,,
1075,2019,20号,20,20,0,2019-04-29,2019-04-15,inferred_cover_minus_14d,7,,
1076,2019,21号,21,21,0,2019-05-06,2019-04-22,inferred_cover_minus_14d,7,,
1077,2019,22・23号,22,23,1,2019-05-13,2019-04-29,inferred_cover_minus_14d,14,,
1078,2019,24号,24,24,0,2019-05-27,2019-05-13,inferred_cover_minus_14d,7,,
1079,2019,25号,25,25,0,2019-06-03,2019-05-20,inferred_cover_minus_14d,7,,
1080,2019,26号,26,26,0,2019-06-10,2019-05-27,inferred_cover_minus_14d,7,,
1081,2019,27号,27,27,0,2019-06-17,2019-06-03,inferred_cover_minus_14d,7,,
1082,2019,28号,28,28,0,2019-06-24,2019-06-10,inferred_cover_minus_14d,7,,
1083,2019,29号,29,29,0,2019-07-01,2019-06-17,inferred_cover_minus_14d,7,,
1084,2019,30号,30,30,0,2019-07-08,2019-06-24,inferred_cover_minus_14d,7,,
1085,2019,31号,31,31,0,2019-07-15,2019-07-01,inferred_cover_minus_14d,7,,
1086,2019,32号,32,32,0,2019-07-22,2019-07-08,inferred_cover_minus_14d,7,,
1087,2019,33号,33,33,0,2019-07-29,2019-07-15,inferred_cover_minus_14d,7,,
1088,2019,34号,34,34,0,2019-08-05,2019-07-22,inferred_cover_minus_14d,7,,
1089,2019,35号,35,35,0,2019-08-12,2019-07-29,inferred_cover_minus_14d,7,,
1090,2019,36・37号,36,37,1,2019-08-19,2019-08-05,inferred_cover_minus_14d,14,,
1091,2019,38号,38,38,0,2019-09-02,2019-08-19,inferred_cover_minus_14d,7,,
1092,2019,39号,39,39,0,2019-09-09,2019-08-26,inferred_cover_minus_14d,7,,
1093,2019,40号,40,40,0,2019-09-16,2019-09-02,inferred_cover_minus_14d,7,,
1094,2019,41号,41,41,0,2019-09-23,2019-09-09,inferred_cover_minus_14d,7,,
1095,2019,42号,42,42,0,2019-09-30,2019-09-16,inferred_cover_minus_14d,7,,
1096,2019,43号,43,43,0,2019-10-07,2019-09-23,inferred_cover_minus_14d,7,,
1097,2019,44号,44,44,0,2019-10-14,2019-09-30,inferred_cover_minus_14d,7,,
1098,2019,45号,45,45,0,2019-10-21,2019-10-07,inferred_cover_minus_14d,7,,
1099,2019,46号,46,46,0,2019-10-28,2019-10-14,inferred_cover_minus_14d,7,,
1100,2019,47号,47,47,0,2019-11-04,2019-10-21,inferred_cover_minus_14d,7,,
1101,2019,48号,48,48,0,2019-11-11,2019-10-28,inferred_cover_minus_14d,7,,
1102,2019,49号,49,49,0,2019-11-18,2019-11-04,inferred_cover_minus_14d,7,,
1103,2019,50号,50,50,0,2019-11-25,2019-11-11,inferred_cover_minus_14d,7,,
1104,2019,51号,51,51,0,2019-12-02,2019-11-18,inferred_cover_minus_14d,7,,
1105,2019,52号,52,52,0,2019-12-09,2019-11-25,inferred_cover_minus_14d,23,,
1106,2020,1号,1,1,0,2020-01-01,2019-12-18,inferred_cover_minus_14d,7,,
1107,2020,2号,2,2,0,2020-01-08,2019-12-25,inferred_cover_minus_14d,7,,
1108,2020,3号,3,3,0,2020-01-15,2020-01-01,inferred_cover_minus_14d,7,,
1109,2020,4・5号,4,5,1,2020-01-22,2020-01-08,inferred_cover_minus_14d,7,,
1110,2020,6・7号,6,7,1,2020-01-29,2020-01-15,inferred_cover_minus_14d,5,,
1111,2020,8号,8,8,0,2020-02-03,2020-01-20,inferred_cover_minus_14d,7,,
1112,2020,9号,9,9,0,2020-02-10,2020-01-27,inferred_cover_minus_14d,7,,
1113,2020,10号,10,10,0,2020-02-17,2020-02-03,inferred_cover_minus_14d,7,,
1114,2020,11号,11,11,0,2020-02-24,2020-02-10,inferred_cover_minus_14d,7,,
1115,2020,12号,12,12,0,2020-03-02,2020-02-17,inferred_cover_minus_14d,7,,
1116,2020,13号,13,13,0,2020-03-09,2020-02-24,inferred_cover_minus_14d,7,,
1117,2020,14号,14,14,0,2020-03-16,2020-03-02,inferred_cover_minus_14d,7,,
1118,2020,15号,15,15,0,2020-03-23,2020-03-09,inferred_cover_minus_14d,7,,
1119,2020,16号,16,16,0,2020-03-30,2020-03-16,inferred_cover_minus_14d,7,,
1120,2020,17号,17,17,0,2020-04-06,2020-03-23,inferred_cover_minus_14d,7,,
1121,2020,18号,18,18,0,2020-04-13,2020-03-30,inferred_cover_minus_14d,7,,
1122,2020,19号,19,19,0,2020-04-20,2020-04-06,inferred_cover_minus_14d,7,,
1123,2020,20号,20,20,0,2020-04-27,2020-04-13,inferred_cover_minus_14d,14,,
1124,2020,21・22号,21,22,1,2020-05-11,2020-04-27,inferred_cover_minus_14d,14,,
1125,2020,23号,23,23,0,2020-05-25,2020-05-11,inferred_cover_minus_14d,7,,
1126,2020,24号,24,24,0,2020-06-01,2020-05-18,inferred_cover_minus_14d,7,,
1127,2020,25号,25,25,0,2020-06-08,2020-05-25,inferred_cover_minus_14d,7,,
1128,2020,26号,26,26,0,2020-06-15,2020-06-01,inferred_cover_minus_14d,7,,
1129,2020,27号,27,27,0,2020-06-22,2020-06-08,inferred_cover_minus_14d,7,,
1130,2020,28号,28,28,0,2020-06-29,2020-06-15,inferred_cover_minus_14d,7,,
1131,2020,29号,29,29,0,2020-07-06,2020-06-22,inferred_cover_minus_14d,7,,
1132,2020,30号,30,30,0,2020-07-13,2020-06-29,inferred_cover_minus_14d,7,,
1133,2020,31号,31,31,0,2020-07-20,2020-07-06,inferred_cover_minus_14d,7,,
1134,2020,32号,32,32,0,2020-07-27,2020-07-13,inferred_cover_minus_14d,7,,
1135,2020,33・34号,33,34,1,2020-08-03,2020-07-20,inferred_cover_minus_14d,14,,
1136,2020,35号,35,35,0,2020-08-17,2020-08-03,inferred_cover_minus_14d,7,,
1137,2020,36・37号,36,37,1,2020-08-24,2020-08-10,inferred_cover_minus_14d,14,,
1138,2020,38号,38,38,0,2020-09-07,2020-08-24,inferred_cover_minus_14d,7,,
1139,2020,39号,39,39,0,2020-09-14,2020-08-31,inferred_cover_minus_14d,7,,
1140,2020,40号,40,40,0,2020-09-21,2020-09-07,inferred_cover_minus_14d,7,,
1141,2020,41号,41,41,0,2020-09-28,2020-09-14,inferred_cover_minus_14d,7,,
1142,2020,42号,42,42,0,2020-10-05,2020-09-21,inferred_cover_minus_14d,7,,
1143,2020,43号,43,43,0,2020-10-12,2020-09-28,inferred_cover_minus_14d,7,,
1144,2020,44号,44,44,0,2020-10-19,2020-10-05,inferred_cover_minus_14d,7,,
1145,2020,45号,45,45,0,2020-10-26,2020-10-12,inferred_cover_minus_14d,7,,
1146,2020,46号,46,46,0,2020-11-02,2020-10-19,inferred_cover_minus_14d,7,,
1147,2020,47号,47,47,0,2020-11-09,2020-10-26,inferred_cover_minus_14d,7,,
1148,2020,48号,48,48,0,2020-11-16,2020-11-02,inferred_cover_minus_14d,7,,
1149,2020,49号,49,49,0,2020-11-23,2020-11-09,inferred_cover_minus_14d,7,,
1150,2020,50号,50,50,0,2020-11-30,2020-11-16,inferred_cover_minus_14d,7,,
1151,2020,51号,51,51,0,2020-12-07,2020-11-23,inferred_cover_minus_14d,7,,
1152,2020,52号,52,52,0,2020-12-14,2020-11-30,inferred_cover_minus_14d,18,,
1153,2021,1号,1,1,0,2021-01-01,2020-12-18,inferred_cover_minus_14d,7,,
1154,2021,2号,2,2,0,2021-01-08,2020-12-25,inferred_cover_minus_14d,7,,
1155,2021,3・4号,3,4,1,2021-01-15,2021-01-01,inferred_cover_minus_14d,7,,
1156,2021,5・6号,5,6,1,2021-01-22,2021-01-08,inferred_cover_minus_14d,10,,
1157,2021,7号,7,7,0,2021-02-01,2021-01-18,inferred_cover_minus_14d,7,,
1158,2021,8号,8,8,0,2021-02-08,2021-01-25,inferred_cover_minus_14d,7,,
1159,2021,9号,9,9,0,2021-02-15,2021-02-01,inferred_cover_minus_14d,7,,
1160,2021,10号,10,10,0,2021-02-22,2021-02-08,inferred_cover_minus_14d,7,,
1161,2021,11号,11,11,0,2021-03-01,2021-02-15,inferred_cover_minus_14d,7,,
1162,2021,12号,12,12,0,2021-03-08,2021-02-22,inferred_cover_minus_14d,7,,
1163,2021,13号,13,13,0,2021-03-15,2021-03-01,inferred_cover_minus_14d,7,,
1164,2021,14号,14,14,0,2021-03-22,2021-03-08,inferred_cover_minus_14d,7,,
1165,2021,15号,15,15,0,2021-03-29,2021-03-15,inferred_cover_minus_14d,7,,
1166,2021,16号,16,16,0,2021-04-05,2021-03-22,inferred_cover_minus_14d,7,,
1167,2021,17号,17,17,0,2021-04-12,2021-03-29,inferred_cover_minus_14d,7,,
1168,2021,18号,18,18,0,2021-04-19,2021-04-05,inferred_cover_minus_14d,7,,
1169,2021,19号,19,19,0,2021-04-26,2021-04-12,inferred_cover_minus_14d,7,,
1170,2021,20号,20,20,0,2021-05-03,2021-04-19,inferred_cover_minus_14d,7,,
1171,2021,21・22号,21,22,1,2021-05-10,2021-04-26,inferred_cover_minus_14d,14,,
1172,2021,23号,23,23,0,2021-05-24,2021-05-10,inferred_cover_minus_14d,7,,
1173,2021,24号,24,24,0,2021-05-31,2021-05-17,inferred_cover_minus_14d,7,,
1174,2021,25号,25,25,0,2021-06-07,2021-05-24,inferred_cover_minus_14d,7,,
1175,2021,26号,26,26,0,2021-06-14,2021-05-31,inferred_cover_minus_14d,7,,
1176,2021,27号,27,27,0,2021-06-21,2021-06-07,inferred_cover_minus_14d,7,,
1177,2021,28号,28,28,0,2021-06-28,2021-06-14,inferred_cover_minus_14d,7,,
1178,2021,29号,29,29,0,2021-07-05,2021-06-21,inferred_cover_minus_14d,7,,
1179,2021,30号,30,30,0,2021-07-12,2021-06-28,inferred_cover_minus_14d,7,,
1180,2021,31号,31,31,0,2021-07-19,2021-07-05,inferred_cover_minus_14d,7,,
1181,2021,32号,32,32,0,2021-07-26,2021-07-12,inferred_cover_minus_14d,7,,
1182,2021,33・34号,33,34,1,2021-08-02,2021-07-19,inferred_cover_minus_14d,14,,
1183,2021,35号,35,35,0,2021-08-16,2021-08-02,inferred_cover_minus_14d,7,,
1184,2021,36・37号,36,37,1,2021-08-23,2021-08-09,inferred_cover_minus_14d,14,,
1185,2021,38号,38,38,0,2021-09-06,2021-08-23,inferred_cover_minus_14d,7,,
1186,2021,39号,39,39,0,2021-09-13,2021-08-30,inferred_cover_minus_14d,7,,
1187,2021,40号,40,40,0,2021-09-20,2021-09-06,inferred_cover_minus_14d,7,,
1188,2021,41号,41,41,0,2021-09-27,2021-09-13,inferred_cover_minus_14d,7,,
1189,2021,42号,42,42,0,2021-10-04,2021-09-20,inferred_cover_minus_14d,7,,
1190,2021,43号,43,43,0,2021-10-11,2021-09-27,inferred_cover_minus_14d,7,,
1191,2021,44号,44,44,0,2021-10-18,2021-10-04,inferred_cover_minus_14d,7,,
1192,2021,45号,45,45,0,2021-10-25,2021-10-11,inferred_cover_minus_14d,7,,
1193,2021,46号,46,46,0,2021-11-01,2021-10-18,inferred_cover_minus_14d,7,,
1194,2021,47号,47,47,0,2021-11-08,2021-10-25,inferred_cover_minus_14d,7,,
1195,2021,48号,48,48,0,2021-11-15,2021-11-01,inferred_cover_minus_14d,7,,
1196,2021,49号,49,49,0,2021-11-22,2021-11-08,inferred_cover_minus_14d,7,,
1197,2021,50号,50,50,0,2021-11-29,2021-11-15,inferred_cover_minus_14d,7,,
1198,2021,51号,51,51,0,2021-12-06,2021-11-22,inferred_cover_minus_14d,7,,
1199,2021,52号,52,52,0,2021-12-13,2021-11-29,inferred_cover_minus_14d,19,,
1200,2022,1号,1,1,0,2022-01-01,2021-12-18,inferred_cover_minus_14d,7,,
1201,2022,2号,2,2,0,2022-01-08,2021-12-25,inferred_cover_minus_14d,7,,
1202,2022,3・4号,3,4,1,2022-01-15,2022-01-01,inferred_cover_minus_14d,7,,
1203,2022,5・6号,5,6,1,2022-01-22,2022-01-08,inferred_cover_minus_14d,9,,
1204,2022,7号,7,7,0,2022-01-31,2022-01-17,inferred_cover_minus_14d,7,,
1205,2022,8号,8,8,0,2022-02-07,2022-01-24,inferred_cover_minus_14d,7,,
1206,2022,9号,9,9,0,2022-02-14,2022-01-31,inferred_cover_minus_14d,7,,
1207,2022,10号,10,10,0,2022-02-21,2022-02-07,inferred_cover_minus_14d,7,,
1208,2022,11号,11,11,0,2022-02-28,2022-02-14,inferred_cover_minus_14d,7,,
1209,2022,12号,12,12,0,2022-03-07,2022-02-21,inferred_cover_minus_14d,7,,
1210,2022,13号,13,13,0,2022-03-14,2022-02-28,inferred_cover_minus_14d,7,,
1211,2022,14号,14,14,0,2022-03-21,2022-03-07,inferred_cover_minus_14d,7,,
1212,2022,15号,15,15,0,2022-03-28,2022-03-14,inferred_cover_minus_14d,7,,
1213,2022,16号,16,16,0,2022-04-04,2022-03-21,inferred_cover_minus_14d,7,,
1214,2022,17号,17,17,0,2022-04-11,2022-03-28,inferred_cover_minus_14d,7,,
1215,2022,18号,18,18,0,2022-04-18,2022-04-04,inferred_cover_minus_14d,7,,
1216,2022,19号,19,19,0,2022-04-25,2022-04-11,inferred_cover_minus_14d,7,,
1217,2022,20号,20,20,0,2022-05-02,2022-04-18,inferred_cover_minus_14d,7,,
1218,2022,21・22号,21,22,1,2022-05-09,2022-04-25,inferred_cover_minus_14d,14,,
1219,2022,23号,23,23,0,2022-05-23,2022-05-09,inferred_cover_minus_14d,7,,
1220,2022,24号,24,24,0,2022-05-30,2022-05-16,inferred_cover_minus_14d,7,,
1221,2022,25号,25,25,0,2022-06-06,2022-05-23,inferred_cover_minus_14d,7,,
1222,2022,26号,26,26,0,2022-06-13,2022-05-30,inferred_cover_minus_14d,7,,
1223,2022,27号,27,27,0,2022-06-20,2022-06-06,inferred_cover_minus_14d,7,,
1224,2022,28号,28,28,0,2022-06-27,2022-06-13,inferred_cover_minus_14d,7,,
1225,2022,29号,29,29,0,2022-07-04,2022-06-20,inferred_cover_minus_14d,7,,
1226,2022,30号,30,30,0,2022-07-11,2022-06-27,inferred_cover_minus_14d,7,,
1227,2022,31号,31,31,0,2022-07-18,2022-07-04,inferred_cover_minus_14d,7,,
1228,2022,32号,32,32,0,2022-07-25,2022-07-11,inferred_cover_minus_14d,7,,
1229,2022,33号,33,33,0,2022-08-01,2022-07-18,inferred_cover_minus_14d,7,,
1230,2022,34号,34,34,0,2022-08-08,2022-07-25,inferred_cover_minus_14d,7,,
1231,2022,35号,35,35,0,2022-08-15,2022-08-01,inferred_cover_minus_14d,7,,
1232,2022,36・37号,36,37,1,2022-08-22,2022-08-08,inferred_cover_minus_14d,14,,
1233,2022,38号,38,38,0,2022-09-05,2022-08-22,inferred_cover_minus_14d,7,,
1234,2022,39号,39,39,0,2022-09-12,2022-08-29,inferred_cover_minus_14d,7,,
1235,2022,40号,40,40,0,2022-09-19,2022-09-05,inferred_cover_minus_14d,7,,
1236,2022,41号,41,41,0,2022-09-26,2022-09-12,inferred_cover_minus_14d,7,,
1237,2022,42号,42,42,0,2022-10-03,2022-09-19,inferred_cover_minus_14d,7,,
1238,2022,43号,43,43,0,2022-10-10,2022-09-26,inferred_cover_minus_14d,7,,
1239,2022,44号,44,44,0,2022-10-17,2022-10-03,inferred_cover_minus_14d,7,,
1240,2022,45号,45,45,0,2022-10-24,2022-10-10,inferred_cover_minus_14d,7,,
1241,2022,46号,46,46,0,2022-10-31,2022-10-17,inferred_cover_minus_14d,7,,
1242,2022,47号,47,47,0,2022-11-07,2022-10-24,observed_hunterpedia,7,391,2670
1243,2022,48号,48,48,0,2022-11-14,2022-10-31,observed_hunterpedia,7,392,2671
1244,2022,49号,49,49,0,2022-11-21,2022-11-07,observed_hunterpedia,7,393,2672
1245,2022,50号,50,50,0,2022-11-28,2022-11-14,observed_hunterpedia,7,394,2673
1246,2022,51号,51,51,0,2022-12-05,2022-11-21,observed_hunterpedia,7,395,2674
1247,2022,52号,52,52,0,2022-12-12,2022-11-28,observed_hunterpedia,7,396,2675
1248,2023,1号,1,1,0,2023-01-01,2022-12-05,observed_hunterpedia,7,397,2676
1249,2023,2号,2,2,0,2023-01-08,2022-12-12,observed_hunterpedia,7,398,2677
1250,2023,3号,3,3,0,2023-01-15,2022-12-19,observed_hunterpedia,7,399,2678
1251,2023,4・5号,4,5,1,2023-01-22,2022-12-26,observed_hunterpedia,20,400,2679
1252,2023,6・7号,6,7,1,2023-01-29,2023-01-15,inferred_cover_minus_14d,8,,
1253,2023,8号,8,8,0,2023-02-06,2023-01-23,inferred_cover_minus_14d,7,,
1254,2023,9号,9,9,0,2023-02-13,2023-01-30,inferred_cover_minus_14d,7,,
1255,2023,10号,10,10,0,2023-02-20,2023-02-06,inferred_cover_minus_14d,7,,
1256,2023,11号,11,11,0,2023-02-27,2023-02-13,inferred_cover_minus_14d,7,,
1257,2023,12号,12,12,0,2023-03-06,2023-02-20,inferred_cover_minus_14d,7,,
1258,2023,13号,13,13,0,2023-03-13,2023-02-27,inferred_cover_minus_14d,7,,
1259,2023,14号,14,14,0,2023-03-20,2023-03-06,inferred_cover_minus_14d,7,,
1260,2023,15号,15,15,0,2023-03-27,2023-03-13,inferred_cover_minus_14d,7,,
1261,2023,16号,16,16,0,2023-04-03,2023-03-20,inferred_cover_minus_14d,7,,
1262,2023,17号,17,17,0,2023-04-10,2023-03-27,inferred_cover_minus_14d,7,,
1263,2023,18号,18,18,0,2023-04-17,2023-04-03,inferred_cover_minus_14d,7,,
1264,2023,19号,19,19,0,2023-04-24,2023-04-10,inferred_cover_minus_14d,7,,
1265,2023,20号,20,20,0,2023-05-01,2023-04-17,inferred_cover_minus_14d,7,,
1266,2023,21・22号,21,22,1,2023-05-08,2023-04-24,inferred_cover_minus_14d,14,,
1267,2023,23号,23,23,0,2023-05-22,2023-05-08,inferred_cover_minus_14d,7,,
1268,2023,24号,24,24,0,2023-05-29,2023-05-15,inferred_cover_minus_14d,7,,
1269,2023,25号,25,25,0,2023-06-05,2023-05-22,inferred_cover_minus_14d,7,,
1270,2023,26号,26,26,0,2023-06-12,2023-05-29,inferred_cover_minus_14d,7,,
1271,2023,27号,27,27,0,2023-06-19,2023-06-05,inferred_cover_minus_14d,7,,
1272,2023,28号,28,28,0,2023-06-26,2023-06-12,inferred_cover_minus_14d,7,,
1273,2023,29号,29,29,0,2023-07-03,2023-06-19,inferred_cover_minus_14d,7,,
1274,2023,30号,30,30,0,2023-07-10,2023-06-26,inferred_cover_minus_14d,7,,
1275,2023,31号,31,31,0,2023-07-17,2023-07-03,inferred_cover_minus_14d,7,,
1276,2023,32号,32,32,0,2023-07-24,2023-07-10,inferred_cover_minus_14d,7,,
1277,2023,33号,33,33,0,2023-07-31,2023-07-17,inferred_cover_minus_14d,7,,
1278,2023,34号,34,34,0,2023-08-07,2023-07-24,inferred_cover_minus_14d,7,,
1279,2023,35号,35,35,0,2023-08-14,2023-07-31,inferred_cover_minus_14d,7,,
1280,2023,36・37号,36,37,1,2023-08-21,2023-08-07,inferred_cover_minus_14d,14,,
1281,2023,38号,38,38,0,2023-09-04,2023-08-21,inferred_cover_minus_14d,7,,
1282,2023,39号,39,39,0,2023-09-11,2023-08-28,inferred_cover_minus_14d,7,,
1283,2023,40号,40,40,0,2023-09-18,2023-09-04,inferred_cover_minus_14d,7,,
1284,2023,41号,41,41,0,2023-09-25,2023-09-11,inferred_cover_minus_14d,7,,
1285,2023,42号,42,42,0,2023-10-02,2023-09-18,inferred_cover_minus_14d,7,,
1286,2023,43号,43,43,0,2023-10-09,2023-09-25,inferred_cover_minus_14d,7,,
1287,2023,44号,44,44,0,2023-10-16,2023-10-02,inferred_cover_minus_14d,7,,
1288,2023,45号,45,45,0,2023-10-23,2023-10-09,inferred_cover_minus_14d,7,,
1289,2023,46号,46,46,0,2023-10-30,2023-10-16,inferred_cover_minus_14d,7,,
1290,2023,47号,47,47,0,2023-11-06,2023-10-23,inferred_cover_minus_14d,7,,
1291,2023,48号,48,48,0,2023-11-13,2023-10-30,inferred_cover_minus_14d,7,,
1292,2023,49号,49,49,0,2023-11-20,2023-11-06,inferred_cover_minus_14d,7,,
1293,2023,50号,50,50,0,2023-11-27,2023-11-13,inferred_cover_minus_14d,7,,
1294,2023,51号,51,51,0,2023-12-04,2023-11-20,inferred_cover_minus_14d,7,,
1295,2023,52号,52,52,0,2023-12-11,2023-11-27,inferred_cover_minus_14d,21,,
1296,2024,1号,1,1,0,2024-01-01,2023-12-18,inferred_cover_minus_14d,7,,
1297,2024,2号,2,2,0,2024-01-08,2023-12-25,inferred_cover_minus_14d,7,,
1298,2024,3号,3,3,0,2024-01-15,2024-01-01,inferred_cover_minus_14d,7,,
1299,2024,4・5号,4,5,1,2024-01-22,2024-01-08,inferred_cover_minus_14d,7,,
1300,2024,6・7号,6,7,1,2024-01-29,2024-01-15,inferred_cover_minus_14d,7,,
1301,2024,8号,8,8,0,2024-02-05,2024-01-22,inferred_cover_minus_14d,7,,
1302,2024,9号,9,9,0,2024-02-12,2024-01-29,inferred_cover_minus_14d,7,,
1303,2024,10号,10,10,0,2024-02-19,2024-02-05,inferred_cover_minus_14d,7,,
1304,2024,11号,11,11,0,2024-02-26,2024-02-12,inferred_cover_minus_14d,7,,
1305,2024,12号,12,12,0,2024-03-04,2024-02-19,inferred_cover_minus_14d,7,,
1306,2024,13号,13,13,0,2024-03-11,2024-02-26,inferred_cover_minus_14d,7,,
1307,2024,14号,14,14,0,2024-03-18,2024-03-04,inferred_cover_minus_14d,7,,
1308,2024,15号,15,15,0,2024-03-25,2024-03-11,inferred_cover_minus_14d,7,,
1309,2024,16号,16,16,0,2024-04-01,2024-03-18,inferred_cover_minus_14d,7,,
1310,2024,17号,17,17,0,2024-04-08,2024-03-25,inferred_cover_minus_14d,7,,
1311,2024,18号,18,18,0,2024-04-15,2024-04-01,inferred_cover_minus_14d,7,,
1312,2024,19号,19,19,0,2024-04-22,2024-04-08,inferred_cover_minus_14d,7,,
1313,2024,20号,20,20,0,2024-04-29,2024-04-15,inferred_cover_minus_14d,7,,
1314,2024,21号,21,21,0,2024-05-06,2024-04-22,inferred_cover_minus_14d,14,,
1315,2024,22・23号,22,23,1,2024-05-20,2024-05-06,inferred_cover_minus_14d,7,,
1316,2024,24号,24,24,0,2024-05-27,2024-05-13,inferred_cover_minus_14d,7,,
1317,2024,25号,25,25,0,2024-06-03,2024-05-20,inferred_cover_minus_14d,7,,
1318,2024,26号,26,26,0,2024-06-10,2024-05-27,inferred_cover_minus_14d,7,,
1319,2024,27号,27,27,0,2024-06-17,2024-06-03,inferred_cover_minus_14d,7,,
1320,2024,28号,28,28,0,2024-06-24,2024-06-10,inferred_cover_minus_14d,7,,
1321,2024,29号,29,29,0,2024-07-01,2024-06-17,inferred_cover_minus_14d,7,,
1322,2024,30号,30,30,0,2024-07-08,2024-06-24,inferred_cover_minus_14d,7,,
1323,2024,31号,31,31,0,2024-07-15,2024-07-01,inferred_cover_minus_14d,7,,
1324,2024,32号,32,32,0,2024-07-22,2024-07-08,inferred_cover_minus_14d,7,,
1325,2024,33号,33,33,0,2024-07-29,2024-07-15,inferred_cover_minus_14d,7,,
1326,2024,34号,34,34,0,2024-08-05,2024-07-22,inferred_cover_minus_14d,7,,
1327,2024,35号,35,35,0,2024-08-12,2024-07-29,inferred_cover_minus_14d,14,,
1328,2024,36・37号,36,37,1,2024-08-26,2024-08-12,inferred_cover_minus_14d,7,,
1329,2024,38号,38,38,0,2024-09-02,2024-08-19,inferred_cover_minus_14d,7,,
1330,2024,39号,39,39,0,2024-09-09,2024-08-26,inferred_cover_minus_14d,7,,
1331,2024,40号,40,40,0,2024-09-16,2024-09-02,inferred_cover_minus_14d,7,,
1332,2024,41号,41,41,0,2024-09-23,2024-09-09,inferred_cover_minus_14d,7,,
1333,2024,42号,42,42,0,2024-09-30,2024-09-16,inferred_cover_minus_14d,7,,
1334,2024,43号,43,43,0,2024-10-07,2024-09-23,inferred_cover_minus_14d,7,,
1335,2024,44号,44,44,0,2024-10-14,2024-09-30,inferred_cover_minus_14d,7,,
1336,2024,45号,45,45,0,2024-10-21,2024-10-07,observed_hunterpedia,7,401,2764
1337,2024,46号,46,46,0,2024-10-28,2024-10-14,observed_hunterpedia,7,402,2765
1338,2024,47号,47,47,0,2024-11-04,2024-10-21,observed_hunterpedia,7,403,2766
1339,2024,48号,48,48,0,2024-11-11,2024-10-28,observed_hunterpedia,7,404,2767
1340,2024,49号,49,49,0,2024-11-18,2024-11-04,observed_hunterpedia,7,405,2768
1341,2024,50号,50,50,0,2024-11-25,2024-11-11,observed_hunterpedia,7,406,2769
1342,2024,51号,51,51,0,2024-12-02,2024-11-18,observed_hunterpedia,7,407,2770
1343,2024,52号,52,52,0,2024-12-09,2024-11-25,observed_hunterpedia,7,408,2771
1344,2025,1号,1,1,0,2025-01-01,2024-12-02,observed_hunterpedia,7,409,2772
1345,2025,2号,2,2,0,2025-01-08,2024-12-09,observed_hunterpedia,23,410,2773
1346,2025,3号,3,3,0,2025-01-15,2025-01-01,inferred_cover_minus_14d,7,,
1347,2025,4・5号,4,5,1,2025-01-22,2025-01-08,inferred_cover_minus_14d,7,,
1348,2025,6・7号,6,7,1,2025-01-29,2025-01-15,inferred_cover_minus_14d,5,,
1349,2025,8号,8,8,0,2025-02-03,2025-01-20,inferred_cover_minus_14d,7,,
1350,2025,9号,9,9,0,2025-02-10,2025-01-27,inferred_cover_minus_14d,7,,
1351,2025,10号,10,10,0,2025-02-17,2025-02-03,inferred_cover_minus_14d,7,,
1352,2025,11号,11,11,0,2025-02-24,2025-02-10,inferred_cover_minus_14d,7,,
1353,2025,12号,12,12,0,2025-03-03,2025-02-17,inferred_cover_minus_14d,7,,
1354,2025,13号,13,13,0,2025-03-10,2025-02-24,inferred_cover_minus_14d,7,,
1355,2025,14号,14,14,0,2025-03-17,2025-03-03,inferred_cover_minus_14d,7,,
1356,2025,15号,15,15,0,2025-03-24,2025-03-10,inferred_cover_minus_14d,7,,
1357,2025,16号,16,16,0,2025-03-31,2025-03-17,inferred_cover_minus_14d,7,,
1358,2025,17号,17,17,0,2025-04-07,2025-03-24,inferred_cover_minus_14d,7,,
1359,2025,18号,18,18,0,2025-04-14,2025-03-31,inferred_cover_minus_14d,7,,
1360,2025,19号,19,19,0,2025-04-21,2025-04-07,inferred_cover_minus_14d,7,,
1361,2025,20号,20,20,0,2025-04-28,2025-04-14,inferred_cover_minus_14d,7,,
1362,2025,21号,21,21,0,2025-05-05,2025-04-21,inferred_cover_minus_14d,7,,
1363,2025,22・23号,22,23,1,2025-05-12,2025-04-28,inferred_cover_minus_14d,14,,
1364,2025,24号,24,24,0,2025-05-26,2025-05-12,inferred_cover_minus_14d,7,,
1365,2025,25号,25,25,0,2025-06-02,2025-05-19,inferred_cover_minus_14d,7,,
1366,2025,26号,26,26,0,2025-06-09,2025-05-26,inferred_cover_minus_14d,7,,
1367,2025,27号,27,27,0,2025-06-16,2025-06-02,inferred_cover_minus_14d,7,,
1368,2025,28号,28,28,0,2025-06-23,2025-06-09,inferred_cover_minus_14d,7,,
1369,2025,29号,29,29,0,2025-06-30,2025-06-16,inferred_cover_minus_14d,7,,
1370,2025,30号,30,30,0,2025-07-07,2025-06-23,inferred_cover_minus_14d,7,,
1371,2025,31号,31,31,0,2025-07-14,2025-06-30,inferred_cover_minus_14d,7,,
1372,2025,32号,32,32,0,2025-07-21,2025-07-07,inferred_cover_minus_14d,7,,
1373,2025,33号,33,33,0,2025-07-28,2025-07-14,inferred_cover_minus_14d,7,,
1374,2025,34号,34,34,0,2025-08-04,2025-07-21,inferred_cover_minus_14d,7,,
1375,2025,35号,35,35,0,2025-08-11,2025-07-28,inferred_cover_minus_14d,7,,
1376,2025,36・37号,36,37,1,2025-08-18,2025-08-04,inferred_cover_minus_14d,14,,
1377,2025,38号,38,38,0,2025-09-01,2025-08-18,inferred_cover_minus_14d,7,,
1378,2025,39号,39,39,0,2025-09-08,2025-08-25,inferred_cover_minus_14d,7,,
1379,2025,40号,40,40,0,2025-09-15,2025-09-01,inferred_cover_minus_14d,7,,
1380,2025,41号,41,41,0,2025-09-22,2025-09-08,inferred_cover_minus_14d,7,,
1381,2025,42号,42,42,0,2025-09-29,2025-09-15,inferred_cover_minus_14d,7,,
1382,2025,43号,43,43,0,2025-10-06,2025-09-22,inferred_cover_minus_14d,7,,
1383,2025,44号,44,44,0,2025-10-13,2025-09-29,inferred_cover_minus_14d,7,,
1384,2025,45号,45,45,0,2025-10-20,2025-10-06,inferred_cover_minus_14d,7,,
1385,2025,46号,46,46,0,2025-10-27,2025-10-13,inferred_cover_minus_14d,7,,
1386,2025,47号,47,47,0,2025-11-03,2025-10-20,inferred_cover_minus_14d,7,,
1387,2025,48号,48,48,0,2025-11-10,2025-10-27,inferred_cover_minus_14d,7,,
1388,2025,49号,49,49,0,2025-11-17,2025-11-03,inferred_cover_minus_14d,7,,
1389,2025,50号,50,50,0,2025-11-24,2025-11-10,inferred_cover_minus_14d,7,,
1390,2025,51号,51,51,0,2025-12-01,2025-11-17,inferred_cover_minus_14d,7,,
1391,2025,52号,52,52,0,2025-12-08,2025-11-24,inferred_cover_minus_14d,24,,
1392,2026,1号,1,1,0,2026-01-01,2025-12-18,inferred_cover_minus_14d,7,,
1393,2026,2号,2,2,0,2026-01-08,2025-12-25,inferred_cover_minus_14d,7,,
1394,2026,3号,3,3,0,2026-01-15,2026-01-01,inferred_cover_minus_14d,7,,
1395,2026,4・5号,4,5,1,2026-01-22,2026-01-08,inferred_cover_minus_14d,7,,
1396,2026,6・7号,6,7,1,2026-01-29,2026-01-15,inferred_cover_minus_14d,4,,
1397,2026,8号,8,8,0,2026-02-02,2026-01-19,inferred_cover_minus_14d,7,,
1398,2026,9号,9,9,0,2026-02-09,2026-01-26,inferred_cover_minus_14d,7,,
1399,2026,10号,10,10,0,2026-02-16,2026-02-02,inferred_cover_minus_14d,7,,
1400,2026,11号,11,11,0,2026-02-23,2026-02-09,inferred_cover_minus_14d,7,,
1401,2026,12号,12,12,0,2026-03-02,2026-02-16,inferred_cover_minus_14d,7,,
1402,2026,13号,13,13,0,2026-03-09,2026-02-23,inferred_cover_minus_14d,7,,
1403,2026,14号,14,14,0,2026-03-16,2026-03-02,inferred_cover_minus_14d,7,,
1404,2026,15号,15,15,0,2026-03-23,2026-03-09,inferred_cover_minus_14d,7,,
1405,2026,16号,16,16,0,2026-03-30,2026-03-16,inferred_cover_minus_14d,7,,
1406,2026,17号,17,17,0,2026-04-06,2026-03-23,inferred_cover_minus_14d,7,,
1407,2026,18号,18,18,0,2026-04-13,2026-03-30,inferred_cover_minus_14d,7,,
1408,2026,19号,19,19,0,2026-04-20,2026-04-06,inferred_cover_minus_14d,7,,
1409,2026,20号,20,20,0,2026-04-27,2026-04-13,inferred_cover_minus_14d,7,,
1410,2026,21号,21,21,0,2026-05-04,2026-04-20,inferred_cover_minus_14d,7,,
1411,2026,22・23号,22,23,1,2026-05-11,2026-04-27,inferred_cover_minus_14d,14,,
1412,2026,24号,24,24,0,2026-05-25,2026-05-11,inferred_cover_minus_14d,7,,
1413,2026,25号,25,25,0,2026-06-01,2026-05-18,inferred_cover_minus_14d,7,,
1414,2026,26号,26,26,0,2026-06-08,2026-05-25,inferred_cover_minus_14d,7,,
1415,2026,27号,27,27,0,2026-06-15,2026-06-01,inferred_cover_minus_14d,7,,
1416,2026,28号,28,28,0,2026-06-22,2026-06-08,inferred_cover_minus_14d,7,,
1417,2026,29号,29,29,0,2026-06-29,2026-06-15,inferred_cover_minus_14d,7,,
1418,2026,30号,30,30,0,2026-07-06,2026-06-22,inferred_cover_minus_14d,7,,
1419,2026,31号,31,31,0,2026-07-13,2026-06-29,observed_hunterpedia,7,411,2847
1420,2026,32号,32,32,0,2026-07-20,2026-07-06,observed_hunterpedia,7,412,2848
1421,2026,33号,33,33,0,2026-07-27,2026-07-13,observed_hunterpedia,7,413,2849
1422,2026,34号,34,34,0,2026-08-03,2026-07-20,observed_hunterpedia,7,414,2850
1423,2026,35号,35,35,0,2026-08-10,2026-07-27,observed_hunterpedia,7,415,2851
1424,2026,36号,36,36,0,2026-08-17,2026-08-03,observed_hunterpedia,7,416,2852
1425,2026,37・38号,37,38,1,2026-08-24,2026-08-10,observed_hunterpedia,14,417,2853
1426,2026,39号,39,39,0,2026-09-07,2026-08-24,observed_hunterpedia,,418,2854
